[
{"action":{"redirect":{"transform":{"queryTransform":{"removeParams":["ad_config_id"]}}},"type":"redirect"},"condition":{"initiatorDomains":["9now.com.au","mech-plus.com","threenow.co.nz"],"resourceTypes":["xmlhttprequest"],"urlFilter":"||edge.api.brightcove.com^"},"id":1,"priority":3},
{"action":{"redirect":{"transform":{"queryTransform":{"removeParams":["asc_campaign","asc_refurl","asc_source"]}}},"type":"redirect"},"condition":{"initiatorDomains":["aboutamazon.com","amzn.to"],"resourceTypes":["main_frame","sub_frame","xmlhttprequest"]},"id":2,"priority":2},
{"action":{"redirect":{"transform":{"queryTransform":{"removeParams":["cxt","ref_src","ref_url","refsrc","s"]}}},"type":"redirect"},"condition":{"initiatorDomains":["twitter.com","x.com"],"resourceTypes":["main_frame","sub_frame","xmlhttprequest"]},"id":3,"priority":2},
{"action":{"redirect":{"transform":{"queryTransform":{"removeParams":["igshid"]}}},"type":"redirect"},"condition":{"initiatorDomains":["instagram.com","threads.net"],"resourceTypes":["main_frame","sub_frame","xmlhttprequest"]},"id":4,"priority":2},
{"action":{"redirect":{"transform":{"queryTransform":{"removeParams":["utm_campaign","utm_source"]}}},"type":"redirect"},"condition":{"requestDomains":["faradars.org","iranicard.ir"],"resourceTypes":["main_frame"]},"id":5,"priority":2},
{"action":{"redirect":{"transform":{"query":""}},"type":"redirect"},"condition":{"initiatorDomains":["aternos.org"],"resourceTypes":["main_frame","sub_frame","xmlhttprequest"],"urlFilter":"||fastlane.rubiconproject.com^"},"id":6,"priority":3},
{"action":{"redirect":{"transform":{"queryTransform":{"removeParams":["r"]}}},"type":"redirect"},"condition":{"initiatorDomains":["aternos.org"],"resourceTypes":["main_frame","sub_frame","xmlhttprequest"],"urlFilter":"||htlb.casalemedia.com^"},"id":7,"priority":3},
{"action":{"redirect":{"transform":{"queryTransform":{"removeParams":["ad_config_id"]}}},"type":"redirect"},"condition":{"initiatorDomains":["player.stv.tv"],"resourceTypes":["main_frame","sub_frame","xmlhttprequest"],"urlFilter":"||brightcove.com^"},"id":8,"priority":3},
{"action":{"redirect":{"transform":{"queryTransform":{"removeParams":["caid"]}}},"type":"redirect"},"condition":{"initiatorDomains":["channel4.com"],"resourceTypes":["script"],"urlFilter":"||v.fwmrm.net/ad/*html5_live^"},"id":9,"priority":3},
{"action":{"redirect":{"transform":{"queryTransform":{"removeParams":["caid"]}}},"type":"redirect"},"condition":{"initiatorDomains":["nba.com"],"resourceTypes":["xmlhttprequest"],"urlFilter":"||clips-manifests-aka.warnermediacdn.com^"},"id":10,"priority":3},
{"action":{"redirect":{"transform":{"queryTransform":{"removeParams":["prof"]}}},"type":"redirect"},"condition":{"initiatorDomains":["amc.com"],"resourceTypes":["xmlhttprequest"],"urlFilter":"||ssaimanifest.prod.boltdns.net^"},"id":11,"priority":3},
{"action":{"redirect":{"transform":{"queryTransform":{"removeParams":["ad_config_id"]}}},"type":"redirect"},"condition":{"initiatorDomains":["tvnz.co.nz"],"resourceTypes":["xmlhttprequest"],"urlFilter":"||brightcove.com/playback/*/*?ad_config_id"},"id":12,"priority":3},
{"action":{"redirect":{"transform":{"queryTransform":{"removeParams":["ad_config_id"]}}},"type":"redirect"},"condition":{"initiatorDomains":["tvnz.co.nz"],"resourceTypes":["xmlhttprequest"],"urlFilter":"||brightcovecdn.com/playback/*/*?ad_config_id"},"id":13,"priority":3},
{"action":{"redirect":{"transform":{"queryTransform":{"removeParams":["ad_config_id"]}}},"type":"redirect"},"condition":{"initiatorDomains":["telequebec.tv"],"resourceTypes":["xmlhttprequest"]},"id":14,"priority":2},
{"action":{"redirect":{"transform":{"queryTransform":{"removeParams":["caid"]}}},"type":"redirect"},"condition":{"initiatorDomains":["max.com"],"resourceTypes":["xmlhttprequest"],"urlFilter":"&caid="},"id":15,"priority":3},
{"action":{"redirect":{"transform":{"queryTransform":{"removeParams":["caid"]}}},"type":"redirect"},"condition":{"initiatorDomains":["cnn.com"],"resourceTypes":["xmlhttprequest"],"urlFilter":"||warnermediacdn.com/csm*&caid="},"id":16,"priority":3},
{"action":{"redirect":{"transform":{"queryTransform":{"removeParams":["afid"]}}},"type":"redirect"},"condition":{"initiatorDomains":["cnn.com"],"resourceTypes":["xmlhttprequest"],"urlFilter":"||warnermediacdn.com/csm*afid="},"id":17,"priority":3},
{"action":{"redirect":{"transform":{"queryTransform":{"removeParams":["app_csid"]}}},"type":"redirect"},"condition":{"initiatorDomains":["cnn.com"],"resourceTypes":["xmlhttprequest"],"urlFilter":"||warnermediacdn.com/csm*app_csid="},"id":18,"priority":3},
{"action":{"redirect":{"transform":{"queryTransform":{"removeParams":["conf_csid"]}}},"type":"redirect"},"condition":{"initiatorDomains":["cnn.com"],"resourceTypes":["xmlhttprequest"],"urlFilter":"||warnermediacdn.com/csm*conf_csid="},"id":19,"priority":3},
{"action":{"redirect":{"transform":{"queryTransform":{"removeParams":["prof"]}}},"type":"redirect"},"condition":{"initiatorDomains":["cnn.com"],"resourceTypes":["xmlhttprequest"],"urlFilter":"||warnermediacdn.com/csm*prof="},"id":20,"priority":3},
{"action":{"redirect":{"transform":{"query":""}},"type":"redirect"},"condition":{"domainType":"thirdParty","initiatorDomains":["aws.amazon.com"],"resourceTypes":["xmlhttprequest"],"urlFilter":"||amazonwebservicesinc.tt.omtrdc.net/m2/amazonwebservicesinc/ubox/raw"},"id":21,"priority":3},
{"action":{"redirect":{"transform":{"queryTransform":{"removeParams":["visitor_id"]}}},"type":"redirect"},"condition":{"domainType":"thirdParty","initiatorDomains":["stackoverflow.jobs"],"resourceTypes":["xmlhttprequest"],"urlFilter":"||jobbio.com/channels/"},"id":22,"priority":3},
{"action":{"redirect":{"transform":{"queryTransform":{"removeParams":["csid","pcaid"]}}},"type":"redirect"},"condition":{"domainType":"thirdParty","initiatorDomains":["nba.com"],"resourceTypes":["xmlhttprequest"],"urlFilter":"||akamaized.net/*.m3u8"},"id":23,"priority":3},
{"action":{"redirect":{"transform":{"queryTransform":{"removeParams":["ad.prof"]}}},"type":"redirect"},"condition":{"domainType":"thirdParty","initiatorDomains":["foxsports.com"],"resourceTypes":["xmlhttprequest"],"urlFilter":"://foxvideo-sports"},"id":24,"priority":3},
{"action":{"redirect":{"transform":{"queryTransform":{"removeParams":["ssaiProfile"]}}},"type":"redirect"},"condition":{"domainType":"thirdParty","initiatorDomains":["cnn.com"],"resourceTypes":["xmlhttprequest"],"urlFilter":"||ngtv.io/v2/media/live"},"id":25,"priority":3},
{"action":{"redirect":{"transform":{"queryTransform":{"removeParams":["ad_config_id"]}}},"type":"redirect"},"condition":{"domainType":"thirdParty","initiatorDomains":["tvbanywherena.com"],"resourceTypes":["xmlhttprequest"],"urlFilter":"||brightcove.com^"},"id":26,"priority":3},
{"action":{"redirect":{"transform":{"queryTransform":{"removeParams":["wpopageid"]}}},"type":"redirect"},"condition":{"domainType":"thirdParty","initiatorDomains":["bing.com"],"resourceTypes":["xmlhttprequest"],"urlFilter":"||assets.msn.com/service/news/feed/pages/binghp?"},"id":27,"priority":3},
{"action":{"redirect":{"transform":{"queryTransform":{"removeParams":["caid"]}}},"type":"redirect"},"condition":{"domainType":"thirdParty","initiatorDomains":["rtlplay.be"],"resourceTypes":["xmlhttprequest"],"urlFilter":"||v.fwmrm.net/ad/g/"},"id":28,"priority":3},
{"action":{"redirect":{"transform":{"queryTransform":{"removeParams":["traffic_source"]}}},"type":"redirect"},"condition":{"resourceTypes":["main_frame","sub_frame","xmlhttprequest"],"urlFilter":"||adweek.com^"},"id":29,"priority":2},
{"action":{"redirect":{"transform":{"queryTransform":{"removeParams":["id"]}}},"type":"redirect"},"condition":{"resourceTypes":["main_frame","sub_frame","xmlhttprequest"],"urlFilter":"||sextgem.com^"},"id":30,"priority":2},
{"action":{"redirect":{"transform":{"queryTransform":{"removeParams":["url"]}}},"type":"redirect"},"condition":{"resourceTypes":["main_frame","sub_frame","xmlhttprequest"],"urlFilter":"||adsninja.ca^"},"id":31,"priority":2},
{"action":{"redirect":{"transform":{"queryTransform":{"removeParams":["src"]}}},"type":"redirect"},"condition":{"resourceTypes":["main_frame","sub_frame","xmlhttprequest"],"urlFilter":"||wuzhuiso.com^"},"id":32,"priority":2},
{"action":{"redirect":{"transform":{"queryTransform":{"removeParams":["hybrid_search_extra","hybrid_search_source"]}}},"type":"redirect"},"condition":{"resourceTypes":["main_frame","sub_frame","xmlhttprequest"],"urlFilter":"||zhihu.com^"},"id":33,"priority":2},
{"action":{"redirect":{"transform":{"queryTransform":{"removeParams":["referrer"]}}},"type":"redirect"},"condition":{"resourceTypes":["main_frame","sub_frame","xmlhttprequest"],"urlFilter":"||play.google.com/store/apps/*referrer"},"id":34,"priority":2},
{"action":{"redirect":{"transform":{"queryTransform":{"removeParams":["referrer"]}}},"type":"redirect"},"condition":{"resourceTypes":["main_frame","sub_frame","xmlhttprequest"],"urlFilter":"||apps.apple.com/*/app/*referrer"},"id":35,"priority":2},
{"action":{"redirect":{"transform":{"query":""}},"type":"redirect"},"condition":{"excludedInitiatorDomains":["a-z-animals.com","mediaite.com"],"resourceTypes":["main_frame","sub_frame","xmlhttprequest"],"urlFilter":"||adthrive.com^"},"id":36,"priority":2},
{"action":{"redirect":{"transform":{"queryTransform":{"removeParams":["__hsfp","__hssc","__hstc","_bhlid","_branch_match_id","_branch_referrer","_gl","_hsenc","_kx","_openstat","adjust_adgroup","adjust_campaign","adjust_creative","adjust_tracker","adjust_tracker_limit","at_campaign","at_campaign_type","at_creation","at_emailtype","at_link","at_link_id","at_link_origin","at_link_type","at_medium","at_ptr_name","at_recipient_id","at_recipient_list","at_send_date","bbeml","bsft_aaid","bsft_clkid","bsft_eid","bsft_ek","bsft_mid","bsft_uid","cx_click","cx_recsOrder","cx_recsWidget","dclid","et_rid","fb_action_ids","fb_action_types","fb_comment_id","fb_ref","fb_source","fbclid","gad_source","gbraid","gclid","gclsrc","gps_adid","guce_referrer","guce_referrer_sig","hsCtaTracking","hsa_acc","hsa_ad","hsa_cam","hsa_grp","hsa_kw","hsa_la","hsa_mt","hsa_net","hsa_ol","hsa_src","hsa_tgt","hsa_ver","ir_adid","ir_campaignid","ir_partnerid","mc_eid","ml_subscriber","ml_subscriber_hash","msclkid","mtm_campaign","mtm_cid","mtm_content","mtm_group","mtm_keyword","mtm_medium","mtm_placement","mtm_source","oft_c","oft_ck","oft_d","oft_id","oft_ids","oft_k","oft_lk","oft_sk","oly_anon_id","pk_campaign","pk_cid","pk_medium","pk_source","rb_clickid","sc_customer","sc_eh","sc_uid","sms_click","sms_source","sms_uph","srsltid","ss_email_id","ttclid","twclid","unicorn_click_id","vero_conv","vero_id","vgo_ee","wbraid","wickedid","yclid","ymclid","ysclid"]}}},"type":"redirect"},"condition":{"resourceTypes":["main_frame","sub_frame","xmlhttprequest"]},"id":37},
{"action":{"redirect":{"transform":{"queryTransform":{"removeParams":["pp"]}}},"type":"redirect"},"condition":{"resourceTypes":["main_frame","sub_frame","xmlhttprequest"],"urlFilter":"||youtube.com^"},"id":38,"priority":2},
{"action":{"redirect":{"transform":{"queryTransform":{"removeParams":["si"]}}},"type":"redirect"},"condition":{"resourceTypes":["main_frame","sub_frame","xmlhttprequest"],"urlFilter":"||youtu.be^"},"id":39,"priority":2},
{"action":{"redirect":{"transform":{"queryTransform":{"removeParams":["_trkparms","amdata","campid","mkcid","mkevt","mkrid","ssspo","sssrc","ssuid"]}}},"type":"redirect"},"condition":{"resourceTypes":["main_frame","sub_frame","xmlhttprequest"],"urlFilter":"||www.ebay."},"id":40,"priority":2},
{"action":{"redirect":{"transform":{"queryTransform":{"removeParams":["ig_rid","igsh"]}}},"type":"redirect"},"condition":{"resourceTypes":["main_frame","sub_frame","xmlhttprequest"],"urlFilter":"||instagram.com^"},"id":41,"priority":2},
{"action":{"redirect":{"transform":{"queryTransform":{"removeParams":["referral","si"]}}},"type":"redirect"},"condition":{"resourceTypes":["main_frame","sub_frame","xmlhttprequest"],"urlFilter":"||open.spotify.com^"},"id":42,"priority":2},
{"action":{"redirect":{"transform":{"queryTransform":{"removeParams":["_rt","device_id","ftag","ko_exchange","network_id","site_id"]}}},"type":"redirect"},"condition":{"resourceTypes":["main_frame","sub_frame","xmlhttprequest"],"urlFilter":"||control.kochava.com^"},"id":43,"priority":2},
{"action":{"redirect":{"transform":{"queryTransform":{"removeParams":["eid0","eit0","media","prnd","rnd","sid","usi","widgetId"]}}},"type":"redirect"},"condition":{"resourceTypes":["main_frame","sub_frame","xmlhttprequest"],"urlFilter":"||api.cxense.com/public/widget/data^"},"id":44,"priority":2},
{"action":{"redirect":{"transform":{"queryTransform":{"removeParams":["/_ui/shared/common/js/analytics/with-intersection-track.js"]}}},"type":"redirect"},"condition":{"resourceTypes":["script"],"urlFilter":"||hktvmall.com/yuicombo?"},"id":45,"priority":2},
{"action":{"redirect":{"transform":{"query":""}},"type":"redirect"},"condition":{"resourceTypes":["xmlhttprequest"],"urlFilter":"||go.xlirdr.com^"},"id":46,"priority":2},
{"action":{"redirect":{"transform":{"queryTransform":{"removeParams":["adConfig"]}}},"type":"redirect"},"condition":{"resourceTypes":["xmlhttprequest"],"urlFilter":"||cxm-api.fifa.com/fifaplusweb/api/video/"},"id":47,"priority":2},
{"action":{"redirect":{"transform":{"queryTransform":{"removeParams":["ssaiProfile"]}}},"type":"redirect"},"condition":{"excludedInitiatorDomains":["cnn.com"],"resourceTypes":["xmlhttprequest"],"urlFilter":"||medium.ngtv.io/v2/media/*&ssaiprofile="},"id":48,"priority":2},
{"action":{"redirect":{"transform":{"queryTransform":{"removeParams":["include_sponsored"]}}},"type":"redirect"},"condition":{"resourceTypes":["xmlhttprequest"],"urlFilter":"||redsky.target.com^"},"id":49,"priority":2},
{"action":{"redirect":{"transform":{"queryTransform":{"removeParams":["view"]}}},"type":"redirect"},"condition":{"resourceTypes":["main_frame","other"],"urlFilter":"||hentai-party.com/*?view="},"id":50,"priority":2},
{"action":{"redirect":{"transform":{"queryTransform":{"removeParams":["code"]}}},"type":"redirect"},"condition":{"resourceTypes":["main_frame","other"],"urlFilter":"||hentaicomics.pro/*?code="},"id":51,"priority":2},
{"action":{"redirect":{"transform":{"queryTransform":{"removeParams":["view"]}}},"type":"redirect"},"condition":{"resourceTypes":["main_frame","other"],"urlFilter":"||xxx-comics.pro/*?view="},"id":52,"priority":2},
{"action":{"redirect":{"transform":{"queryTransform":{"removeParams":["utm_campaign","utm_content","utm_source"]}}},"type":"redirect"},"condition":{"resourceTypes":["main_frame"],"urlFilter":"||cxchief.com^"},"id":53,"priority":2},
{"action":{"redirect":{"transform":{"queryTransform":{"removeParams":["correlation_id","ref","ref_campaign","ref_source","utm_content"]}}},"type":"redirect"},"condition":{"resourceTypes":["main_frame"],"urlFilter":"||reddit.com^"},"id":54,"priority":2},
{"action":{"redirect":{"transform":{"queryTransform":{"removeParams":["s_cid"]}}},"type":"redirect"},"condition":{"resourceTypes":["main_frame"]},"id":55},
{"action":{"redirect":{"transform":{"queryTransform":{"removeParams":["cvid","ei","ocid","pc","vid"]}}},"type":"redirect"},"condition":{"resourceTypes":["main_frame"],"urlFilter":"||msn.com^"},"id":56,"priority":2},
{"action":{"redirect":{"transform":{"queryTransform":{"removeParams":["http_referer"]}}},"type":"redirect"},"condition":{"domainType":"firstParty","resourceTypes":["xmlhttprequest"],"urlFilter":"||biletomat.pl/en/api/process_order_lite^"},"id":57,"priority":2},
{"action":{"redirect":{"transform":{"queryTransform":{"removeParams":["include[PRODUCT_AD]"]}}},"type":"redirect"},"condition":{"domainType":"firstParty","resourceTypes":["xmlhttprequest"],"urlFilter":"||sainsburys.co.uk/groceries-api/"},"id":58,"priority":2},
{"action":{"redirect":{"transform":{"queryTransform":{"removeParams":["cid","pid"]}}},"type":"redirect"},"condition":{"domainType":"thirdParty","resourceTypes":["main_frame","sub_frame","xmlhttprequest"],"urlFilter":"||connatix.com^"},"id":59,"priority":2}
]
