[
{"action":{"type":"block"},"condition":{"urlFilter":".lv/ads/"},"id":1,"priority":10},
{"action":{"type":"block"},"condition":{"urlFilter":".lv/banners/"},"id":2,"priority":10},
{"action":{"type":"block"},"condition":{"urlFilter":".lv/img/banners/"},"id":3,"priority":10},
{"action":{"type":"block"},"condition":{"excludedInitiatorDomains":["optibet.com","optibet.ee","optibet.lt","optibet.lu","optibet.lv"],"urlFilter":"/optibet.jpg|"},"id":4,"priority":10},
{"action":{"type":"block"},"condition":{"urlFilter":"/wp-content/srennab^"},"id":5,"priority":10},
{"action":{"type":"block"},"condition":{"urlFilter":"||1188.lv^*/banners/"},"id":6,"priority":10},
{"action":{"type":"block"},"condition":{"urlFilter":"||1a.lv/images/creamcredit"},"id":7,"priority":10},
{"action":{"type":"block"},"condition":{"urlFilter":"||1w.lv/banner_"},"id":8,"priority":10},
{"action":{"type":"block"},"condition":{"urlFilter":"||220.lv/rek_html/"},"id":9,"priority":10},
{"action":{"type":"block"},"condition":{"urlFilter":"||atlaides.delfi.lv/export.php"},"id":10,"priority":10},
{"action":{"type":"block"},"condition":{"urlFilter":"||balticlivecam.com/images/acb_logo.png"},"id":11,"priority":10},
{"action":{"type":"block"},"condition":{"urlFilter":"||bdaugava.lv/media/uploads/banners/"},"id":12,"priority":10},
{"action":{"type":"block"},"condition":{"urlFilter":"||bigshop.lv/baners/"},"id":13,"priority":10},
{"action":{"type":"block"},"condition":{"urlFilter":"||bilesuserviss.lv/upload/banner/"},"id":14,"priority":10},
{"action":{"type":"block"},"condition":{"urlFilter":"||bm.lv/images/*.swf"},"id":15,"priority":10},
{"action":{"type":"block"},"condition":{"urlFilter":"||bm.lv^*_banner.swf"},"id":16,"priority":10},
{"action":{"type":"block"},"condition":{"urlFilter":"||cdn.balticlivecam.com/flowplayer/ad_clean.css"},"id":17,"priority":10},
{"action":{"type":"block"},"condition":{"urlFilter":"||cenuklubs.lv/assets/images/baneri/"},"id":18,"priority":10},
{"action":{"type":"block"},"condition":{"urlFilter":"||cenuklubs.lv/assets/media/"},"id":19,"priority":10},
{"action":{"type":"block"},"condition":{"urlFilter":"||delfi.lv/ap/edu/g/"},"id":20,"priority":10},
{"action":{"type":"block"},"condition":{"urlFilter":"||delfi.lv/d/h2011/pardotnet/"},"id":21,"priority":10},
{"action":{"type":"block"},"condition":{"urlFilter":"||delfi.lv/d/infoblock/"},"id":22,"priority":10},
{"action":{"type":"block"},"condition":{"urlFilter":"||delfi.lv/fp/i/city24"},"id":23,"priority":10},
{"action":{"type":"block"},"condition":{"urlFilter":"||delfi.lv/jo/g/"},"id":24,"priority":10},
{"action":{"type":"block"},"condition":{"urlFilter":"||delfi.lv/misc/xml_infoblocks/"},"id":25,"priority":10},
{"action":{"type":"block"},"condition":{"urlFilter":"||delfi.lv/tr/g/"},"id":26,"priority":10},
{"action":{"type":"block"},"condition":{"urlFilter":"||delfi.lv/ve/g/"},"id":27,"priority":10},
{"action":{"type":"block"},"condition":{"urlFilter":"||delphi.lv/city24/"},"id":28,"priority":10},
{"action":{"type":"block"},"condition":{"urlFilter":"||delphi.lv/news-blocks/external/inchlv"},"id":29,"priority":10},
{"action":{"type":"block"},"condition":{"urlFilter":"||discover.lv/userfiles/promofotos/"},"id":30,"priority":10},
{"action":{"type":"block"},"condition":{"urlFilter":"||e-pica.lv/mce/uploads/banners/"},"id":31,"priority":10},
{"action":{"type":"block"},"condition":{"urlFilter":"||ehalle.lv/grupu_bildes/"},"id":32,"priority":10},
{"action":{"type":"block"},"condition":{"urlFilter":"||elittesport.lv/pictures/banneri_gar_malam/"},"id":33,"priority":10},
{"action":{"type":"block"},"condition":{"urlFilter":"||elittesport.lv/pictures/tirgoshanas/"},"id":34,"priority":10},
{"action":{"type":"block"},"condition":{"urlFilter":"||eveselibaspunkts.lv/images/banners/"},"id":35,"priority":10},
{"action":{"type":"block"},"condition":{"urlFilter":"||fotoreceptes.lv/banneris"},"id":36,"priority":10},
{"action":{"type":"block"},"condition":{"urlFilter":"||fotoreceptes.lv/iespeja.gif"},"id":37,"priority":10},
{"action":{"type":"block"},"condition":{"urlFilter":"||gudriem.lv/app_themes/default/banners/"},"id":38,"priority":10},
{"action":{"type":"block"},"condition":{"urlFilter":"||gudrinieks.lv/res/banner/"},"id":39,"priority":10},
{"action":{"type":"block"},"condition":{"urlFilter":"||gudrinieks.lv/res/js/sb_banner.js"},"id":40,"priority":10},
{"action":{"type":"block"},"condition":{"urlFilter":"||hop.lv^*/banneri/"},"id":41,"priority":10},
{"action":{"type":"block"},"condition":{"urlFilter":"||iaptieka.lv/atteli/apmaina/"},"id":42,"priority":10},
{"action":{"type":"block"},"condition":{"urlFilter":"||intim.lv/res/banners/"},"id":43,"priority":10},
{"action":{"type":"block"},"condition":{"urlFilter":"||jauns.lv/ad_list/"},"id":44,"priority":10},
{"action":{"type":"block"},"condition":{"urlFilter":"||kurpirkt.lv/ba/"},"id":45,"priority":10},
{"action":{"type":"block"},"condition":{"urlFilter":"||kurpirkt.lv/img/ieskaties2.png"},"id":46,"priority":10},
{"action":{"type":"block"},"condition":{"urlFilter":"||latauto.tvnet.lv/infoblock"},"id":47,"priority":10},
{"action":{"type":"block"},"condition":{"urlFilter":"||leta.lv/img/*/info_banneris_"},"id":48,"priority":10},
{"action":{"type":"block"},"condition":{"urlFilter":"||leta.lv^*/preview_banner"},"id":49,"priority":10},
{"action":{"type":"block"},"condition":{"urlFilter":"||lu.lv/uploads/tx_macinabanners/"},"id":50,"priority":10},
{"action":{"type":"block"},"condition":{"urlFilter":"||lv.lv/bildes/reklaama.png"},"id":51,"priority":10},
{"action":{"type":"block"},"condition":{"urlFilter":"||manstv.lv/js/bannerhandlerv2.js"},"id":52,"priority":10},
{"action":{"type":"block"},"condition":{"urlFilter":"||miljons.com/bnr/"},"id":53,"priority":10},
{"action":{"type":"block"},"condition":{"urlFilter":"||nekrize.lv/nkr300x250_"},"id":54,"priority":10},
{"action":{"type":"block"},"condition":{"urlFilter":"||notepad.lv/adfoter2.png"},"id":55,"priority":10},
{"action":{"type":"block"},"condition":{"urlFilter":"||notepad.lv/images/partneri/"},"id":56,"priority":10},
{"action":{"type":"block"},"condition":{"urlFilter":"||notepad.lv/partneri/"},"id":57,"priority":10},
{"action":{"type":"block"},"condition":{"urlFilter":"||nra.lv/_rekl/"},"id":58,"priority":10},
{"action":{"type":"block"},"condition":{"urlFilter":"||nra.lv/spec/"},"id":59,"priority":10},
{"action":{"type":"block"},"condition":{"urlFilter":"||oga.lv/iebildes/"},"id":60,"priority":10},
{"action":{"type":"block"},"condition":{"urlFilter":"||petits.lv/pics/banners/"},"id":61,"priority":10},
{"action":{"type":"block"},"condition":{"urlFilter":"||player.tvnet.lv/o/*.mp4"},"id":62,"priority":10},
{"action":{"type":"block"},"condition":{"urlFilter":"||player.tvnet.lv^*/stats.json"},"id":63,"priority":10},
{"action":{"type":"block"},"condition":{"urlFilter":"||pv2013.cvk.lv/lmt.jpg"},"id":64,"priority":10},
{"action":{"type":"block"},"condition":{"urlFilter":"||receptes.lv/images/design/davana_tev.png"},"id":65,"priority":10},
{"action":{"type":"block"},"condition":{"urlFilter":"||reklama.lv/images/picads/users/"},"id":66,"priority":10},
{"action":{"type":"block"},"condition":{"urlFilter":"||reklama.lv/services/ads_count.html"},"id":67,"priority":10},
{"action":{"type":"block"},"condition":{"urlFilter":"||riga.lv/media/misc/"},"id":68,"priority":10},
{"action":{"type":"block"},"condition":{"urlFilter":"||runabildes.lv^*/itro-popup/"},"id":69,"priority":10},
{"action":{"type":"block"},"condition":{"urlFilter":"||runabildes.lv^*/ondo_tapete.jpg"},"id":70,"priority":10},
{"action":{"type":"block"},"condition":{"urlFilter":"||serveris.lv/images/baners/"},"id":71,"priority":10},
{"action":{"type":"block"},"condition":{"urlFilter":"||signe.lv/userfiles/image/main%20page%20banners/"},"id":72,"priority":10},
{"action":{"type":"block"},"condition":{"urlFilter":"||sportazinas.com/*/1920x1000"},"id":73,"priority":10},
{"action":{"type":"block"},"condition":{"urlFilter":"||sportazinas.com/wp-content/uploads/*.gif"},"id":74,"priority":10},
{"action":{"type":"block"},"condition":{"urlFilter":"||sudzibas.lv/baneris_"},"id":75,"priority":10},
{"action":{"type":"block"},"condition":{"urlFilter":"||tavacena.lv/images/ltc/"},"id":76,"priority":10},
{"action":{"type":"block"},"condition":{"urlFilter":"||tele2.lv^*_popup_"},"id":77,"priority":10},
{"action":{"type":"block"},"condition":{"urlFilter":"||tours.lv/images/misc/"},"id":78,"priority":10},
{"action":{"type":"block"},"condition":{"urlFilter":"||tvnet.lv/assets/js/vast.js"},"id":79,"priority":10},
{"action":{"type":"block"},"condition":{"urlFilter":"||tvnet.lv/js/ad.js"},"id":80,"priority":10},
{"action":{"type":"block"},"condition":{"urlFilter":"||varianti.lv/static/banners/"},"id":81,"priority":10},
{"action":{"type":"block"},"condition":{"urlFilter":"||vgk.lv/adv/"},"id":82,"priority":10},
{"action":{"type":"block"},"condition":{"urlFilter":"||viastream.viasat.tv/commercials/"},"id":83,"priority":10},
{"action":{"type":"block"},"condition":{"urlFilter":"||xp.lv/res/banners/"},"id":84,"priority":10},
{"action":{"type":"block"},"condition":{"urlFilter":"||zip.lv/kasjauns.swf"},"id":85,"priority":10},
{"action":{"type":"block"},"condition":{"urlFilter":"||1shop.lv/i/ban/"},"id":86,"priority":10},
{"action":{"type":"block"},"condition":{"urlFilter":"||alida.lv/upload/banner/"},"id":87,"priority":10},
{"action":{"type":"block"},"condition":{"urlFilter":"||apollo.lv/upload/city24"},"id":88,"priority":10},
{"action":{"type":"block"},"condition":{"urlFilter":"||apps.lv/timthumb.php?*/uploads/shop_images/"},"id":89,"priority":10},
{"action":{"type":"block"},"condition":{"urlFilter":"||beta.lt^*/banners"},"id":90,"priority":10},
{"action":{"type":"block"},"condition":{"urlFilter":"||cetrassezonas.lv/tvnet.php"},"id":91,"priority":10},
{"action":{"type":"block"},"condition":{"urlFilter":"||cv.lv^*?type=banner"},"id":92,"priority":10},
{"action":{"type":"block"},"condition":{"urlFilter":"||delphi.lv/bizness/techchill/"},"id":93,"priority":10},
{"action":{"type":"block"},"condition":{"urlFilter":"||delphi.lv/fp/i/airbaltic_block_v3_logo.svg"},"id":94,"priority":10},
{"action":{"type":"block"},"condition":{"urlFilter":"||delphi.lv^*/ads/"},"id":95,"priority":10},
{"action":{"type":"block"},"condition":{"urlFilter":"||ifrype.com/ad_v/"},"id":96,"priority":10},
{"action":{"type":"block"},"condition":{"urlFilter":"||ifrype.com/miniads"},"id":97,"priority":10},
{"action":{"type":"block"},"condition":{"urlFilter":"||ifrype.com^*/ad_v."},"id":98,"priority":10},
{"action":{"type":"block"},"condition":{"urlFilter":"||ifrype.com^*/ads."},"id":99,"priority":10},
{"action":{"type":"block"},"condition":{"urlFilter":"||itvnet.lv/partner/"},"id":100,"priority":10},
{"action":{"type":"block"},"condition":{"urlFilter":"||latloto.lv/banner/"},"id":101,"priority":10},
{"action":{"type":"block"},"condition":{"urlFilter":"||mtgonline.lv/counter-smscredit/"},"id":102,"priority":10},
{"action":{"type":"block"},"condition":{"urlFilter":"||playapi.mtgx.tv^*/banners"},"id":103,"priority":10},
{"action":{"type":"block"},"condition":{"urlFilter":"||prieks.lv^*/banner/"},"id":104,"priority":10},
{"action":{"type":"block"},"condition":{"urlFilter":"||reklama.lv/promotion/"},"id":105,"priority":10},
{"action":{"type":"block"},"condition":{"urlFilter":"||salidzini.lv/affiliate/"},"id":106,"priority":10},
{"action":{"type":"block"},"condition":{"urlFilter":"||salidzini.lv/images/120x40.php"},"id":107,"priority":10},
{"action":{"type":"block"},"condition":{"urlFilter":"||salidzini.lv/images/88x31.php"},"id":108,"priority":10},
{"action":{"type":"block"},"condition":{"urlFilter":"||salidzini.lv/images/banner/"},"id":109,"priority":10},
{"action":{"type":"block"},"condition":{"urlFilter":"||serveris.lv/images/affiliate/"},"id":110,"priority":10},
{"action":{"type":"block"},"condition":{"urlFilter":"||zizu.lv/bpublic/"},"id":111,"priority":10},
{"action":{"type":"block"},"condition":{"requestDomains":["a.draugiem.lv","admp-tc.delfi.lv","b.itvnet.lv","banners.zl.lv","ecompics.power.oho.lv","h.itvnet.lv","promo.boomtime.lv","r.inbox.lv","rembi.lv","w.ifrype.com"]},"id":112,"priority":10},
{"action":{"type":"block"},"condition":{"resourceTypes":["image"],"urlFilter":"||elektroenergija.lv/img/atl*"},"id":113,"priority":10},
{"action":{"type":"block"},"condition":{"resourceTypes":["image"],"urlFilter":"||img.pilseta24.lv/media/768x575^"},"id":114,"priority":10},
{"action":{"type":"block"},"condition":{"requestDomains":["source.pilseta24.lv"],"resourceTypes":["image"]},"id":115,"priority":10},
{"action":{"type":"block"},"condition":{"resourceTypes":["object"],"urlFilter":"||2x2.lv/img/"},"id":116,"priority":10},
{"action":{"type":"block"},"condition":{"resourceTypes":["object"],"urlFilter":"||semicom.lv/admin/files/"},"id":117,"priority":10},
{"action":{"type":"block"},"condition":{"resourceTypes":["script"],"urlFilter":"||runabildes.lv^*/wpsite-background-takeover/"},"id":118,"priority":10},
{"action":{"type":"block"},"condition":{"resourceTypes":["sub_frame"],"urlFilter":"||salidzini.lv/*_1200x150"},"id":119,"priority":10},
{"action":{"type":"block"},"condition":{"resourceTypes":["sub_frame"],"urlFilter":"||salidzini.lv/*_190x600"},"id":120,"priority":10},
{"action":{"type":"block"},"condition":{"resourceTypes":["sub_frame"],"urlFilter":"||salidzini.lv/*_320x120"},"id":121,"priority":10},
{"action":{"type":"block"},"condition":{"initiatorDomains":["skaties.lv"],"requestDomains":["freewheel-mtgx-tv.akamaized.net"],"resourceTypes":["media"]},"id":122,"priority":10},
{"action":{"type":"block"},"condition":{"domainType":"thirdParty","urlFilter":".lv/images/banners/"},"id":123,"priority":10},
{"action":{"type":"block"},"condition":{"domainType":"thirdParty","urlFilter":"||a.alicdn.com^*300x250."},"id":124,"priority":10},
{"action":{"type":"block"},"condition":{"domainType":"thirdParty","urlFilter":"||airbalticblog.com/shared/"},"id":125,"priority":10},
{"action":{"type":"block"},"condition":{"domainType":"thirdParty","urlFilter":"||apollo.lv/article/feed/iframe/"},"id":126,"priority":10},
{"action":{"type":"block"},"condition":{"domainType":"thirdParty","urlFilter":"||ass.lv/iframe/"},"id":127,"priority":10},
{"action":{"type":"block"},"condition":{"domainType":"thirdParty","urlFilter":"||chaula.tv/lv/output/"},"id":128,"priority":10},
{"action":{"type":"block"},"condition":{"domainType":"thirdParty","urlFilter":"||city24.lv/ibox/"},"id":129,"priority":10},
{"action":{"type":"block"},"condition":{"domainType":"thirdParty","urlFilter":"||diena.lv/boxnews.html"},"id":130,"priority":10},
{"action":{"type":"block"},"condition":{"domainType":"thirdParty","urlFilter":"||leta.lv/bm/www/images/"},"id":131,"priority":10},
{"action":{"type":"block"},"condition":{"domainType":"thirdParty","urlFilter":"||manasfinanses.lv/apollo-widget"},"id":132,"priority":10},
{"action":{"type":"block"},"condition":{"domainType":"thirdParty","urlFilter":"||miljons.com/widget/"},"id":133,"priority":10},
{"action":{"type":"block"},"condition":{"domainType":"thirdParty","urlFilter":"||novonews.lv/ticker/flash/"},"id":134,"priority":10},
{"action":{"type":"block"},"condition":{"domainType":"thirdParty","urlFilter":"||tvnet.lv/export_news/"},"id":135,"priority":10},
{"action":{"type":"block"},"condition":{"domainType":"thirdParty","urlFilter":"||zizu.lv/campaigns/"},"id":136,"priority":10},
{"action":{"type":"block"},"condition":{"initiatorDomains":["salidzini.lv"],"requestDomains":["salidzini.lv"],"resourceTypes":["script"]},"id":137,"priority":10},
{"action":{"type":"allow"},"condition":{"initiatorDomains":["skaties.lv"],"urlFilter":"||mssl.fwmrm.net/libs/adm/*/linktag2.js"},"id":138,"priority":30},
{"action":{"type":"allow"},"condition":{"initiatorDomains":["skaties.lv"],"urlFilter":"||tv3play.skaties.lv/static/scripts/trackdb/events.gif"},"id":139,"priority":30},
{"action":{"type":"allow"},"condition":{"urlFilter":"||viastream.viasat.tv^*?affiliate="},"id":140,"priority":30},
{"action":{"type":"allow"},"condition":{"initiatorDomains":["apollo.lv"],"resourceTypes":["object"],"urlFilter":"||emediate.se/eas?*ty=video"},"id":141,"priority":30},
{"action":{"type":"allow"},"condition":{"initiatorDomains":["tvnet.lv"],"resourceTypes":["script"],"urlFilter":"||h.itvnet.lv^*/adjs/adjs/ads.js"},"id":142,"priority":30},
{"action":{"type":"allow"},"condition":{"resourceTypes":["script"],"urlFilter":"||ltv.lsm.lv/scripts/ads.js"},"id":143,"priority":30},
{"action":{"type":"allow"},"condition":{"initiatorDomains":["lsm.lv"],"resourceTypes":["script"],"urlFilter":"||b.adbox.lv/bxlib/js/emiter.js?"},"id":144,"priority":30},
{"action":{"type":"allow"},"condition":{"initiatorDomains":["lsm.lv"],"resourceTypes":["script"],"urlFilter":"||b.adbox.lv/bxlib/js/loader.js?"},"id":145,"priority":30},
{"action":{"type":"allow"},"condition":{"initiatorDomains":["lsm.lv"],"resourceTypes":["script"],"urlFilter":"||b.adbox.lv/emiter/bx_placement.js?"},"id":146,"priority":30},
{"action":{"type":"allow"},"condition":{"initiatorDomains":["liepajniekiem.lv"],"requestDomains":["keytarget.adnet.lt"],"resourceTypes":["script"]},"id":147,"priority":30},
{"action":{"type":"allow"},"condition":{"resourceTypes":["xmlhttprequest"],"urlFilter":"||playapi.mtgx.tv/v3/adinfo"},"id":148,"priority":30},
{"action":{"type":"allow"},"condition":{"initiatorDomains":["skaties.lv"],"resourceTypes":["xmlhttprequest"],"urlFilter":"||fwmrm.net/ad/g/"},"id":149,"priority":30},
{"action":{"type":"allow"},"condition":{"initiatorDomains":["skaties.lv"],"resourceTypes":["xmlhttprequest"],"urlFilter":"||fwmrm.net/ad/l/"},"id":150,"priority":30},
{"action":{"type":"allow"},"condition":{"domainType":"firstParty","resourceTypes":["script"],"urlFilter":"||lsm.lv/public/scripts/ads.js"},"id":151,"priority":30},
{"action":{"type":"allow"},"condition":{"domainType":"firstParty","resourceTypes":["xmlhttprequest"],"urlFilter":"||varianti.lv/ads/load_ad_images/"},"id":152,"priority":30},
{"action":{"type":"allow"},"condition":{"domainType":"firstParty","resourceTypes":["xmlhttprequest"],"urlFilter":"||visidarbi.lv/advertisements"},"id":153,"priority":30},
{"action":{"type":"block"},"condition":{"domainType":"thirdParty","requestDomains":["1188.lv","adbox.lv","adhands.ru","adsplius.lt","agk.lv","auto24.lv","banneri.lv","doaffiliate.net","evolution.lv","goaff.com","knc.lv","maxtraffic.com","media.city24.lv","nagi.ee","nerealitate.lv","next.lv","olybet.lv","optibet.lv","otrapuse.lv","partneriem.smscredit.lv","pay4results.ee","perkamkopa.lv","saites.eon.lv","sludini.lv","smartad.lv","styleweb.lv","sure.lv","twistoo.co","videoavatars.com"]},"id":154,"priority":10}
]
