[
 {
  "id": "AdReaper-filters",
  "name": "AdReaper filters – Ads, trackers, and more",
  "group": "default",
  "enabled": true,
  "homeURL": "https://github.com/uBlockOrigin/uAssets",
  "filters": {
   "total": 9187,
   "accepted": 9159,
   "rejected": 1
  },
  "rules": {
   "total": 5267,
   "plain": 3555,
   "regex": 109,
   "removeparam": 58,
   "redirect": 533,
   "modifyHeaders": 58,
   "strictblock": 17,
   "urlskip": 141,
   "discarded": 0,
   "rejected": 812
  },
  "css": {
   "generic": 291,
   "generichigh": 68,
   "specific": 4512,
   "declarative": 985,
   "procedural": 957
  },
  "scriptlets": 52
 },
 {
  "id": "easylist",
  "name": "EasyList",
  "group": "default",
  "enabled": true,
  "homeURL": "https://easylist.to/",
  "filters": {
   "total": 39144,
   "accepted": 39110,
   "rejected": 26
  },
  "rules": {
   "total": 3628,
   "plain": 3574,
   "regex": 26,
   "removeparam": 0,
   "redirect": 5,
   "modifyHeaders": 12,
   "strictblock": 14,
   "urlskip": 0,
   "discarded": 0,
   "rejected": 11
  },
  "css": {
   "generic": 13130,
   "generichigh": 469,
   "specific": 8088,
   "declarative": 2,
   "procedural": 184
  },
  "scriptlets": 0
 },
 {
  "id": "easyprivacy",
  "name": "EasyPrivacy",
  "group": "default",
  "enabled": true,
  "homeURL": "https://easylist.to/",
  "filters": {
   "total": 53641,
   "accepted": 53609,
   "rejected": 31
  },
  "rules": {
   "total": 7950,
   "plain": 7935,
   "regex": 7,
   "removeparam": 0,
   "redirect": 6,
   "modifyHeaders": 2,
   "strictblock": 1,
   "urlskip": 0,
   "discarded": 0,
   "rejected": 0
  },
  "css": {
   "generic": 2,
   "generichigh": 0,
   "specific": 0,
   "declarative": 3,
   "procedural": 0
  },
  "scriptlets": 9
 },
 {
  "id": "pgl",
  "name": "Peter Lowe – Ads, trackers, and more",
  "group": "default",
  "enabled": true,
  "homeURL": "https://pgl.yoyo.org/adservers/",
  "filters": {
   "total": 3439,
   "accepted": 3359,
   "rejected": 80
  },
  "rules": {
   "total": 1,
   "plain": 1,
   "regex": 0,
   "removeparam": 0,
   "redirect": 0,
   "modifyHeaders": 0,
   "strictblock": 1,
   "urlskip": 0,
   "discarded": 0,
   "rejected": 0
  },
  "css": {
   "generic": 0,
   "generichigh": 0,
   "specific": 0,
   "declarative": 0,
   "procedural": 0
  },
  "scriptlets": 0
 },
 {
  "id": "AdReaper-badware",
  "name": "AdReaper filters – Badware risks",
  "group": "malware",
  "enabled": true,
  "homeURL": "https://github.com/uBlockOrigin/uAssets",
  "filters": {
   "total": 10797,
   "accepted": 10780,
   "rejected": 0
  },
  "rules": {
   "total": 1329,
   "plain": 1155,
   "regex": 124,
   "removeparam": 0,
   "redirect": 0,
   "modifyHeaders": 0,
   "strictblock": 706,
   "urlskip": 0,
   "discarded": 0,
   "rejected": 50
  },
  "css": {
   "generic": 13,
   "generichigh": 0,
   "specific": 283,
   "declarative": 3,
   "procedural": 28
  },
  "scriptlets": 3
 },
 {
  "id": "urlhaus-full",
  "name": "Malicious URL Blocklist",
  "group": "malware",
  "enabled": true,
  "homeURL": "https://gitlab.com/malware-filter/urlhaus-filter",
  "filters": {
   "total": 4237,
   "accepted": 4237,
   "rejected": 0
  },
  "rules": {
   "total": 1,
   "plain": 1,
   "regex": 0,
   "removeparam": 0,
   "redirect": 0,
   "modifyHeaders": 0,
   "strictblock": 1,
   "urlskip": 0,
   "discarded": 0,
   "rejected": 0
  },
  "css": {
   "generic": 0,
   "generichigh": 0,
   "specific": 0,
   "declarative": 0,
   "procedural": 0
  },
  "scriptlets": 0
 },
 {
  "id": "adguard-mobile",
  "name": "AdGuard – Mobile Ads",
  "group": "ads",
  "enabled": false,
  "tags": "mobile",
  "homeURL": "https://github.com/AdguardTeam/AdguardFilters#adguard-filters",
  "filters": {
   "total": 1534,
   "accepted": 1527,
   "rejected": 6
  },
  "rules": {
   "total": 559,
   "plain": 531,
   "regex": 8,
   "removeparam": 0,
   "redirect": 18,
   "modifyHeaders": 0,
   "strictblock": 1,
   "urlskip": 0,
   "discarded": 0,
   "rejected": 2
  },
  "css": {
   "generic": 35,
   "generichigh": 14,
   "specific": 4041,
   "declarative": 202,
   "procedural": 208
  },
  "scriptlets": 14
 },
 {
  "id": "block-lan",
  "name": "Block Outsider Intrusion into LAN",
  "group": "privacy",
  "enabled": false,
  "homeURL": "https://github.com/uBlockOrigin/uAssets",
  "filters": {
   "total": 80,
   "accepted": 80,
   "rejected": 0
  },
  "rules": {
   "total": 16,
   "plain": 9,
   "regex": 7,
   "removeparam": 0,
   "redirect": 0,
   "modifyHeaders": 0,
   "strictblock": 0,
   "urlskip": 0,
   "discarded": 0,
   "rejected": 0
  },
  "css": {
   "generic": 0,
   "generichigh": 0,
   "specific": 0,
   "declarative": 0,
   "procedural": 0
  },
  "scriptlets": 0
 },
 {
  "id": "dpollock-0",
  "name": "Dan Pollock’s hosts file",
  "enabled": false,
  "homeURL": "https://someonewhocares.org/hosts/",
  "filters": {
   "total": 11739,
   "accepted": 11730,
   "rejected": 9
  },
  "rules": {
   "total": 1,
   "plain": 1,
   "regex": 0,
   "removeparam": 0,
   "redirect": 0,
   "modifyHeaders": 0,
   "strictblock": 1,
   "urlskip": 0,
   "discarded": 0,
   "rejected": 0
  },
  "css": {
   "generic": 0,
   "generichigh": 0,
   "specific": 0,
   "declarative": 0,
   "procedural": 0
  },
  "scriptlets": 0
 },
 {
  "id": "adguard-spyware-url",
  "name": "AdGuard URL Tracking Protection",
  "group": "privacy",
  "enabled": false,
  "homeURL": "https://github.com/AdguardTeam/AdguardFilters#adguard-filters",
  "filters": {
   "total": 2108,
   "accepted": 2095,
   "rejected": 0
  },
  "rules": {
   "total": 706,
   "plain": 0,
   "regex": 0,
   "removeparam": 584,
   "redirect": 0,
   "modifyHeaders": 0,
   "strictblock": 0,
   "urlskip": 0,
   "discarded": 0,
   "rejected": 122
  },
  "css": {
   "generic": 0,
   "generichigh": 0,
   "specific": 3,
   "declarative": 0,
   "procedural": 0
  },
  "scriptlets": 0
 },
 {
  "id": "annoyances-cookies",
  "name": "EasyList/AdReaper – Cookie Notices",
  "group": "annoyances",
  "enabled": false,
  "homeURL": "https://github.com/easylist/easylist#fanboy-lists",
  "filters": {
   "total": 2035,
   "accepted": 2035,
   "rejected": 0
  },
  "rules": {
   "total": 1696,
   "plain": 1694,
   "regex": 1,
   "removeparam": 0,
   "redirect": 0,
   "modifyHeaders": 0,
   "strictblock": 1,
   "urlskip": 0,
   "discarded": 0,
   "rejected": 1
  },
  "css": {
   "generic": 14421,
   "generichigh": 170,
   "specific": 17903,
   "declarative": 2768,
   "procedural": 48
  },
  "scriptlets": 18
 },
 {
  "id": "annoyances-overlays",
  "name": "EasyList/AdReaper – Overlay Notices",
  "group": "annoyances",
  "enabled": false,
  "homeURL": "https://github.com/easylist/easylist#fanboy-lists",
  "filters": {
   "total": 469,
   "accepted": 469,
   "rejected": 0
  },
  "rules": {
   "total": 351,
   "plain": 301,
   "regex": 0,
   "removeparam": 1,
   "redirect": 13,
   "modifyHeaders": 5,
   "strictblock": 1,
   "urlskip": 3,
   "discarded": 0,
   "rejected": 28
  },
  "css": {
   "generic": 1170,
   "generichigh": 14,
   "specific": 5158,
   "declarative": 1065,
   "procedural": 490
  },
  "scriptlets": 31
 },
 {
  "id": "annoyances-social",
  "name": "EasyList – Social Widgets",
  "group": "annoyances",
  "enabled": false,
  "homeURL": "https://github.com/easylist/easylist#fanboy-lists",
  "filters": {
   "total": 674,
   "accepted": 674,
   "rejected": 0
  },
  "rules": {
   "total": 596,
   "plain": 596,
   "regex": 0,
   "removeparam": 0,
   "redirect": 0,
   "modifyHeaders": 0,
   "strictblock": 0,
   "urlskip": 0,
   "discarded": 0,
   "rejected": 0
  },
  "css": {
   "generic": 9358,
   "generichigh": 112,
   "specific": 4669,
   "declarative": 5,
   "procedural": 18
  },
  "scriptlets": 1
 },
 {
  "id": "annoyances-widgets",
  "name": "EasyList – Chat Widgets",
  "group": "annoyances",
  "enabled": false,
  "homeURL": "https://github.com/easylist/easylist#fanboy-lists",
  "filters": {
   "total": 212,
   "accepted": 211,
   "rejected": 1
  },
  "rules": {
   "total": 52,
   "plain": 52,
   "regex": 0,
   "removeparam": 0,
   "redirect": 0,
   "modifyHeaders": 0,
   "strictblock": 1,
   "urlskip": 0,
   "discarded": 0,
   "rejected": 0
  },
  "css": {
   "generic": 11,
   "generichigh": 1,
   "specific": 6,
   "declarative": 0,
   "procedural": 0
  },
  "scriptlets": 0
 },
 {
  "id": "annoyances-others",
  "name": "EasyList – Other Annoyances",
  "group": "annoyances",
  "enabled": false,
  "homeURL": "https://github.com/easylist/easylist#fanboy-lists",
  "filters": {
   "total": 721,
   "accepted": 721,
   "rejected": 0
  },
  "rules": {
   "total": 407,
   "plain": 407,
   "regex": 0,
   "removeparam": 0,
   "redirect": 0,
   "modifyHeaders": 0,
   "strictblock": 1,
   "urlskip": 0,
   "discarded": 0,
   "rejected": 0
  },
  "css": {
   "generic": 775,
   "generichigh": 19,
   "specific": 2490,
   "declarative": 46,
   "procedural": 23
  },
  "scriptlets": 12
 },
 {
  "id": "stevenblack-hosts",
  "name": "Steven Black’s Unified Hosts (adware + malware)",
  "enabled": false,
  "homeURL": "https://github.com/StevenBlack/hosts#readme",
  "filters": {
   "total": 170009,
   "accepted": 169924,
   "rejected": 85
  },
  "rules": {
   "total": 2,
   "plain": 1,
   "regex": 0,
   "removeparam": 0,
   "redirect": 0,
   "modifyHeaders": 0,
   "strictblock": 1,
   "urlskip": 0,
   "discarded": 0,
   "rejected": 1
  },
  "css": {
   "generic": 0,
   "generichigh": 0,
   "specific": 0,
   "declarative": 0,
   "procedural": 0
  },
  "scriptlets": 0
 },
 {
  "id": "AdReaper-tests",
  "name": "AdReaper Lite Test Filters",
  "enabled": false,
  "homeURL": "https://ublockorigin.github.io/AdReaper-home/tests/test-filters.html",
  "filters": {
   "total": 8,
   "accepted": 8,
   "rejected": 0
  },
  "rules": {
   "total": 6,
   "plain": 3,
   "regex": 1,
   "removeparam": 0,
   "redirect": 1,
   "modifyHeaders": 1,
   "strictblock": 0,
   "urlskip": 0,
   "discarded": 0,
   "rejected": 0
  },
  "css": {
   "generic": 3,
   "generichigh": 0,
   "specific": 4,
   "declarative": 2,
   "procedural": 2
  },
  "scriptlets": 5
 },
 {
  "id": "alb-0",
  "name": "🇦🇱al 🇽🇰xk: Adblock List for Albania",
  "group": "regions",
  "enabled": false,
  "lang": "sq",
  "tags": "ads albania shqipja",
  "homeURL": "https://github.com/AnXh3L0/blocklist",
  "filters": {
   "total": 0,
   "accepted": 0,
   "rejected": 0
  },
  "rules": {
   "total": 0,
   "plain": 0,
   "regex": 0,
   "removeparam": 0,
   "redirect": 0,
   "modifyHeaders": 0,
   "strictblock": 0,
   "urlskip": 0,
   "discarded": 0,
   "rejected": 0
  },
  "css": {
   "generic": 0,
   "generichigh": 0,
   "specific": 0,
   "declarative": 0,
   "procedural": 0
  },
  "scriptlets": 0
 },
 {
  "id": "bgr-0",
  "name": "🇧🇬bg: Bulgarian Adblock list",
  "group": "regions",
  "enabled": false,
  "lang": "bg mk",
  "tags": "ads bulgarian България macedonian Македонија",
  "homeURL": "https://stanev.org/abp/",
  "filters": {
   "total": 718,
   "accepted": 717,
   "rejected": 1
  },
  "rules": {
   "total": 709,
   "plain": 709,
   "regex": 0,
   "removeparam": 0,
   "redirect": 0,
   "modifyHeaders": 0,
   "strictblock": 1,
   "urlskip": 0,
   "discarded": 0,
   "rejected": 0
  },
  "css": {
   "generic": 8,
   "generichigh": 0,
   "specific": 182,
   "declarative": 0,
   "procedural": 0
  },
  "scriptlets": 0
 },
 {
  "id": "chn-0",
  "name": "🇨🇳cn 🇹🇼tw: AdGuard Chinese (中文)",
  "group": "regions",
  "enabled": false,
  "lang": "ug zh",
  "tags": "ads chinese 中文",
  "homeURL": "https://github.com/AdguardTeam/AdguardFilters#adguard-filters",
  "filters": {
   "total": 13296,
   "accepted": 13287,
   "rejected": 3
  },
  "rules": {
   "total": 6566,
   "plain": 6478,
   "regex": 30,
   "removeparam": 2,
   "redirect": 38,
   "modifyHeaders": 10,
   "strictblock": 1,
   "urlskip": 0,
   "discarded": 0,
   "rejected": 8
  },
  "css": {
   "generic": 943,
   "generichigh": 188,
   "specific": 3289,
   "declarative": 113,
   "procedural": 98
  },
  "scriptlets": 20
 },
 {
  "id": "cze-0",
  "name": "🇨🇿cz 🇸🇰sk: EasyList Czech and Slovak",
  "group": "regions",
  "enabled": false,
  "lang": "cs sk",
  "tags": "ads czech česká slovak slovenská",
  "homeURL": "https://github.com/tomasko126/easylistczechandslovak",
  "filters": {
   "total": 245,
   "accepted": 244,
   "rejected": 1
  },
  "rules": {
   "total": 140,
   "plain": 131,
   "regex": 0,
   "removeparam": 0,
   "redirect": 4,
   "modifyHeaders": 1,
   "strictblock": 2,
   "urlskip": 0,
   "discarded": 0,
   "rejected": 4
  },
  "css": {
   "generic": 53,
   "generichigh": 4,
   "specific": 209,
   "declarative": 17,
   "procedural": 18
  },
  "scriptlets": 11
 },
 {
  "id": "deu-0",
  "name": "🇩🇪de 🇨🇭ch 🇦🇹at: EasyList Germany",
  "group": "regions",
  "enabled": false,
  "lang": "de dsb hsb lb rm",
  "tags": "ads german deutschland luxembourgish lëtzebuerg romansh",
  "homeURL": "https://forums.lanik.us/viewforum.php?f=90",
  "filters": {
   "total": 2342,
   "accepted": 2339,
   "rejected": 3
  },
  "rules": {
   "total": 1836,
   "plain": 1823,
   "regex": 4,
   "removeparam": 0,
   "redirect": 2,
   "modifyHeaders": 1,
   "strictblock": 1,
   "urlskip": 0,
   "discarded": 0,
   "rejected": 6
  },
  "css": {
   "generic": 380,
   "generichigh": 35,
   "specific": 2065,
   "declarative": 0,
   "procedural": 77
  },
  "scriptlets": 0
 },
 {
  "id": "est-0",
  "name": "🇪🇪ee: Eesti saitidele kohandatud filter",
  "group": "regions",
  "enabled": false,
  "lang": "et",
  "homeURL": "https://github.com/sander85/AdReaper-et",
  "filters": {
   "total": 258,
   "accepted": 258,
   "rejected": 0
  },
  "rules": {
   "total": 72,
   "plain": 71,
   "regex": 0,
   "removeparam": 1,
   "redirect": 0,
   "modifyHeaders": 0,
   "strictblock": 0,
   "urlskip": 0,
   "discarded": 0,
   "rejected": 0
  },
  "css": {
   "generic": 2,
   "generichigh": 6,
   "specific": 72,
   "declarative": 3,
   "procedural": 1
  },
  "scriptlets": 1
 },
 {
  "id": "fin-0",
  "name": "🇫🇮fi: Adblock List for Finland",
  "group": "regions",
  "enabled": false,
  "lang": "fi",
  "tags": "ads finnish",
  "homeURL": "https://github.com/finnish-easylist-addition/finnish-easylist-addition",
  "filters": {
   "total": 0,
   "accepted": 0,
   "rejected": 0
  },
  "rules": {
   "total": 0,
   "plain": 0,
   "regex": 0,
   "removeparam": 0,
   "redirect": 0,
   "modifyHeaders": 0,
   "strictblock": 0,
   "urlskip": 0,
   "discarded": 0,
   "rejected": 0
  },
  "css": {
   "generic": 0,
   "generichigh": 0,
   "specific": 0,
   "declarative": 0,
   "procedural": 0
  },
  "scriptlets": 0
 },
 {
  "id": "fra-0",
  "name": "🇫🇷fr 🇨🇦ca: AdGuard Français",
  "group": "regions",
  "enabled": false,
  "lang": "ar br ff fr lb oc son",
  "tags": "ads french",
  "homeURL": "https://github.com/AdguardTeam/AdguardFilters#adguard-filters",
  "filters": {
   "total": 12411,
   "accepted": 12139,
   "rejected": 263
  },
  "rules": {
   "total": 4242,
   "plain": 4191,
   "regex": 2,
   "removeparam": 0,
   "redirect": 33,
   "modifyHeaders": 6,
   "strictblock": 1,
   "urlskip": 0,
   "discarded": 0,
   "rejected": 10
  },
  "css": {
   "generic": 1709,
   "generichigh": 19,
   "specific": 1765,
   "declarative": 50,
   "procedural": 112
  },
  "scriptlets": 16
 },
 {
  "id": "grc-0",
  "name": "🇬🇷gr 🇨🇾cy: Greek AdBlock Filter",
  "group": "regions",
  "enabled": false,
  "lang": "el",
  "tags": "ads greek",
  "homeURL": "https://github.com/kargig/greek-adblockplus-filter",
  "filters": {
   "total": 466,
   "accepted": 465,
   "rejected": 1
  },
  "rules": {
   "total": 431,
   "plain": 431,
   "regex": 0,
   "removeparam": 0,
   "redirect": 0,
   "modifyHeaders": 0,
   "strictblock": 3,
   "urlskip": 0,
   "discarded": 0,
   "rejected": 0
  },
  "css": {
   "generic": 10,
   "generichigh": 5,
   "specific": 203,
   "declarative": 5,
   "procedural": 3
  },
  "scriptlets": 2
 },
 {
  "id": "hrv-0",
  "name": "🇭🇷hr 🇷🇸rs: Dandelion Sprout's Serbo-Croatian filters",
  "group": "regions",
  "enabled": false,
  "lang": "bs hr sr",
  "tags": "ads croatian serbian bosnian",
  "homeURL": "https://github.com/DandelionSprout/adfilt#readme",
  "filters": {
   "total": 91,
   "accepted": 91,
   "rejected": 0
  },
  "rules": {
   "total": 79,
   "plain": 79,
   "regex": 0,
   "removeparam": 0,
   "redirect": 0,
   "modifyHeaders": 0,
   "strictblock": 1,
   "urlskip": 0,
   "discarded": 0,
   "rejected": 0
  },
  "css": {
   "generic": 16,
   "generichigh": 1,
   "specific": 177,
   "declarative": 4,
   "procedural": 2
  },
  "scriptlets": 0
 },
 {
  "id": "hun-0",
  "name": "🇭🇺hu: hufilter",
  "group": "regions",
  "enabled": false,
  "lang": "hu",
  "tags": "ads hungarian",
  "homeURL": "https://github.com/hufilter/hufilter",
  "filters": {
   "total": 379,
   "accepted": 377,
   "rejected": 1
  },
  "rules": {
   "total": 222,
   "plain": 219,
   "regex": 1,
   "removeparam": 0,
   "redirect": 2,
   "modifyHeaders": 0,
   "strictblock": 1,
   "urlskip": 0,
   "discarded": 0,
   "rejected": 0
  },
  "css": {
   "generic": 58,
   "generichigh": 14,
   "specific": 498,
   "declarative": 30,
   "procedural": 29
  },
  "scriptlets": 12
 },
 {
  "id": "idn-0",
  "name": "🇮🇩id 🇲🇾my: ABPindo",
  "group": "regions",
  "enabled": false,
  "lang": "id ms",
  "tags": "ads indonesian malay",
  "homeURL": "https://github.com/ABPindo/indonesianadblockrules",
  "filters": {
   "total": 4127,
   "accepted": 4127,
   "rejected": 0
  },
  "rules": {
   "total": 3133,
   "plain": 3133,
   "regex": 0,
   "removeparam": 0,
   "redirect": 0,
   "modifyHeaders": 0,
   "strictblock": 1,
   "urlskip": 0,
   "discarded": 0,
   "rejected": 0
  },
  "css": {
   "generic": 331,
   "generichigh": 3761,
   "specific": 640,
   "declarative": 3,
   "procedural": 8
  },
  "scriptlets": 12
 },
 {
  "id": "ind-0",
  "name": "🇮🇳in 🇱🇰lk 🇳🇵np: IndianList",
  "group": "regions",
  "enabled": false,
  "lang": "as bn gu hi kn ml mr ne pa si ta te",
  "tags": "ads assamese bengali gujarati hindi kannada malayalam marathi nepali punjabi sinhala tamil telugu",
  "homeURL": "https://github.com/mediumkreation/IndianList",
  "filters": {
   "total": 4651,
   "accepted": 4651,
   "rejected": 0
  },
  "rules": {
   "total": 4612,
   "plain": 4610,
   "regex": 0,
   "removeparam": 0,
   "redirect": 0,
   "modifyHeaders": 0,
   "strictblock": 0,
   "urlskip": 0,
   "discarded": 0,
   "rejected": 2
  },
  "css": {
   "generic": 9,
   "generichigh": 0,
   "specific": 5061,
   "declarative": 0,
   "procedural": 123
  },
  "scriptlets": 0
 },
 {
  "id": "irn-0",
  "name": "🇮🇷ir: PersianBlocker",
  "group": "regions",
  "enabled": false,
  "lang": "fa ps tg",
  "tags": "ads af ir persian pashto tajik tj",
  "homeURL": "https://github.com/MasterKia/PersianBlocker",
  "filters": {
   "total": 1279,
   "accepted": 1278,
   "rejected": 1
  },
  "rules": {
   "total": 678,
   "plain": 634,
   "regex": 1,
   "removeparam": 15,
   "redirect": 4,
   "modifyHeaders": 2,
   "strictblock": 3,
   "urlskip": 0,
   "discarded": 0,
   "rejected": 22
  },
  "css": {
   "generic": 48,
   "generichigh": 0,
   "specific": 503,
   "declarative": 70,
   "procedural": 132
  },
  "scriptlets": 21
 },
 {
  "id": "isl-0",
  "name": "🇮🇸is: Icelandic ABP List",
  "group": "regions",
  "enabled": false,
  "lang": "is",
  "tags": "ads icelandic",
  "homeURL": "https://github.com/brave/adblock-lists/issues",
  "filters": {
   "total": 12,
   "accepted": 12,
   "rejected": 0
  },
  "rules": {
   "total": 12,
   "plain": 11,
   "regex": 0,
   "removeparam": 0,
   "redirect": 0,
   "modifyHeaders": 0,
   "strictblock": 1,
   "urlskip": 0,
   "discarded": 0,
   "rejected": 1
  },
  "css": {
   "generic": 0,
   "generichigh": 0,
   "specific": 34,
   "declarative": 0,
   "procedural": 1
  },
  "scriptlets": 0
 },
 {
  "id": "isr-0",
  "name": "🇮🇱il: EasyList Hebrew",
  "group": "regions",
  "enabled": false,
  "lang": "he",
  "tags": "ads hebrew",
  "homeURL": "https://github.com/easylist/EasyListHebrew",
  "filters": {
   "total": 496,
   "accepted": 496,
   "rejected": 0
  },
  "rules": {
   "total": 257,
   "plain": 227,
   "regex": 4,
   "removeparam": 0,
   "redirect": 14,
   "modifyHeaders": 1,
   "strictblock": 1,
   "urlskip": 0,
   "discarded": 0,
   "rejected": 11
  },
  "css": {
   "generic": 24,
   "generichigh": 0,
   "specific": 360,
   "declarative": 3,
   "procedural": 8
  },
  "scriptlets": 9
 },
 {
  "id": "ita-0",
  "name": "🇮🇹it: EasyList Italy",
  "group": "regions",
  "enabled": false,
  "lang": "it lij",
  "tags": "ads italian",
  "homeURL": "https://forums.lanik.us/viewforum.php?f=96",
  "filters": {
   "total": 1134,
   "accepted": 1134,
   "rejected": 0
  },
  "rules": {
   "total": 1039,
   "plain": 1036,
   "regex": 3,
   "removeparam": 0,
   "redirect": 0,
   "modifyHeaders": 0,
   "strictblock": 1,
   "urlskip": 0,
   "discarded": 0,
   "rejected": 0
  },
  "css": {
   "generic": 375,
   "generichigh": 54,
   "specific": 2740,
   "declarative": 0,
   "procedural": 22
  },
  "scriptlets": 0
 },
 {
  "id": "jpn-1",
  "name": "🇯🇵jp: AdGuard Japanese",
  "group": "regions",
  "enabled": false,
  "lang": "ja",
  "tags": "ads japanese 日本語",
  "homeURL": "https://github.com/AdguardTeam/AdguardFilters#adguard-filters",
  "filters": {
   "total": 2197,
   "accepted": 2197,
   "rejected": 0
  },
  "rules": {
   "total": 1614,
   "plain": 1549,
   "regex": 20,
   "removeparam": 0,
   "redirect": 29,
   "modifyHeaders": 0,
   "strictblock": 164,
   "urlskip": 0,
   "discarded": 0,
   "rejected": 16
  },
  "css": {
   "generic": 188,
   "generichigh": 11,
   "specific": 5094,
   "declarative": 187,
   "procedural": 726
  },
  "scriptlets": 23
 },
 {
  "id": "kor-1",
  "name": "🇰🇷kr: List-KR",
  "group": "regions",
  "enabled": false,
  "lang": "ko",
  "tags": "ads korean 한국어",
  "homeURL": "https://github.com/List-KR/List-KR#readme",
  "filters": {
   "total": 1476,
   "accepted": 1468,
   "rejected": 1
  },
  "rules": {
   "total": 1096,
   "plain": 860,
   "regex": 145,
   "removeparam": 1,
   "redirect": 23,
   "modifyHeaders": 0,
   "strictblock": 10,
   "urlskip": 0,
   "discarded": 0,
   "rejected": 67
  },
  "css": {
   "generic": 38,
   "generichigh": 71,
   "specific": 958,
   "declarative": 158,
   "procedural": 96
  },
  "scriptlets": 17
 },
 {
  "id": "ltu-0",
  "name": "🇱🇹lt: EasyList Lithuania",
  "group": "regions",
  "enabled": false,
  "lang": "lt",
  "tags": "ads lithuanian",
  "homeURL": "https://github.com/EasyList-Lithuania/easylist_lithuania",
  "filters": {
   "total": 567,
   "accepted": 567,
   "rejected": 0
  },
  "rules": {
   "total": 521,
   "plain": 517,
   "regex": 2,
   "removeparam": 0,
   "redirect": 2,
   "modifyHeaders": 0,
   "strictblock": 1,
   "urlskip": 0,
   "discarded": 0,
   "rejected": 0
  },
  "css": {
   "generic": 4,
   "generichigh": 3,
   "specific": 325,
   "declarative": 7,
   "procedural": 8
  },
  "scriptlets": 5
 },
 {
  "id": "lva-0",
  "name": "🇱🇻lv: Latvian List",
  "group": "regions",
  "enabled": false,
  "lang": "lv",
  "tags": "ads latvian",
  "homeURL": "https://github.com/Latvian-List/adblock-latvian",
  "filters": {
   "total": 195,
   "accepted": 195,
   "rejected": 0
  },
  "rules": {
   "total": 154,
   "plain": 154,
   "regex": 0,
   "removeparam": 0,
   "redirect": 0,
   "modifyHeaders": 0,
   "strictblock": 1,
   "urlskip": 0,
   "discarded": 0,
   "rejected": 0
  },
  "css": {
   "generic": 5,
   "generichigh": 2,
   "specific": 81,
   "declarative": 0,
   "procedural": 8
  },
  "scriptlets": 2
 },
 {
  "id": "mkd-0",
  "name": "🇲🇰mk: Macedonian adBlock Filters",
  "group": "regions",
  "enabled": false,
  "lang": "mk",
  "tags": "ads macedonian",
  "homeURL": "https://github.com/DeepSpaceHarbor/Macedonian-adBlock-Filters",
  "filters": {
   "total": 291,
   "accepted": 290,
   "rejected": 1
  },
  "rules": {
   "total": 160,
   "plain": 159,
   "regex": 0,
   "removeparam": 0,
   "redirect": 0,
   "modifyHeaders": 0,
   "strictblock": 1,
   "urlskip": 0,
   "discarded": 0,
   "rejected": 1
  },
  "css": {
   "generic": 3,
   "generichigh": 1,
   "specific": 119,
   "declarative": 2,
   "procedural": 0
  },
  "scriptlets": 0
 },
 {
  "id": "nld-0",
  "name": "🇳🇱nl 🇧🇪be: AdGuard Dutch",
  "group": "regions",
  "enabled": false,
  "lang": "af fy nl",
  "tags": "ads afrikaans be belgië frisian dutch flemish nederlands netherlands nl sr suriname za",
  "homeURL": "https://github.com/AdguardTeam/AdguardFilters#adguard-filters",
  "filters": {
   "total": 556,
   "accepted": 554,
   "rejected": 0
  },
  "rules": {
   "total": 476,
   "plain": 472,
   "regex": 1,
   "removeparam": 0,
   "redirect": 3,
   "modifyHeaders": 0,
   "strictblock": 1,
   "urlskip": 0,
   "discarded": 0,
   "rejected": 0
  },
  "css": {
   "generic": 67,
   "generichigh": 5,
   "specific": 976,
   "declarative": 11,
   "procedural": 67
  },
  "scriptlets": 12
 },
 {
  "id": "nor-0",
  "name": "🇳🇴no 🇩🇰dk 🇮🇸is: Dandelion Sprouts nordiske filtre",
  "group": "regions",
  "enabled": false,
  "lang": "nb nn no da is",
  "tags": "ads norwegian danish icelandic",
  "homeURL": "https://github.com/DandelionSprout/adfilt",
  "filters": {
   "total": 2802,
   "accepted": 2802,
   "rejected": 0
  },
  "rules": {
   "total": 759,
   "plain": 592,
   "regex": 5,
   "removeparam": 0,
   "redirect": 7,
   "modifyHeaders": 0,
   "strictblock": 76,
   "urlskip": 0,
   "discarded": 0,
   "rejected": 155
  },
  "css": {
   "generic": 236,
   "generichigh": 33,
   "specific": 719,
   "declarative": 133,
   "procedural": 62
  },
  "scriptlets": 9
 },
 {
  "id": "pol-0",
  "name": "🇵🇱pl: Oficjalne Polskie Filtry do uBlocka Origin",
  "group": "regions",
  "parent": "🇵🇱pl: Oficjalne Polskie Filtry",
  "enabled": false,
  "lang": "szl pl _",
  "tags": "ads polish polski",
  "homeURL": "https://github.com/MajkiIT/polish-ads-filter",
  "filters": {
   "total": 1175,
   "accepted": 1170,
   "rejected": 4
  },
  "rules": {
   "total": 852,
   "plain": 791,
   "regex": 39,
   "removeparam": 0,
   "redirect": 13,
   "modifyHeaders": 0,
   "strictblock": 1,
   "urlskip": 0,
   "discarded": 0,
   "rejected": 9
  },
  "css": {
   "generic": 79,
   "generichigh": 48,
   "specific": 3538,
   "declarative": 174,
   "procedural": 122
  },
  "scriptlets": 13
 },
 {
  "id": "pol-3",
  "name": "🇵🇱pl: CERT.PL's Warning List",
  "group": "regions",
  "parent": "🇵🇱pl: Oficjalne Polskie Filtry",
  "enabled": false,
  "lang": "szl pl",
  "tags": "malware polish polski",
  "homeURL": "https://cert.pl/lista-ostrzezen/",
  "filters": {
   "total": 326580,
   "accepted": 326580,
   "rejected": 0
  },
  "rules": {
   "total": 1,
   "plain": 1,
   "regex": 0,
   "removeparam": 0,
   "redirect": 0,
   "modifyHeaders": 0,
   "strictblock": 1,
   "urlskip": 0,
   "discarded": 0,
   "rejected": 0
  },
  "css": {
   "generic": 0,
   "generichigh": 0,
   "specific": 0,
   "declarative": 0,
   "procedural": 0
  },
  "scriptlets": 0
 },
 {
  "id": "rou-1",
  "name": "🇷🇴ro 🇲🇩md: Romanian Ad (ROad) Block List Light",
  "group": "regions",
  "enabled": false,
  "lang": "ro",
  "tags": "ads romanian română moldavian moldovenească молдовеняскэ",
  "homeURL": "https://github.com/tcptomato/ROad-Block",
  "filters": {
   "total": 518,
   "accepted": 517,
   "rejected": 0
  },
  "rules": {
   "total": 386,
   "plain": 375,
   "regex": 4,
   "removeparam": 0,
   "redirect": 2,
   "modifyHeaders": 0,
   "strictblock": 5,
   "urlskip": 0,
   "discarded": 0,
   "rejected": 5
  },
  "css": {
   "generic": 12,
   "generichigh": 2,
   "specific": 381,
   "declarative": 2,
   "procedural": 54
  },
  "scriptlets": 10
 },
 {
  "id": "rus-0",
  "name": "🇷🇺ru 🇺🇦ua 🇺🇿uz 🇰🇿kz: RU AdList",
  "group": "regions",
  "parent": "🇷🇺ru 🇺🇦ua 🇺🇿uz 🇰🇿kz: RU AdList",
  "enabled": false,
  "lang": "be kk tt ru uz",
  "tags": "ads belarusian беларуская kazakh tatar russian русский ukrainian українська uzbek uk",
  "homeURL": "https://forums.lanik.us/viewforum.php?f=102",
  "filters": {
   "total": 18767,
   "accepted": 18756,
   "rejected": 8
  },
  "rules": {
   "total": 5932,
   "plain": 5837,
   "regex": 16,
   "removeparam": 17,
   "redirect": 18,
   "modifyHeaders": 38,
   "strictblock": 3,
   "urlskip": 0,
   "discarded": 0,
   "rejected": 6
  },
  "css": {
   "generic": 464,
   "generichigh": 488,
   "specific": 7531,
   "declarative": 912,
   "procedural": 355
  },
  "scriptlets": 27
 },
 {
  "id": "rus-1",
  "name": "🇷🇺ru 🇺🇦ua 🇺🇿uz 🇰🇿kz: RU AdList: Counters",
  "group": "regions",
  "parent": "🇷🇺ru 🇺🇦ua 🇺🇿uz 🇰🇿kz: RU AdList",
  "enabled": false,
  "tags": "ads belarusian беларуская kazakh tatar russian русский ukrainian українська uzbek be kk tt ru uk uz",
  "homeURL": "https://forums.lanik.us/viewforum.php?f=102",
  "filters": {
   "total": 1403,
   "accepted": 1402,
   "rejected": 1
  },
  "rules": {
   "total": 733,
   "plain": 604,
   "regex": 0,
   "removeparam": 95,
   "redirect": 6,
   "modifyHeaders": 1,
   "strictblock": 1,
   "urlskip": 0,
   "discarded": 0,
   "rejected": 27
  },
  "css": {
   "generic": 4,
   "generichigh": 20,
   "specific": 49,
   "declarative": 26,
   "procedural": 34
  },
  "scriptlets": 10
 },
 {
  "id": "spa-0",
  "name": "🇪🇸es 🇦🇷ar 🇲🇽mx 🇨🇴co: EasyList Spanish",
  "group": "regions",
  "enabled": false,
  "lang": "an ast ca cak es eu gl gn trs quz",
  "tags": "ads aragonese basque catalan spanish español galician guarani",
  "homeURL": "https://forums.lanik.us/viewforum.php?f=103",
  "filters": {
   "total": 705,
   "accepted": 704,
   "rejected": 1
  },
  "rules": {
   "total": 577,
   "plain": 569,
   "regex": 8,
   "removeparam": 0,
   "redirect": 0,
   "modifyHeaders": 0,
   "strictblock": 1,
   "urlskip": 0,
   "discarded": 0,
   "rejected": 0
  },
  "css": {
   "generic": 243,
   "generichigh": 19,
   "specific": 1386,
   "declarative": 0,
   "procedural": 24
  },
  "scriptlets": 0
 },
 {
  "id": "spa-1",
  "name": "🇪🇸es 🇦🇷ar 🇧🇷br 🇵🇹pt: AdGuard Spanish/Portuguese",
  "group": "regions",
  "enabled": false,
  "lang": "an ast ca cak es eu gl gn trs pt quz",
  "tags": "ads aragonese basque catalan spanish español galician guarani portuguese português",
  "homeURL": "https://github.com/AdguardTeam/AdguardFilters#adguard-filters",
  "filters": {
   "total": 1313,
   "accepted": 1305,
   "rejected": 3
  },
  "rules": {
   "total": 927,
   "plain": 883,
   "regex": 6,
   "removeparam": 0,
   "redirect": 27,
   "modifyHeaders": 0,
   "strictblock": 2,
   "urlskip": 0,
   "discarded": 0,
   "rejected": 11
  },
  "css": {
   "generic": 130,
   "generichigh": 4,
   "specific": 1834,
   "declarative": 169,
   "procedural": 78
  },
  "scriptlets": 25
 },
 {
  "id": "svn-0",
  "name": "🇸🇮si: Slovenian List",
  "group": "regions",
  "enabled": false,
  "lang": "sl",
  "tags": "ads slovenian slovenski",
  "homeURL": "https://github.com/betterwebleon/slovenian-list",
  "filters": {
   "total": 130,
   "accepted": 130,
   "rejected": 0
  },
  "rules": {
   "total": 82,
   "plain": 82,
   "regex": 0,
   "removeparam": 0,
   "redirect": 0,
   "modifyHeaders": 0,
   "strictblock": 1,
   "urlskip": 0,
   "discarded": 0,
   "rejected": 0
  },
  "css": {
   "generic": 4,
   "generichigh": 0,
   "specific": 150,
   "declarative": 0,
   "procedural": 2
  },
  "scriptlets": 0
 },
 {
  "id": "swe-1",
  "name": "🇸🇪se: Frellwit's Swedish Filter",
  "group": "regions",
  "enabled": false,
  "lang": "sv",
  "tags": "ads swedish svenska",
  "homeURL": "https://github.com/lassekongo83/Frellwits-filter-lists",
  "filters": {
   "total": 1731,
   "accepted": 1731,
   "rejected": 0
  },
  "rules": {
   "total": 1313,
   "plain": 1290,
   "regex": 1,
   "removeparam": 5,
   "redirect": 10,
   "modifyHeaders": 2,
   "strictblock": 4,
   "urlskip": 0,
   "discarded": 0,
   "rejected": 5
  },
  "css": {
   "generic": 238,
   "generichigh": 51,
   "specific": 1416,
   "declarative": 256,
   "procedural": 231
  },
  "scriptlets": 17
 },
 {
  "id": "tha-0",
  "name": "🇹🇭th: EasyList Thailand",
  "group": "regions",
  "enabled": false,
  "lang": "th",
  "tags": "ads thai ไทย",
  "homeURL": "https://github.com/easylist-thailand/easylist-thailand",
  "filters": {
   "total": 770,
   "accepted": 770,
   "rejected": 0
  },
  "rules": {
   "total": 760,
   "plain": 753,
   "regex": 2,
   "removeparam": 0,
   "redirect": 4,
   "modifyHeaders": 0,
   "strictblock": 1,
   "urlskip": 0,
   "discarded": 0,
   "rejected": 1
  },
  "css": {
   "generic": 1,
   "generichigh": 5,
   "specific": 184,
   "declarative": 0,
   "procedural": 11
  },
  "scriptlets": 6
 },
 {
  "id": "tur-0",
  "name": "🇹🇷tr: AdGuard Turkish",
  "group": "regions",
  "enabled": false,
  "lang": "tr",
  "tags": "ads turkish türkçe",
  "homeURL": "https://github.com/AdguardTeam/AdguardFilters#adguard-filters",
  "filters": {
   "total": 1428,
   "accepted": 1428,
   "rejected": 0
  },
  "rules": {
   "total": 1160,
   "plain": 1109,
   "regex": 12,
   "removeparam": 0,
   "redirect": 23,
   "modifyHeaders": 0,
   "strictblock": 1,
   "urlskip": 0,
   "discarded": 0,
   "rejected": 16
  },
  "css": {
   "generic": 173,
   "generichigh": 58,
   "specific": 2616,
   "declarative": 307,
   "procedural": 103
  },
  "scriptlets": 21
 },
 {
  "id": "ukr-0",
  "name": "🇺🇦ua: AdGuard Ukrainian",
  "group": "regions",
  "enabled": false,
  "lang": "uk",
  "tags": "ads ukraine україна",
  "homeURL": "https://github.com/AdguardTeam/AdguardFilters#adguard-filters",
  "filters": {
   "total": 4051,
   "accepted": 4051,
   "rejected": 0
  },
  "rules": {
   "total": 1462,
   "plain": 1421,
   "regex": 21,
   "removeparam": 2,
   "redirect": 16,
   "modifyHeaders": 0,
   "strictblock": 2,
   "urlskip": 0,
   "discarded": 0,
   "rejected": 2
  },
  "css": {
   "generic": 525,
   "generichigh": 25,
   "specific": 1248,
   "declarative": 114,
   "procedural": 94
  },
  "scriptlets": 10
 },
 {
  "id": "vie-1",
  "name": "🇻🇳vn: ABPVN List",
  "group": "regions",
  "enabled": false,
  "lang": "vi",
  "tags": "ads vietnamese việt",
  "homeURL": "https://abpvn.com/",
  "filters": {
   "total": 440,
   "accepted": 440,
   "rejected": 0
  },
  "rules": {
   "total": 310,
   "plain": 296,
   "regex": 2,
   "removeparam": 0,
   "redirect": 4,
   "modifyHeaders": 8,
   "strictblock": 1,
   "urlskip": 0,
   "discarded": 0,
   "rejected": 0
  },
  "css": {
   "generic": 34,
   "generichigh": 5,
   "specific": 394,
   "declarative": 5,
   "procedural": 2
  },
  "scriptlets": 10
 }
]
