[
{
 "action": {
  "responseHeaders": [
   {
    "header": "content-security-policy",
    "operation": "append",
    "value": "script-src"
   }
  ],
  "type": "modifyHeaders"
 },
 "condition": {
  "resourceTypes": [
   "main_frame",
   "sub_frame"
  ],
  "urlFilter": ".html?android=hx*&_"
 },
 "id": 1
},
{
 "action": {
  "responseHeaders": [
   {
    "header": "content-security-policy",
    "operation": "append",
    "value": "script-src"
   }
  ],
  "type": "modifyHeaders"
 },
 "condition": {
  "resourceTypes": [
   "main_frame",
   "sub_frame"
  ],
  "urlFilter": ".xyz/?channelcode="
 },
 "id": 2
},
{
 "action": {
  "responseHeaders": [
   {
    "header": "content-security-policy",
    "operation": "append",
    "value": "script-src"
   }
  ],
  "type": "modifyHeaders"
 },
 "condition": {
  "resourceTypes": [
   "main_frame",
   "sub_frame"
  ],
  "urlFilter": "/dayu2.html?channelcode="
 },
 "id": 3
},
{
 "action": {
  "responseHeaders": [
   {
    "header": "content-security-policy",
    "operation": "append",
    "value": "script-src"
   }
  ],
  "type": "modifyHeaders"
 },
 "condition": {
  "resourceTypes": [
   "main_frame",
   "sub_frame"
  ],
  "urlFilter": "://*:*/chunyu.html?k="
 },
 "id": 4
},
{
 "action": {
  "responseHeaders": [
   {
    "header": "content-security-policy",
    "operation": "append",
    "value": "script-src"
   }
  ],
  "type": "modifyHeaders"
 },
 "condition": {
  "resourceTypes": [
   "main_frame",
   "sub_frame"
  ],
  "urlFilter": "://*:*/yeyue.html?k="
 },
 "id": 5
},
{
 "action": {
  "responseHeaders": [
   {
    "header": "content-security-policy",
    "operation": "append",
    "value": "script-src 'self' * 'unsafe-inline'"
   }
  ],
  "type": "modifyHeaders"
 },
 "condition": {
  "initiatorDomains": [
   "1ingatlan.net",
   "1kans.net",
   "666biquge.com",
   "aidu123.com",
   "biquge2345.com",
   "biquge345.com",
   "biqugezw.us",
   "biquluo.info",
   "biquwx.cc",
   "bqgh.com",
   "bqug8.com",
   "candoug.com",
   "dbrxs.org",
   "dingdian911.com",
   "diyibanzhu44444.com",
   "gaofuwu.org",
   "haduzw.com",
   "hanziwen.com",
   "jmshuwu.net",
   "kaixindu.net",
   "kunnu.com",
   "maxshuku.com",
   "modaoshu.com",
   "nipubook.com",
   "nuoshuge.com",
   "puquz.com",
   "shukuge.com",
   "sthuojia.net",
   "tvyun07.com",
   "xianguke.net",
   "yourbiquge.com",
   "yswxs.com",
   "yushuwu.cloud",
   "zk01.net"
  ],
  "resourceTypes": [
   "main_frame",
   "sub_frame"
  ]
 },
 "id": 6
},
{
 "action": {
  "responseHeaders": [
   {
    "header": "content-security-policy",
    "operation": "append",
    "value": "script-src"
   }
  ],
  "type": "modifyHeaders"
 },
 "condition": {
  "resourceTypes": [
   "main_frame",
   "sub_frame"
  ],
  "urlFilter": "||57577.live^"
 },
 "id": 7
},
{
 "action": {
  "responseHeaders": [
   {
    "header": "content-security-policy",
    "operation": "append",
    "value": "script-src 'self' * 'unsafe-eval'"
   }
  ],
  "type": "modifyHeaders"
 },
 "condition": {
  "requestDomains": [
   "chinanewsx.com",
   "zoukankan.com"
  ],
  "resourceTypes": [
   "main_frame",
   "sub_frame"
  ]
 },
 "id": 6368
},
{
 "action": {
  "responseHeaders": [
   {
    "header": "content-security-policy",
    "operation": "append",
    "value": "script-src 'self' * 'unsafe-inline'"
   }
  ],
  "type": "modifyHeaders"
 },
 "condition": {
  "requestDomains": [
   "anixwallpaper.com",
   "hugo3c.tw"
  ],
  "resourceTypes": [
   "main_frame",
   "sub_frame"
  ]
 },
 "id": 6369
}
]
