[
{
 "action": {
  "responseHeaders": [
   {
    "header": "content-security-policy",
    "operation": "append",
    "value": "script-src 'self' 'unsafe-inline'"
   }
  ],
  "type": "modifyHeaders"
 },
 "condition": {
  "requestDomains": [
   "cliphot69.onl",
   "truyen4u.pro"
  ],
  "resourceTypes": [
   "main_frame",
   "sub_frame"
  ]
 },
 "id": 1
},
{
 "action": {
  "responseHeaders": [
   {
    "header": "content-security-policy",
    "operation": "append",
    "value": "script-src data: blob: * 'self' 'unsafe-inline'"
   }
  ],
  "type": "modifyHeaders"
 },
 "condition": {
  "resourceTypes": [
   "main_frame",
   "sub_frame"
  ],
  "urlFilter": "||baomoi.com^"
 },
 "id": 2
},
{
 "action": {
  "responseHeaders": [
   {
    "header": "content-security-policy",
    "operation": "append",
    "value": "script-src data: 'self' 'unsafe-inline' http: https:"
   }
  ],
  "type": "modifyHeaders"
 },
 "condition": {
  "resourceTypes": [
   "main_frame",
   "sub_frame"
  ],
  "urlFilter": "||huongdanjava.com^"
 },
 "id": 3
},
{
 "action": {
  "responseHeaders": [
   {
    "header": "content-security-policy",
    "operation": "append",
    "value": "script-src 'self' 'unsafe-inline' data: https:"
   }
  ],
  "type": "modifyHeaders"
 },
 "condition": {
  "resourceTypes": [
   "main_frame",
   "sub_frame"
  ],
  "urlFilter": "||taoanhdep.com^"
 },
 "id": 4
},
{
 "action": {
  "responseHeaders": [
   {
    "header": "content-security-policy",
    "operation": "append",
    "value": "script-src self * data:* 'unsafe-inline'"
   }
  ],
  "type": "modifyHeaders"
 },
 "condition": {
  "resourceTypes": [
   "main_frame",
   "sub_frame"
  ],
  "urlFilter": "||ungtycomicsnay.com^"
 },
 "id": 5
},
{
 "action": {
  "responseHeaders": [
   {
    "header": "content-security-policy",
    "operation": "append",
    "value": "script-src 'self' 'unsafe-inline' http: https:"
   }
  ],
  "type": "modifyHeaders"
 },
 "condition": {
  "resourceTypes": [
   "main_frame",
   "sub_frame"
  ],
  "urlFilter": "||www.iosviet.com^"
 },
 "id": 6
},
{
 "action": {
  "responseHeaders": [
   {
    "header": "content-security-policy",
    "operation": "append",
    "value": "script-src 'self' 'unsafe-inline' http"
   }
  ],
  "type": "modifyHeaders"
 },
 "condition": {
  "resourceTypes": [
   "main_frame",
   "sub_frame"
  ],
  "urlFilter": "||mangadm.cc^"
 },
 "id": 7
},
{
 "action": {
  "responseHeaders": [
   {
    "header": "content-security-policy",
    "operation": "append",
    "value": "script-src 'self' 'unsafe-eval'"
   }
  ],
  "type": "modifyHeaders"
 },
 "condition": {
  "resourceTypes": [
   "main_frame",
   "sub_frame"
  ],
  "urlFilter": "||sexdiaryx.live^"
 },
 "id": 8
}
]
