[
{
 "action": {
  "redirect": {
   "extensionPath": "/web_accessible_resources/noop-1s.mp4"
  },
  "type": "redirect"
 },
 "condition": {
  "initiatorDomains": [
   "laurelberninteriors.com",
   "safeframe.googlesyndication.com"
  ],
  "urlFilter": "||2mdn.net/videoplayback/"
 },
 "id": 1,
 "priority": 11
},
{
 "action": {
  "redirect": {
   "extensionPath": "/web_accessible_resources/noop-1s.mp4"
  },
  "type": "redirect"
 },
 "condition": {
  "initiatorDomains": [
   "laurelberninteriors.com",
   "safeframe.googlesyndication.com"
  ],
  "urlFilter": "||googlevideo.com/videoplayback?"
 },
 "id": 2,
 "priority": 11
},
{
 "action": {
  "redirect": {
   "extensionPath": "/web_accessible_resources/noop-1s.mp4"
  },
  "type": "redirect"
 },
 "condition": {
  "initiatorDomains": [
   "ktla.com"
  ],
  "urlFilter": "||innovid.com/media/encoded/*.mp4"
 },
 "id": 3,
 "priority": 11
},
{
 "action": {
  "redirect": {
   "extensionPath": "/web_accessible_resources/noop-1s.mp4"
  },
  "type": "redirect"
 },
 "condition": {
  "initiatorDomains": [
   "hitbdsm.com"
  ],
  "urlFilter": "||cfgr3.com/videos/*.mp4"
 },
 "id": 4,
 "priority": 11
},
{
 "action": {
  "redirect": {
   "extensionPath": "/web_accessible_resources/noop-1s.mp4"
  },
  "type": "redirect"
 },
 "condition": {
  "initiatorDomains": [
   "youjizz.com"
  ],
  "urlFilter": "||youjizz.com/kwiky*.mp4"
 },
 "id": 5,
 "priority": 11
}
]
