[
{"action":{"redirect":{"extensionPath":"/web_accessible_resources/noop.txt"},"type":"redirect"},"condition":{"initiatorDomains":["linternaute.com","sante.journaldesfemmes.fr"],"resourceTypes":["image","media","other","script","stylesheet","sub_frame","xmlhttprequest"],"urlFilter":"||kweb.r66net.com/getlink|"},"id":1,"priority":11},
{"action":{"redirect":{"extensionPath":"/web_accessible_resources/noop.txt"},"type":"redirect"},"condition":{"initiatorDomains":["ultimate-catch.eu"],"resourceTypes":["image","media","other","script","stylesheet","sub_frame","xmlhttprequest"],"urlFilter":"||cas.criteo.com/delivery/ajs.php^"},"id":2,"priority":11},
{"action":{"redirect":{"extensionPath":"/web_accessible_resources/noop.txt"},"type":"redirect"},"condition":{"resourceTypes":["image","media","other","script","stylesheet","sub_frame","xmlhttprequest"],"urlFilter":"||cache.go4up.com/assets/img/abutoned.gif"},"id":3,"priority":11},
{"action":{"redirect":{"extensionPath":"/web_accessible_resources/google-ima.js"},"type":"redirect"},"condition":{"initiatorDomains":["animationdigitalnetwork.com","animationdigitalnetwork.fr","geo.dailymotion.com","oqee.tv"],"resourceTypes":["script"],"urlFilter":"||imasdk.googleapis.com/js/sdkloader/ima3.js"},"id":4,"priority":11},
{"action":{"redirect":{"extensionPath":"/web_accessible_resources/googlesyndication_adsbygoogle.js"},"type":"redirect"},"condition":{"initiatorDomains":["trackmusik.fr"],"resourceTypes":["script","xmlhttprequest"],"urlFilter":"||pagead2.googlesyndication.com/pagead/js/adsbygoogle.js"},"id":5,"priority":11},
{"action":{"redirect":{"extensionPath":"/web_accessible_resources/googlesyndication_adsbygoogle.js"},"type":"redirect"},"condition":{"initiatorDomains":["animedigitalnetwork.fr","lecourrier-du-soir.com"],"resourceTypes":["script"],"urlFilter":"||pagead2.googlesyndication.com/pagead/js/adsbygoogle.js"},"id":6,"priority":11},
{"action":{"redirect":{"extensionPath":"/web_accessible_resources/noop.js"},"type":"redirect"},"condition":{"initiatorDomains":["commentcamarche.net"],"resourceTypes":["script"],"urlFilter":"||c.amazon-adsystem.com/aax2/apstag.js"},"id":7,"priority":11},
{"action":{"redirect":{"extensionPath":"/web_accessible_resources/noop.js"},"type":"redirect"},"condition":{"initiatorDomains":["commentcamarche.net"],"resourceTypes":["script"],"urlFilter":"||widgets.outbrain.com/outbrain.js"},"id":8,"priority":11},
{"action":{"redirect":{"extensionPath":"/web_accessible_resources/noop.js"},"type":"redirect"},"condition":{"initiatorDomains":["linternaute.com","sante.journaldesfemmes.fr"],"resourceTypes":["script"],"urlFilter":"||dpm.zebestof.com/*/tag.js"},"id":9,"priority":11},
{"action":{"redirect":{"extensionPath":"/web_accessible_resources/noop.js"},"type":"redirect"},"condition":{"initiatorDomains":["jardiner-malin.fr"],"resourceTypes":["script"],"urlFilter":"||cdn-a.yieldlove.com/yieldlove-bidder.js"},"id":10,"priority":11},
{"action":{"redirect":{"extensionPath":"/web_accessible_resources/noop.js"},"type":"redirect"},"condition":{"initiatorDomains":["linternaute.com","sante.journaldesfemmes.fr"],"resourceTypes":["script"],"urlFilter":"||amazon-adsystem.com/*/apstag.js"},"id":11,"priority":11},
{"action":{"redirect":{"extensionPath":"/web_accessible_resources/noop.js"},"type":"redirect"},"condition":{"initiatorDomains":["linternaute.com","sante.journaldesfemmes.fr"],"resourceTypes":["script"],"urlFilter":"||cdn.adsafeprotected.com/iaspet.*.js"},"id":12,"priority":11},
{"action":{"redirect":{"extensionPath":"/web_accessible_resources/noop.js"},"type":"redirect"},"condition":{"initiatorDomains":["linternaute.com","sante.journaldesfemmes.fr"],"resourceTypes":["script"],"urlFilter":"||pagead2.googlesyndication.com/pagead/js/adsbygoogle.js"},"id":13,"priority":11},
{"action":{"redirect":{"extensionPath":"/web_accessible_resources/noop.js"},"type":"redirect"},"condition":{"initiatorDomains":["ultimate-catch.eu"],"resourceTypes":["script"],"urlFilter":"||static.criteo.net/js/px.js"},"id":14,"priority":11},
{"action":{"redirect":{"extensionPath":"/web_accessible_resources/googletagservices_gpt.js"},"type":"redirect"},"condition":{"initiatorDomains":["capital.fr","gala.fr","gentside.com","geo.fr","voici.fr"],"resourceTypes":["script"],"urlFilter":"||securepubads.g.doubleclick.net/tag/js/gpt.js"},"id":15,"priority":11},
{"action":{"redirect":{"extensionPath":"/web_accessible_resources/amazon_apstag.js"},"type":"redirect"},"condition":{"initiatorDomains":["capital.fr","gala.fr","geo.fr","maxisciences.com","voici.fr"],"resourceTypes":["script"],"urlFilter":"||amazon-adsystem.com/aax2/apstag.js"},"id":16,"priority":11},
{"action":{"redirect":{"extensionPath":"/web_accessible_resources/noop.js"},"type":"redirect"},"condition":{"initiatorDomains":["capital.fr","gala.fr","geo.fr","voici.fr"],"resourceTypes":["script"],"urlFilter":"||js-sec.indexww.com/ht/p/*.js"},"id":17,"priority":11},
{"action":{"redirect":{"extensionPath":"/web_accessible_resources/noop-vmap1.xml"},"type":"redirect"},"condition":{"resourceTypes":["xmlhttprequest"],"urlFilter":"||wakanim.tv/*/advertisement?idepisode="},"id":18,"priority":11},
{"action":{"redirect":{"extensionPath":"/web_accessible_resources/google-analytics_analytics.js"},"type":"redirect"},"condition":{"initiatorDomains":["capital.fr","gala.fr","geo.fr","voici.fr"],"resourceTypes":["script"],"urlFilter":"||googletagmanager.com/gtm.js"},"id":19,"priority":11},
{"action":{"redirect":{"extensionPath":"/web_accessible_resources/noop-vmap1.xml"},"type":"redirect"},"condition":{"initiatorDomains":["canalplus.com"],"resourceTypes":["other","xmlhttprequest"],"urlFilter":"||proxy.ads.canalplus-bo.net/web/*/advert/?adinfo="},"id":20,"priority":11},
{"action":{"redirect":{"extensionPath":"/web_accessible_resources/noop.js"},"type":"redirect"},"condition":{"initiatorDomains":["capital.fr","gala.fr","geo.fr","voici.fr"],"resourceTypes":["script"],"urlFilter":"||prismamedia-com.videoplayerhub.com/galleryplayer.js"},"id":21,"priority":11},
{"action":{"redirect":{"extensionPath":"/web_accessible_resources/amazon_apstag.js"},"type":"redirect"},"condition":{"initiatorDomains":["femmeactuelle.fr","programme-tv.net"],"resourceTypes":["script"],"urlFilter":"||c.amazon-adsystem.com/aax2/apstag.js"},"id":22,"priority":11},
{"action":{"redirect":{"extensionPath":"/web_accessible_resources/noop.js"},"type":"redirect"},"condition":{"initiatorDomains":["tf1.fr"],"resourceTypes":["script"],"urlFilter":"||tf1.fr/assets/js/build/lib/ad"},"id":24,"priority":11},
{"action":{"redirect":{"extensionPath":"/web_accessible_resources/noop-0.1s.mp3"},"type":"redirect"},"condition":{"initiatorDomains":["m6.fr"],"resourceTypes":["media"],"urlFilter":"||cdn.stickyadstv.com/www/images/*.mp4"},"id":27,"priority":11},
{"action":{"redirect":{"extensionPath":"/web_accessible_resources/noop-1s.mp4"},"type":"redirect"},"condition":{"resourceTypes":["media"],"urlFilter":"||ads-canalplus.akamaized.net/*.mp4"},"id":28,"priority":11},
{"action":{"redirect":{"extensionPath":"/web_accessible_resources/noop-0.1s.mp3"},"type":"redirect"},"condition":{"initiatorDomains":["6play.fr","m6.fr"],"resourceTypes":["media"],"urlFilter":"||vod.6cloud.fr/pub/*.mp4"},"id":29,"priority":11},
{"action":{"redirect":{"extensionPath":"/web_accessible_resources/noop-1s.mp4"},"type":"redirect"},"condition":{"resourceTypes":["media"],"urlFilter":"||static.canal-plus.net/pub/*/*_*.mp4"},"id":30,"priority":11},
{"action":{"redirect":{"extensionPath":"/web_accessible_resources/noop-0.1s.mp3"},"type":"redirect"},"condition":{"initiatorDomains":["tf1.fr"],"resourceTypes":["media"],"urlFilter":"||delivery.tf1.fr/pub"},"id":31,"priority":11},
{"action":{"redirect":{"extensionPath":"/web_accessible_resources/noop-0.1s.mp3"},"type":"redirect"},"condition":{"initiatorDomains":["tf1.fr"],"requestDomains":["dnl-adv-ssl.tf1.fr","slpubmedias.tf1.fr"],"resourceTypes":["media"]},"id":32,"priority":11},
{"action":{"redirect":{"extensionPath":"/web_accessible_resources/noop-0.1s.mp3"},"type":"redirect"},"condition":{"initiatorDomains":["6play.fr"],"resourceTypes":["media"],"urlFilter":"||static.6cloud.fr^*.mp4"},"id":34,"priority":11}
]
