[
{"action":{"redirect":{"extensionPath":"/web_accessible_resources/googlesyndication_adsbygoogle.js"},"type":"redirect"},"condition":{"initiatorDomains":["ap-siken.com","battlecats-db.com","db-siken.com","fe-siken.com","fp1-siken.com","fp2-siken.com","fp3-siken.com","intaa.net","itpassportsiken.com","kakomonn.com","nw-siken.com","pm-siken.com","sc-siken.com","sg-siken.com"],"resourceTypes":["script"],"urlFilter":"||pagead2.googlesyndication.com/pagead/js/adsbygoogle.js"},"id":1,"priority":11},
{"action":{"redirect":{"extensionPath":"/web_accessible_resources/32x32.png"},"type":"redirect"},"condition":{"initiatorDomains":["exploader.net"],"resourceTypes":["image"],"urlFilter":"||daotag.com^"},"id":2,"priority":11},
{"action":{"redirect":{"extensionPath":"/web_accessible_resources/32x32.png"},"type":"redirect"},"condition":{"resourceTypes":["image"],"urlFilter":"||affiliate.dtiserv.com/image/dti/default128.jpg"},"id":3,"priority":11},
{"action":{"redirect":{"extensionPath":"/web_accessible_resources/googlesyndication_adsbygoogle.js"},"type":"redirect"},"condition":{"initiatorDomains":["coolpan.net","freemen.jp","gamemod.blog.fc2.com","helpsupport.blog.fc2.com","playai.nu"],"resourceTypes":["script"],"urlFilter":"||pagead2.googlesyndication.com/pagead/js/adsbygoogle.js"},"id":4,"priority":41},
{"action":{"redirect":{"extensionPath":"/web_accessible_resources/googlesyndication_adsbygoogle.js"},"type":"redirect"},"condition":{"initiatorDomains":["egotter.com"],"resourceTypes":["script","xmlhttprequest"],"urlFilter":"||pagead2.googlesyndication.com/pagead/js/adsbygoogle.js"},"id":5,"priority":11},
{"action":{"redirect":{"extensionPath":"/web_accessible_resources/googlesyndication_adsbygoogle.js"},"type":"redirect"},"condition":{"initiatorDomains":["rocketnews24.com","youpouch.com"],"resourceTypes":["script"],"urlFilter":"||pagead2.googlesyndication.com/pagead/"},"id":6,"priority":11},
{"action":{"redirect":{"extensionPath":"/web_accessible_resources/1x1.gif"},"type":"redirect"},"condition":{"initiatorDomains":["rocketnews24.com","youpouch.com"],"resourceTypes":["image"],"urlFilter":"||tpc.googlesyndication.com^"},"id":7,"priority":41},
{"action":{"redirect":{"extensionPath":"/web_accessible_resources/noop.js"},"type":"redirect"},"condition":{"initiatorDomains":["musenboya.com"],"resourceTypes":["script"],"urlFilter":"||ad-stir.com/js/adstir.js"},"id":8,"priority":11},
{"action":{"redirect":{"extensionPath":"/web_accessible_resources/noop.js"},"type":"redirect"},"condition":{"initiatorDomains":["musenboya.com"],"resourceTypes":["script"],"urlFilter":"||i-mobile.co.jp/script/v1/spot.js"},"id":9,"priority":11},
{"action":{"redirect":{"extensionPath":"/web_accessible_resources/noop.js"},"type":"redirect"},"condition":{"initiatorDomains":["musenboya.com"],"resourceTypes":["script"],"urlFilter":"||nend.net/js/nendadloader.js"},"id":10,"priority":11},
{"action":{"redirect":{"extensionPath":"/web_accessible_resources/googlesyndication_adsbygoogle.js"},"type":"redirect"},"condition":{"initiatorDomains":["nihongo-pro.com","real-sports.jp"],"resourceTypes":["script"],"urlFilter":"||googlesyndication.com/pagead/js/adsbygoogle.js"},"id":11,"priority":41},
{"action":{"redirect":{"extensionPath":"/web_accessible_resources/noop.js"},"type":"redirect"},"condition":{"initiatorDomains":["xn--u9j5h1btf1ez99qnszei5c8ws.com"],"resourceTypes":["script"],"urlFilter":"||glssp.net/gl_ad/"},"id":12,"priority":11},
{"action":{"redirect":{"extensionPath":"/web_accessible_resources/noop.js"},"type":"redirect"},"condition":{"initiatorDomains":["real-sports.jp"],"resourceTypes":["script"],"urlFilter":"||fensi.plus/store-ad.js"},"id":13,"priority":11},
{"action":{"redirect":{"extensionPath":"/web_accessible_resources/noop.js"},"type":"redirect"},"condition":{"resourceTypes":["script"],"urlFilter":"||k-img.com/script/libs/kkkns.des/jack.js"},"id":14,"priority":11},
{"action":{"redirect":{"extensionPath":"/web_accessible_resources/google-ima.js"},"type":"redirect"},"condition":{"initiatorDomains":["tver.jp"],"resourceTypes":["script"],"urlFilter":"||imasdk.googleapis.com/js/sdkloader/ima3.js"},"id":15,"priority":41},
{"action":{"redirect":{"extensionPath":"/web_accessible_resources/32x32.png"},"type":"redirect"},"condition":{"initiatorDomains":["syosetu.top"],"resourceTypes":["image"],"urlFilter":"||i.imgur.com^"},"id":16,"priority":11},
{"action":{"redirect":{"extensionPath":"/web_accessible_resources/googletagservices_gpt.js"},"type":"redirect"},"condition":{"initiatorDomains":["oricon.co.jp","phileweb.com"],"resourceTypes":["script"],"urlFilter":"||g.doubleclick.net/tag/js/gpt.js"},"id":17,"priority":11},
{"action":{"redirect":{"extensionPath":"/web_accessible_resources/noop.js"},"type":"redirect"},"condition":{"initiatorDomains":["baseball.yahoo.co.jp","soccer.yahoo.co.jp"],"resourceTypes":["script"],"urlFilter":"||yads.c.yimg.jp/uadf/yads_vimps.js"},"id":18,"priority":11},
{"action":{"redirect":{"extensionPath":"/web_accessible_resources/noop.js"},"type":"redirect"},"condition":{"initiatorDomains":["baseball.yahoo.co.jp","soccer.yahoo.co.jp"],"resourceTypes":["script"],"urlFilter":"||yimg.jp/images/advertising/common/js/iicon.min.js"},"id":19,"priority":11},
{"action":{"redirect":{"extensionPath":"/web_accessible_resources/noop.js"},"type":"redirect"},"condition":{"initiatorDomains":["nissan.co.jp"],"resourceTypes":["script"],"urlFilter":"||penta.a.one.impact-ad.jp^"},"id":20,"priority":11},
{"action":{"redirect":{"extensionPath":"/web_accessible_resources/noop.js"},"type":"redirect"},"condition":{"initiatorDomains":["nissan.co.jp"],"resourceTypes":["script"],"urlFilter":"||googleadservices.com/pagead/conversion.js"},"id":21,"priority":11},
{"action":{"redirect":{"extensionPath":"/web_accessible_resources/noop.js"},"type":"redirect"},"condition":{"initiatorDomains":["nissan.co.jp"],"resourceTypes":["script"],"urlFilter":"||img.ak.impact-ad.jp/sr/js/nissan_visitorapi_main.js"},"id":22,"priority":11},
{"action":{"redirect":{"extensionPath":"/web_accessible_resources/google-ima.js"},"type":"redirect"},"condition":{"initiatorDomains":["gd.gesoten.com"],"resourceTypes":["script"],"urlFilter":"||imasdk.googleapis.com/js/sdkloader/ima3.js"},"id":23,"priority":11},
{"action":{"redirect":{"extensionPath":"/web_accessible_resources/noop.html"},"type":"redirect"},"condition":{"initiatorDomains":["rocketnews24.com","youpouch.com"],"resourceTypes":["sub_frame"],"urlFilter":"||googlesyndication.com/safeframe/"},"id":24,"priority":11},
{"action":{"redirect":{"extensionPath":"/web_accessible_resources/noop.html"},"type":"redirect"},"condition":{"initiatorDomains":["realtime-chart.info","sekai-kabuka.com"],"resourceTypes":["sub_frame"],"urlFilter":"||googleads.g.doubleclick.net/pagead/ads?"},"id":25,"priority":11},
{"action":{"redirect":{"extensionPath":"/web_accessible_resources/noop-1s.mp4"},"type":"redirect"},"condition":{"requestDomains":["cdn-ads.api.tv-tokyo.co.jp","cu-ad.tbs.co.jp","cu-cdn-ad-v3.ntv.co.jp","i.socdm.com"],"resourceTypes":["media"]},"id":26,"priority":11},
{"action":{"redirect":{"extensionPath":"/web_accessible_resources/noop-1s.mp4"},"type":"redirect"},"condition":{"initiatorDomains":["funny-ai.com"],"resourceTypes":["media"],"urlFilter":"||stream.playerserve.com/stream/server/"},"id":27,"priority":11},
{"action":{"redirect":{"extensionPath":"/web_accessible_resources/noop.js"},"type":"redirect"},"condition":{"initiatorDomains":["news.biglobe.ne.jp"],"resourceTypes":["script"],"urlFilter":"||yads.c.yimg.jp/js/yads.js"},"id":28,"priority":41},
{"action":{"redirect":{"extensionPath":"/web_accessible_resources/noop-1s.mp4"},"type":"redirect"},"condition":{"initiatorDomains":["ordermaid.ai"],"resourceTypes":["media"],"urlFilter":"||nend.net^"},"id":29,"priority":41}
]
