[
{
 "action": {
  "redirect": {
   "extensionPath": "/web_accessible_resources/googletagservices_gpt.js"
  },
  "type": "redirect"
 },
 "condition": {
  "initiatorDomains": [
   "goplay.be",
   "nieuwsblad.be"
  ],
  "resourceTypes": [
   "script"
  ],
  "urlFilter": "||securepubads.g.doubleclick.net/tag/js/gpt.js"
 },
 "id": 1,
 "priority": 11
},
{
 "action": {
  "redirect": {
   "extensionPath": "/web_accessible_resources/noop.js"
  },
  "type": "redirect"
 },
 "condition": {
  "initiatorDomains": [
   "goplay.be"
  ],
  "resourceTypes": [
   "script"
  ],
  "urlFilter": "||imasdk.googleapis.com/js/sdkloader/ima3.js"
 },
 "id": 2,
 "priority": 11
},
{
 "action": {
  "redirect": {
   "extensionPath": "/web_accessible_resources/noop-1s.mp4"
  },
  "type": "redirect"
 },
 "condition": {
  "initiatorDomains": [
   "nos.nl"
  ],
  "resourceTypes": [
   "media"
  ],
  "urlFilter": "||cdn-ster-nl.akamaized.net/sterad_p_*.mp4^"
 },
 "id": 3,
 "priority": 11
}
]
