[
{
 "action": {
  "redirect": {
   "extensionPath": "/web_accessible_resources/noop.js"
  },
  "type": "redirect"
 },
 "condition": {
  "initiatorDomains": [
   "vgtv.no"
  ],
  "resourceTypes": [
   "script"
  ],
  "urlFilter": "||acdn.adnxs.com/ast/ast.js"
 },
 "id": 1,
 "priority": 11
},
{
 "action": {
  "redirect": {
   "extensionPath": "/web_accessible_resources/noop.js"
  },
  "type": "redirect"
 },
 "condition": {
  "initiatorDomains": [
   "vg.no"
  ],
  "resourceTypes": [
   "script"
  ],
  "urlFilter": "||damoh.vgtv.no/hic_qos"
 },
 "id": 2,
 "priority": 11
},
{
 "action": {
  "redirect": {
   "extensionPath": "/web_accessible_resources/googletagservices_gpt.js"
  },
  "type": "redirect"
 },
 "condition": {
  "initiatorDomains": [
   "vegetarbloggen.no"
  ],
  "resourceTypes": [
   "script"
  ],
  "urlFilter": "||googletagservices.com/tag/js/gpt.js"
 },
 "id": 3,
 "priority": 11
},
{
 "action": {
  "redirect": {
   "extensionPath": "/web_accessible_resources/noop.json"
  },
  "type": "redirect"
 },
 "condition": {
  "resourceTypes": [
   "xmlhttprequest"
  ],
  "urlFilter": "||vgc.no/cdn/js/libs/homad-config.json"
 },
 "id": 4,
 "priority": 11
},
{
 "action": {
  "redirect": {
   "extensionPath": "/web_accessible_resources/google-ima.js"
  },
  "type": "redirect"
 },
 "condition": {
  "initiatorDomains": [
   "feltet.dk"
  ],
  "resourceTypes": [
   "script"
  ],
  "urlFilter": "||imasdk.googleapis.com/js/sdkloader/ima3.js"
 },
 "id": 5,
 "priority": 11
},
{
 "action": {
  "redirect": {
   "extensionPath": "/web_accessible_resources/noop-1s.mp4"
  },
  "type": "redirect"
 },
 "condition": {
  "initiatorDomains": [
   "bold.dk"
  ],
  "resourceTypes": [
   "media"
  ],
  "urlFilter": "||freewheel-mtgx-tv.akamaized.net/*.mp4"
 },
 "id": 6,
 "priority": 11
},
{
 "action": {
  "redirect": {
   "extensionPath": "/web_accessible_resources/noop-0.1s.mp3"
  },
  "type": "redirect"
 },
 "condition": {
  "initiatorDomains": [
   "embed.viaplay.com"
  ],
  "resourceTypes": [
   "media"
  ],
  "urlFilter": "||freewheel-mtgx-tv.akamaized.net^"
 },
 "id": 7,
 "priority": 11
}
]
