[
{"action":{"redirect":{"extensionPath":"/web_accessible_resources/noop.js"},"type":"redirect"},"condition":{"resourceTypes":["script"],"urlFilter":"||go.onclasrv.com/apu.php"},"id":1,"priority":11},
{"action":{"redirect":{"extensionPath":"/web_accessible_resources/noop.js"},"type":"redirect"},"condition":{"resourceTypes":["script"],"urlFilter":"||aoredi.com/apu.php?"},"id":2,"priority":11},
{"action":{"redirect":{"extensionPath":"/web_accessible_resources/1x1.gif"},"type":"redirect"},"condition":{"initiatorDomains":["open.fm"],"resourceTypes":["image"],"urlFilter":"||doubleclick.net^"},"id":3,"priority":11},
{"action":{"redirect":{"extensionPath":"/web_accessible_resources/noop.js"},"type":"redirect"},"condition":{"initiatorDomains":["open.fm"],"resourceTypes":["script"],"urlFilter":"||criteo.net^"},"id":4,"priority":11},
{"action":{"redirect":{"extensionPath":"/web_accessible_resources/noop-0.1s.mp3"},"type":"redirect"},"condition":{"initiatorDomains":["tkchopin.pl"],"resourceTypes":["media"],"urlFilter":"||tkchopin.pl/cams/video_file/"},"id":18,"priority":11},
{"action":{"redirect":{"extensionPath":"/web_accessible_resources/noop-0.1s.mp3"},"type":"redirect"},"condition":{"resourceTypes":["media"],"urlFilter":"||adv.wp.pl/rm/box/*.mp4"},"id":19,"priority":11},
{"action":{"redirect":{"extensionPath":"/web_accessible_resources/noop-0.1s.mp3"},"type":"redirect"},"condition":{"excludedInitiatorDomains":["www.wp.pl"],"initiatorDomains":["autokult.pl","dobreprogramy.pl","echirurgia.pl","fotoblogia.pl","gadzetomania.pl","jejswiat.pl","kafeteria.pl","komorkomania.pl","medycyna24.pl","money.pl","o2.pl","parenting.pl","portal.abczdrowie.pl","pudelek.pl","wp.pl"],"resourceTypes":["media"],"urlFilter":"||v.wpimg.pl/"},"id":20,"priority":11},
{"action":{"redirect":{"extensionPath":"/web_accessible_resources/noop-0.1s.mp3"},"type":"redirect"},"condition":{"resourceTypes":["media"],"urlFilter":"||webcamera.pl/videointro/filead*.mp4"},"id":21,"priority":11},
{"action":{"redirect":{"extensionPath":"/web_accessible_resources/noop-0.1s.mp3"},"type":"redirect"},"condition":{"initiatorDomains":["twojapogoda.pl"],"resourceTypes":["media"],"urlFilter":"||ipla-*-*.pluscdn.pl/p/r/*/"},"id":22,"priority":11},
{"action":{"redirect":{"extensionPath":"/web_accessible_resources/noop-0.1s.mp3"},"type":"redirect"},"condition":{"initiatorDomains":["telewizjattm.pl"],"resourceTypes":["media"],"urlFilter":"||telewizjattm.pl/wioslo/*.mp4"},"id":23,"priority":11},
{"action":{"redirect":{"extensionPath":"/web_accessible_resources/noop-1s.mp4"},"type":"redirect"},"condition":{"initiatorDomains":["polsatnews.pl","polsatsport.pl"],"resourceTypes":["media"],"urlFilter":"||redirector.redefine.pl/r/"},"id":24,"priority":11},
{"action":{"redirect":{"extensionPath":"/web_accessible_resources/noop.js"},"type":"redirect"},"condition":{"domainType":"firstParty","resourceTypes":["script"],"urlFilter":"||olx.pl^*/advertising.js"},"id":26,"priority":11},
{"action":{"redirect":{"extensionPath":"/web_accessible_resources/click2load.html"},"type":"redirect"},"condition":{"domainType":"thirdParty","initiatorDomains":["orionblues.pinger.pl"],"regexFilter":"^https:\\/\\/(www\\.)?youtube(-nocookie)?\\.com\\/embed\\/","resourceTypes":["object","sub_frame"]},"id":27,"priority":11}
]
