[
 {
  "id": "default",
  "name": "Ads, trackers, miners, and more",
  "enabled": true,
  "homeURL": "https://github.com/uBlockOrigin/uAssets",
  "filters": {
   "total": 105540,
   "accepted": 104324,
   "rejected": 132
  },
  "rules": {
   "total": 16565,
   "plain": 14793,
   "regex": 153,
   "removeparam": 59,
   "redirect": 523,
   "modifyHeaders": 71,
   "strictblock": 28,
   "urlskip": 129,
   "discarded": 0,
   "rejected": 836
  },
  "css": {
   "generic": 13321,
   "generichigh": 523,
   "specific": 11900,
   "declarative": 945,
   "procedural": 1120
  },
  "scriptlets": 52
 },
 {
  "id": "badware",
  "name": "Badware risks",
  "group": "malware",
  "enabled": true,
  "homeURL": "https://github.com/uBlockOrigin/uAssets",
  "filters": {
   "total": 10912,
   "accepted": 10905,
   "rejected": 0
  },
  "rules": {
   "total": 1346,
   "plain": 1173,
   "regex": 123,
   "removeparam": 0,
   "redirect": 0,
   "modifyHeaders": 0,
   "strictblock": 395,
   "urlskip": 0,
   "discarded": 0,
   "rejected": 50
  },
  "css": {
   "generic": 13,
   "generichigh": 0,
   "specific": 284,
   "declarative": 3,
   "procedural": 28
  },
  "scriptlets": 3
 },
 {
  "id": "block-lan",
  "name": "Block Outsider Intrusion into LAN",
  "enabled": false,
  "homeURL": "https://github.com/uBlockOrigin/uAssets",
  "filters": {
   "total": 80,
   "accepted": 80,
   "rejected": 0
  },
  "rules": {
   "total": 16,
   "plain": 9,
   "regex": 7,
   "removeparam": 0,
   "redirect": 0,
   "modifyHeaders": 0,
   "strictblock": 0,
   "urlskip": 0,
   "discarded": 0,
   "rejected": 0
  },
  "css": {
   "generic": 0,
   "generichigh": 0,
   "specific": 0,
   "declarative": 0,
   "procedural": 0
  },
  "scriptlets": 0
 },
 {
  "id": "dpollock-0",
  "name": "Dan Pollock’s hosts file",
  "enabled": false,
  "homeURL": "https://someonewhocares.org/hosts/",
  "filters": {
   "total": 11737,
   "accepted": 11737,
   "rejected": 0
  },
  "rules": {
   "total": 1,
   "plain": 1,
   "regex": 0,
   "removeparam": 0,
   "redirect": 0,
   "modifyHeaders": 0,
   "strictblock": 1,
   "urlskip": 0,
   "discarded": 0,
   "rejected": 0
  },
  "css": {
   "generic": 0,
   "generichigh": 0,
   "specific": 0,
   "declarative": 0,
   "procedural": 0
  },
  "scriptlets": 0
 },
 {
  "id": "adguard-spyware-url",
  "name": "AdGuard URL Tracking Protection",
  "enabled": false,
  "homeURL": "https://github.com/AdguardTeam/AdguardFilters#adguard-filters",
  "filters": {
   "total": 2046,
   "accepted": 2033,
   "rejected": 0
  },
  "rules": {
   "total": 692,
   "plain": 0,
   "regex": 0,
   "removeparam": 572,
   "redirect": 0,
   "modifyHeaders": 0,
   "strictblock": 0,
   "urlskip": 0,
   "discarded": 0,
   "rejected": 120
  },
  "css": {
   "generic": 0,
   "generichigh": 0,
   "specific": 3,
   "declarative": 0,
   "procedural": 0
  },
  "scriptlets": 0
 },
 {
  "id": "annoyances-cookies",
  "name": "EasyList/uBO – Cookie Notices",
  "group": "annoyances",
  "enabled": false,
  "homeURL": "https://github.com/easylist/easylist#fanboy-lists",
  "filters": {
   "total": 1960,
   "accepted": 1960,
   "rejected": 0
  },
  "rules": {
   "total": 1653,
   "plain": 1652,
   "regex": 1,
   "removeparam": 0,
   "redirect": 0,
   "modifyHeaders": 0,
   "strictblock": 1,
   "urlskip": 0,
   "discarded": 0,
   "rejected": 0
  },
  "css": {
   "generic": 14665,
   "generichigh": 171,
   "specific": 16959,
   "declarative": 2759,
   "procedural": 29
  },
  "scriptlets": 18
 },
 {
  "id": "annoyances-overlays",
  "name": "EasyList/uBO – Overlay Notices",
  "group": "annoyances",
  "enabled": false,
  "homeURL": "https://github.com/easylist/easylist#fanboy-lists",
  "filters": {
   "total": 462,
   "accepted": 462,
   "rejected": 0
  },
  "rules": {
   "total": 346,
   "plain": 295,
   "regex": 0,
   "removeparam": 1,
   "redirect": 14,
   "modifyHeaders": 5,
   "strictblock": 1,
   "urlskip": 3,
   "discarded": 0,
   "rejected": 28
  },
  "css": {
   "generic": 1169,
   "generichigh": 14,
   "specific": 5004,
   "declarative": 1059,
   "procedural": 484
  },
  "scriptlets": 31
 },
 {
  "id": "annoyances-social",
  "name": "EasyList – Social Widgets",
  "group": "annoyances",
  "enabled": false,
  "homeURL": "https://github.com/easylist/easylist#fanboy-lists",
  "filters": {
   "total": 671,
   "accepted": 671,
   "rejected": 0
  },
  "rules": {
   "total": 593,
   "plain": 593,
   "regex": 0,
   "removeparam": 0,
   "redirect": 0,
   "modifyHeaders": 0,
   "strictblock": 0,
   "urlskip": 0,
   "discarded": 0,
   "rejected": 0
  },
  "css": {
   "generic": 9355,
   "generichigh": 112,
   "specific": 4441,
   "declarative": 5,
   "procedural": 18
  },
  "scriptlets": 1
 },
 {
  "id": "annoyances-widgets",
  "name": "EasyList – Chat Widgets",
  "group": "annoyances",
  "enabled": false,
  "homeURL": "https://github.com/easylist/easylist#fanboy-lists",
  "filters": {
   "total": 195,
   "accepted": 195,
   "rejected": 0
  },
  "rules": {
   "total": 48,
   "plain": 48,
   "regex": 0,
   "removeparam": 0,
   "redirect": 0,
   "modifyHeaders": 0,
   "strictblock": 1,
   "urlskip": 0,
   "discarded": 0,
   "rejected": 0
  },
  "css": {
   "generic": 11,
   "generichigh": 1,
   "specific": 6,
   "declarative": 0,
   "procedural": 0
  },
  "scriptlets": 0
 },
 {
  "id": "annoyances-others",
  "name": "EasyList – Other Annoyances",
  "group": "annoyances",
  "enabled": false,
  "homeURL": "https://github.com/easylist/easylist#fanboy-lists",
  "filters": {
   "total": 712,
   "accepted": 712,
   "rejected": 0
  },
  "rules": {
   "total": 404,
   "plain": 404,
   "regex": 0,
   "removeparam": 0,
   "redirect": 0,
   "modifyHeaders": 0,
   "strictblock": 1,
   "urlskip": 0,
   "discarded": 0,
   "rejected": 0
  },
  "css": {
   "generic": 773,
   "generichigh": 19,
   "specific": 2375,
   "declarative": 45,
   "procedural": 23
  },
  "scriptlets": 12
 },
 {
  "id": "urlhaus-full",
  "name": "Malicious URL Blocklist",
  "group": "malware",
  "enabled": true,
  "homeURL": "https://gitlab.com/malware-filter/urlhaus-filter",
  "filters": {
   "total": 3733,
   "accepted": 3733,
   "rejected": 0
  },
  "rules": {
   "total": 1,
   "plain": 1,
   "regex": 0,
   "removeparam": 0,
   "redirect": 0,
   "modifyHeaders": 0,
   "strictblock": 1,
   "urlskip": 0,
   "discarded": 0,
   "rejected": 0
  },
  "css": {
   "generic": 0,
   "generichigh": 0,
   "specific": 0,
   "declarative": 0,
   "procedural": 0
  },
  "scriptlets": 0
 },
 {
  "id": "openphish-domains",
  "name": "OpenPhish Domain Blocklist",
  "group": "malware",
  "enabled": true,
  "homeURL": "https://github.com/stephenhawk8054/openphish-adblock",
  "filters": {
   "total": 76702,
   "accepted": 76702,
   "rejected": 0
  },
  "rules": {
   "total": 6,
   "plain": 6,
   "regex": 0,
   "removeparam": 0,
   "redirect": 0,
   "modifyHeaders": 0,
   "strictblock": 6,
   "urlskip": 0,
   "discarded": 0,
   "rejected": 0
  },
  "css": {
   "generic": 0,
   "generichigh": 0,
   "specific": 0,
   "declarative": 0,
   "procedural": 0
  },
  "scriptlets": 0
 },
 {
  "id": "stevenblack-hosts",
  "name": "Steven Black’s Unified Hosts (adware + malware)",
  "enabled": false,
  "homeURL": "https://github.com/StevenBlack/hosts#readme",
  "filters": {
   "total": 133641,
   "accepted": 133641,
   "rejected": 0
  },
  "rules": {
   "total": 2,
   "plain": 1,
   "regex": 0,
   "removeparam": 0,
   "redirect": 0,
   "modifyHeaders": 0,
   "strictblock": 1,
   "urlskip": 0,
   "discarded": 0,
   "rejected": 1
  },
  "css": {
   "generic": 0,
   "generichigh": 0,
   "specific": 0,
   "declarative": 0,
   "procedural": 0
  },
  "scriptlets": 0
 },
 {
  "id": "ubol-tests",
  "name": "uBO Lite Test Filters",
  "enabled": false,
  "homeURL": "https://ublockorigin.github.io/uBOL-home/tests/test-filters.html",
  "filters": {
   "total": 8,
   "accepted": 8,
   "rejected": 0
  },
  "rules": {
   "total": 6,
   "plain": 3,
   "regex": 1,
   "removeparam": 0,
   "redirect": 1,
   "modifyHeaders": 1,
   "strictblock": 0,
   "urlskip": 0,
   "discarded": 0,
   "rejected": 0
  },
  "css": {
   "generic": 3,
   "generichigh": 0,
   "specific": 4,
   "declarative": 2,
   "procedural": 2
  },
  "scriptlets": 5
 },
 {
  "id": "alb-0",
  "name": "🇦🇱al 🇽🇰xk: Adblock List for Albania",
  "group": "regions",
  "enabled": false,
  "lang": "sq",
  "tags": "ads albania shqipja",
  "homeURL": "https://github.com/AnXh3L0/blocklist",
  "filters": {
   "total": 35,
   "accepted": 35,
   "rejected": 0
  },
  "rules": {
   "total": 32,
   "plain": 29,
   "regex": 0,
   "removeparam": 0,
   "redirect": 0,
   "modifyHeaders": 0,
   "strictblock": 1,
   "urlskip": 0,
   "discarded": 0,
   "rejected": 3
  },
  "css": {
   "generic": 6,
   "generichigh": 0,
   "specific": 107,
   "declarative": 3,
   "procedural": 4
  },
  "scriptlets": 0
 },
 {
  "id": "bgr-0",
  "name": "🇧🇬bg: Bulgarian Adblock list",
  "group": "regions",
  "enabled": false,
  "lang": "bg mk",
  "tags": "ads bulgarian България macedonian Македонија",
  "homeURL": "https://stanev.org/abp/",
  "filters": {
   "total": 718,
   "accepted": 718,
   "rejected": 0
  },
  "rules": {
   "total": 710,
   "plain": 710,
   "regex": 0,
   "removeparam": 0,
   "redirect": 0,
   "modifyHeaders": 0,
   "strictblock": 1,
   "urlskip": 0,
   "discarded": 0,
   "rejected": 0
  },
  "css": {
   "generic": 12,
   "generichigh": 0,
   "specific": 182,
   "declarative": 0,
   "procedural": 0
  },
  "scriptlets": 0
 },
 {
  "id": "chn-0",
  "name": "🇨🇳cn 🇹🇼tw: AdGuard Chinese (中文)",
  "group": "regions",
  "enabled": false,
  "lang": "ug zh",
  "tags": "ads chinese 中文",
  "homeURL": "https://github.com/AdguardTeam/AdguardFilters#adguard-filters",
  "filters": {
   "total": 13166,
   "accepted": 13150,
   "rejected": 3
  },
  "rules": {
   "total": 6497,
   "plain": 6423,
   "regex": 24,
   "removeparam": 2,
   "redirect": 31,
   "modifyHeaders": 9,
   "strictblock": 1,
   "urlskip": 0,
   "discarded": 0,
   "rejected": 8
  },
  "css": {
   "generic": 952,
   "generichigh": 202,
   "specific": 3266,
   "declarative": 111,
   "procedural": 97
  },
  "scriptlets": 20
 },
 {
  "id": "cze-0",
  "name": "🇨🇿cz 🇸🇰sk: EasyList Czech and Slovak",
  "group": "regions",
  "enabled": false,
  "lang": "cs sk",
  "tags": "ads czech česká slovak slovenská",
  "homeURL": "https://github.com/tomasko126/easylistczechandslovak",
  "filters": {
   "total": 245,
   "accepted": 245,
   "rejected": 0
  },
  "rules": {
   "total": 141,
   "plain": 132,
   "regex": 0,
   "removeparam": 0,
   "redirect": 4,
   "modifyHeaders": 1,
   "strictblock": 2,
   "urlskip": 0,
   "discarded": 0,
   "rejected": 4
  },
  "css": {
   "generic": 53,
   "generichigh": 4,
   "specific": 209,
   "declarative": 17,
   "procedural": 18
  },
  "scriptlets": 11
 },
 {
  "id": "deu-0",
  "name": "🇩🇪de 🇨🇭ch 🇦🇹at: EasyList Germany",
  "group": "regions",
  "enabled": false,
  "lang": "de dsb hsb lb rm",
  "tags": "ads german deutschland luxembourgish lëtzebuerg romansh",
  "homeURL": "https://forums.lanik.us/viewforum.php?f=90",
  "filters": {
   "total": 2341,
   "accepted": 2341,
   "rejected": 0
  },
  "rules": {
   "total": 1833,
   "plain": 1818,
   "regex": 4,
   "removeparam": 0,
   "redirect": 4,
   "modifyHeaders": 1,
   "strictblock": 1,
   "urlskip": 0,
   "discarded": 0,
   "rejected": 6
  },
  "css": {
   "generic": 379,
   "generichigh": 35,
   "specific": 2054,
   "declarative": 0,
   "procedural": 76
  },
  "scriptlets": 0
 },
 {
  "id": "fin-0",
  "name": "🇫🇮fi: Adblock List for Finland",
  "group": "regions",
  "enabled": false,
  "lang": "fi",
  "tags": "ads finnish",
  "homeURL": "https://github.com/finnish-easylist-addition/finnish-easylist-addition",
  "filters": {
   "total": 201,
   "accepted": 201,
   "rejected": 0
  },
  "rules": {
   "total": 179,
   "plain": 169,
   "regex": 3,
   "removeparam": 2,
   "redirect": 5,
   "modifyHeaders": 0,
   "strictblock": 0,
   "urlskip": 0,
   "discarded": 0,
   "rejected": 0
  },
  "css": {
   "generic": 62,
   "generichigh": 14,
   "specific": 574,
   "declarative": 18,
   "procedural": 116
  },
  "scriptlets": 8
 },
 {
  "id": "fra-0",
  "name": "🇫🇷fr 🇨🇦ca: AdGuard Français",
  "group": "regions",
  "enabled": false,
  "lang": "ar br ff fr lb oc son",
  "tags": "ads french",
  "homeURL": "https://github.com/AdguardTeam/AdguardFilters#adguard-filters",
  "filters": {
   "total": 12590,
   "accepted": 12327,
   "rejected": 254
  },
  "rules": {
   "total": 4242,
   "plain": 4194,
   "regex": 2,
   "removeparam": 0,
   "redirect": 30,
   "modifyHeaders": 6,
   "strictblock": 1,
   "urlskip": 0,
   "discarded": 0,
   "rejected": 10
  },
  "css": {
   "generic": 1709,
   "generichigh": 221,
   "specific": 1773,
   "declarative": 50,
   "procedural": 112
  },
  "scriptlets": 16
 },
 {
  "id": "grc-0",
  "name": "🇬🇷gr 🇨🇾cy: Greek AdBlock Filter",
  "group": "regions",
  "enabled": false,
  "lang": "el",
  "tags": "ads greek",
  "homeURL": "https://github.com/kargig/greek-adblockplus-filter",
  "filters": {
   "total": 466,
   "accepted": 466,
   "rejected": 0
  },
  "rules": {
   "total": 431,
   "plain": 431,
   "regex": 0,
   "removeparam": 0,
   "redirect": 0,
   "modifyHeaders": 0,
   "strictblock": 3,
   "urlskip": 0,
   "discarded": 0,
   "rejected": 0
  },
  "css": {
   "generic": 10,
   "generichigh": 5,
   "specific": 200,
   "declarative": 5,
   "procedural": 3
  },
  "scriptlets": 2
 },
 {
  "id": "hrv-0",
  "name": "🇭🇷hr 🇷🇸rs: Dandelion Sprout's Serbo-Croatian filters",
  "group": "regions",
  "enabled": false,
  "lang": "bs hr sr",
  "tags": "ads croatian serbian bosnian",
  "homeURL": "https://github.com/DandelionSprout/adfilt#readme",
  "filters": {
   "total": 91,
   "accepted": 91,
   "rejected": 0
  },
  "rules": {
   "total": 79,
   "plain": 79,
   "regex": 0,
   "removeparam": 0,
   "redirect": 0,
   "modifyHeaders": 0,
   "strictblock": 1,
   "urlskip": 0,
   "discarded": 0,
   "rejected": 0
  },
  "css": {
   "generic": 16,
   "generichigh": 1,
   "specific": 174,
   "declarative": 2,
   "procedural": 2
  },
  "scriptlets": 0
 },
 {
  "id": "hun-0",
  "name": "🇭🇺hu: hufilter",
  "group": "regions",
  "enabled": false,
  "lang": "hu",
  "tags": "ads hungarian",
  "homeURL": "https://github.com/hufilter/hufilter",
  "filters": {
   "total": 316,
   "accepted": 316,
   "rejected": 0
  },
  "rules": {
   "total": 199,
   "plain": 195,
   "regex": 1,
   "removeparam": 0,
   "redirect": 3,
   "modifyHeaders": 0,
   "strictblock": 1,
   "urlskip": 0,
   "discarded": 0,
   "rejected": 0
  },
  "css": {
   "generic": 57,
   "generichigh": 14,
   "specific": 481,
   "declarative": 26,
   "procedural": 24
  },
  "scriptlets": 13
 },
 {
  "id": "idn-0",
  "name": "🇮🇩id 🇲🇾my: ABPindo",
  "group": "regions",
  "enabled": false,
  "lang": "id ms",
  "tags": "ads indonesian malay",
  "homeURL": "https://github.com/ABPindo/indonesianadblockrules",
  "filters": {
   "total": 4065,
   "accepted": 4065,
   "rejected": 0
  },
  "rules": {
   "total": 3066,
   "plain": 3066,
   "regex": 0,
   "removeparam": 0,
   "redirect": 0,
   "modifyHeaders": 0,
   "strictblock": 1,
   "urlskip": 0,
   "discarded": 0,
   "rejected": 0
  },
  "css": {
   "generic": 237,
   "generichigh": 3764,
   "specific": 638,
   "declarative": 2,
   "procedural": 8
  },
  "scriptlets": 12
 },
 {
  "id": "ind-0",
  "name": "🇮🇳in 🇱🇰lk 🇳🇵np: IndianList",
  "group": "regions",
  "enabled": false,
  "lang": "as bn gu hi kn ml mr ne pa si ta te",
  "tags": "ads assamese bengali gujarati hindi kannada malayalam marathi nepali punjabi sinhala tamil telugu",
  "homeURL": "https://github.com/mediumkreation/IndianList",
  "filters": {
   "total": 4663,
   "accepted": 4663,
   "rejected": 0
  },
  "rules": {
   "total": 4623,
   "plain": 4622,
   "regex": 0,
   "removeparam": 0,
   "redirect": 0,
   "modifyHeaders": 0,
   "strictblock": 0,
   "urlskip": 0,
   "discarded": 0,
   "rejected": 1
  },
  "css": {
   "generic": 9,
   "generichigh": 0,
   "specific": 5020,
   "declarative": 0,
   "procedural": 120
  },
  "scriptlets": 0
 },
 {
  "id": "irn-0",
  "name": "🇮🇷ir: PersianBlocker",
  "group": "regions",
  "enabled": false,
  "lang": "fa ps tg",
  "tags": "ads af ir persian pashto tajik tj",
  "homeURL": "https://github.com/MasterKia/PersianBlocker",
  "filters": {
   "total": 1279,
   "accepted": 1279,
   "rejected": 0
  },
  "rules": {
   "total": 679,
   "plain": 635,
   "regex": 1,
   "removeparam": 15,
   "redirect": 4,
   "modifyHeaders": 2,
   "strictblock": 3,
   "urlskip": 0,
   "discarded": 0,
   "rejected": 22
  },
  "css": {
   "generic": 48,
   "generichigh": 2,
   "specific": 501,
   "declarative": 70,
   "procedural": 132
  },
  "scriptlets": 21
 },
 {
  "id": "isl-0",
  "name": "🇮🇸is: Icelandic ABP List",
  "group": "regions",
  "enabled": false,
  "lang": "is",
  "tags": "ads icelandic",
  "homeURL": "https://github.com/brave/adblock-lists/issues",
  "filters": {
   "total": 12,
   "accepted": 12,
   "rejected": 0
  },
  "rules": {
   "total": 12,
   "plain": 11,
   "regex": 0,
   "removeparam": 0,
   "redirect": 0,
   "modifyHeaders": 0,
   "strictblock": 1,
   "urlskip": 0,
   "discarded": 0,
   "rejected": 1
  },
  "css": {
   "generic": 0,
   "generichigh": 0,
   "specific": 34,
   "declarative": 0,
   "procedural": 1
  },
  "scriptlets": 0
 },
 {
  "id": "isr-0",
  "name": "🇮🇱il: EasyList Hebrew",
  "group": "regions",
  "enabled": false,
  "lang": "he",
  "tags": "ads hebrew",
  "homeURL": "https://github.com/easylist/EasyListHebrew",
  "filters": {
   "total": 687,
   "accepted": 687,
   "rejected": 0
  },
  "rules": {
   "total": 273,
   "plain": 243,
   "regex": 4,
   "removeparam": 0,
   "redirect": 14,
   "modifyHeaders": 1,
   "strictblock": 1,
   "urlskip": 0,
   "discarded": 0,
   "rejected": 11
  },
  "css": {
   "generic": 23,
   "generichigh": 0,
   "specific": 409,
   "declarative": 4,
   "procedural": 8
  },
  "scriptlets": 9
 },
 {
  "id": "ita-0",
  "name": "🇮🇹it: EasyList Italy",
  "group": "regions",
  "enabled": false,
  "lang": "it lij",
  "tags": "ads italian",
  "homeURL": "https://forums.lanik.us/viewforum.php?f=96",
  "filters": {
   "total": 1131,
   "accepted": 1131,
   "rejected": 0
  },
  "rules": {
   "total": 1036,
   "plain": 1033,
   "regex": 3,
   "removeparam": 0,
   "redirect": 0,
   "modifyHeaders": 0,
   "strictblock": 1,
   "urlskip": 0,
   "discarded": 0,
   "rejected": 0
  },
  "css": {
   "generic": 375,
   "generichigh": 54,
   "specific": 2824,
   "declarative": 0,
   "procedural": 22
  },
  "scriptlets": 0
 },
 {
  "id": "jpn-1",
  "name": "🇯🇵jp: AdGuard Japanese",
  "group": "regions",
  "enabled": false,
  "lang": "ja",
  "tags": "ads japanese 日本語",
  "homeURL": "https://github.com/AdguardTeam/AdguardFilters#adguard-filters",
  "filters": {
   "total": 2168,
   "accepted": 2168,
   "rejected": 0
  },
  "rules": {
   "total": 1604,
   "plain": 1541,
   "regex": 20,
   "removeparam": 0,
   "redirect": 27,
   "modifyHeaders": 0,
   "strictblock": 156,
   "urlskip": 0,
   "discarded": 0,
   "rejected": 16
  },
  "css": {
   "generic": 195,
   "generichigh": 12,
   "specific": 5052,
   "declarative": 186,
   "procedural": 728
  },
  "scriptlets": 21
 },
 {
  "id": "kor-1",
  "name": "🇰🇷kr: List-KR",
  "group": "regions",
  "enabled": false,
  "lang": "ko",
  "tags": "ads korean 한국어",
  "homeURL": "https://github.com/List-KR/List-KR#readme",
  "filters": {
   "total": 1464,
   "accepted": 1457,
   "rejected": 0
  },
  "rules": {
   "total": 1075,
   "plain": 864,
   "regex": 157,
   "removeparam": 1,
   "redirect": 22,
   "modifyHeaders": 0,
   "strictblock": 10,
   "urlskip": 0,
   "discarded": 0,
   "rejected": 31
  },
  "css": {
   "generic": 36,
   "generichigh": 71,
   "specific": 1618,
   "declarative": 176,
   "procedural": 96
  },
  "scriptlets": 16
 },
 {
  "id": "ltu-0",
  "name": "🇱🇹lt: EasyList Lithuania",
  "group": "regions",
  "enabled": false,
  "lang": "lt",
  "tags": "ads lithuanian",
  "homeURL": "https://github.com/EasyList-Lithuania/easylist_lithuania",
  "filters": {
   "total": 567,
   "accepted": 567,
   "rejected": 0
  },
  "rules": {
   "total": 521,
   "plain": 517,
   "regex": 2,
   "removeparam": 0,
   "redirect": 2,
   "modifyHeaders": 0,
   "strictblock": 1,
   "urlskip": 0,
   "discarded": 0,
   "rejected": 0
  },
  "css": {
   "generic": 4,
   "generichigh": 3,
   "specific": 325,
   "declarative": 7,
   "procedural": 8
  },
  "scriptlets": 5
 },
 {
  "id": "lva-0",
  "name": "🇱🇻lv: Latvian List",
  "group": "regions",
  "enabled": false,
  "lang": "lv",
  "tags": "ads latvian",
  "homeURL": "https://github.com/Latvian-List/adblock-latvian",
  "filters": {
   "total": 195,
   "accepted": 195,
   "rejected": 0
  },
  "rules": {
   "total": 154,
   "plain": 154,
   "regex": 0,
   "removeparam": 0,
   "redirect": 0,
   "modifyHeaders": 0,
   "strictblock": 1,
   "urlskip": 0,
   "discarded": 0,
   "rejected": 0
  },
  "css": {
   "generic": 5,
   "generichigh": 2,
   "specific": 80,
   "declarative": 0,
   "procedural": 8
  },
  "scriptlets": 2
 },
 {
  "id": "mkd-0",
  "name": "🇲🇰mk: Macedonian adBlock Filters",
  "group": "regions",
  "enabled": false,
  "lang": "mk",
  "tags": "ads macedonian",
  "homeURL": "https://github.com/DeepSpaceHarbor/Macedonian-adBlock-Filters",
  "filters": {
   "total": 291,
   "accepted": 291,
   "rejected": 0
  },
  "rules": {
   "total": 160,
   "plain": 159,
   "regex": 0,
   "removeparam": 0,
   "redirect": 0,
   "modifyHeaders": 0,
   "strictblock": 1,
   "urlskip": 0,
   "discarded": 0,
   "rejected": 1
  },
  "css": {
   "generic": 3,
   "generichigh": 1,
   "specific": 119,
   "declarative": 2,
   "procedural": 0
  },
  "scriptlets": 0
 },
 {
  "id": "nld-0",
  "name": "🇳🇱nl 🇧🇪be: AdGuard Dutch",
  "group": "regions",
  "enabled": false,
  "lang": "af fy nl",
  "tags": "ads afrikaans be belgië frisian dutch flemish nederlands netherlands nl sr suriname za",
  "homeURL": "https://github.com/AdguardTeam/AdguardFilters#adguard-filters",
  "filters": {
   "total": 554,
   "accepted": 552,
   "rejected": 0
  },
  "rules": {
   "total": 477,
   "plain": 473,
   "regex": 1,
   "removeparam": 0,
   "redirect": 3,
   "modifyHeaders": 0,
   "strictblock": 1,
   "urlskip": 0,
   "discarded": 0,
   "rejected": 0
  },
  "css": {
   "generic": 66,
   "generichigh": 5,
   "specific": 947,
   "declarative": 11,
   "procedural": 66
  },
  "scriptlets": 12
 },
 {
  "id": "nor-0",
  "name": "🇳🇴no 🇩🇰dk 🇮🇸is: Dandelion Sprouts nordiske filtre",
  "group": "regions",
  "enabled": false,
  "lang": "nb nn no da is",
  "tags": "ads norwegian danish icelandic",
  "homeURL": "https://github.com/DandelionSprout/adfilt",
  "filters": {
   "total": 2427,
   "accepted": 2427,
   "rejected": 0
  },
  "rules": {
   "total": 644,
   "plain": 623,
   "regex": 5,
   "removeparam": 0,
   "redirect": 6,
   "modifyHeaders": 0,
   "strictblock": 74,
   "urlskip": 0,
   "discarded": 0,
   "rejected": 10
  },
  "css": {
   "generic": 235,
   "generichigh": 50,
   "specific": 720,
   "declarative": 133,
   "procedural": 62
  },
  "scriptlets": 9
 },
 {
  "id": "pol-0",
  "name": "🇵🇱pl: Oficjalne Polskie Filtry do uBlocka Origin",
  "group": "regions",
  "parent": "🇵🇱pl: Oficjalne Polskie Filtry",
  "enabled": false,
  "lang": "szl pl",
  "tags": "ads polish polski",
  "homeURL": "https://github.com/MajkiIT/polish-ads-filter/issues",
  "filters": {
   "total": 1491,
   "accepted": 1490,
   "rejected": 1
  },
  "rules": {
   "total": 1074,
   "plain": 993,
   "regex": 43,
   "removeparam": 0,
   "redirect": 29,
   "modifyHeaders": 0,
   "strictblock": 1,
   "urlskip": 0,
   "discarded": 0,
   "rejected": 9
  },
  "css": {
   "generic": 128,
   "generichigh": 56,
   "specific": 3770,
   "declarative": 185,
   "procedural": 125
  },
  "scriptlets": 13
 },
 {
  "id": "rou-1",
  "name": "🇷🇴ro 🇲🇩md: Romanian Ad (ROad) Block List Light",
  "group": "regions",
  "enabled": false,
  "lang": "ro",
  "tags": "ads romanian română moldavian moldovenească молдовеняскэ",
  "homeURL": "https://github.com/tcptomato/ROad-Block",
  "filters": {
   "total": 516,
   "accepted": 515,
   "rejected": 0
  },
  "rules": {
   "total": 384,
   "plain": 374,
   "regex": 4,
   "removeparam": 0,
   "redirect": 1,
   "modifyHeaders": 0,
   "strictblock": 4,
   "urlskip": 0,
   "discarded": 0,
   "rejected": 5
  },
  "css": {
   "generic": 12,
   "generichigh": 3,
   "specific": 381,
   "declarative": 2,
   "procedural": 54
  },
  "scriptlets": 10
 },
 {
  "id": "rus-0",
  "name": "🇷🇺ru 🇺🇦ua 🇺🇿uz 🇰🇿kz: RU AdList",
  "group": "regions",
  "parent": "🇷🇺ru 🇺🇦ua 🇺🇿uz 🇰🇿kz: RU AdList",
  "enabled": false,
  "lang": "be kk tt ru uz",
  "tags": "ads belarusian беларуская kazakh tatar russian русский ukrainian українська uzbek",
  "homeURL": "https://forums.lanik.us/viewforum.php?f=102",
  "filters": {
   "total": 18677,
   "accepted": 18667,
   "rejected": 7
  },
  "rules": {
   "total": 5912,
   "plain": 5819,
   "regex": 16,
   "removeparam": 17,
   "redirect": 17,
   "modifyHeaders": 37,
   "strictblock": 3,
   "urlskip": 0,
   "discarded": 0,
   "rejected": 6
  },
  "css": {
   "generic": 467,
   "generichigh": 590,
   "specific": 7549,
   "declarative": 912,
   "procedural": 346
  },
  "scriptlets": 27
 },
 {
  "id": "rus-1",
  "name": "🇷🇺ru 🇺🇦ua 🇺🇿uz 🇰🇿kz: RU AdList: Counters",
  "group": "regions",
  "parent": "🇷🇺ru 🇺🇦ua 🇺🇿uz 🇰🇿kz: RU AdList",
  "enabled": false,
  "tags": "ads belarusian беларуская kazakh tatar russian русский ukrainian українська uzbek be kk tt ru uk uz",
  "homeURL": "https://forums.lanik.us/viewforum.php?f=102",
  "filters": {
   "total": 1398,
   "accepted": 1398,
   "rejected": 0
  },
  "rules": {
   "total": 731,
   "plain": 602,
   "regex": 0,
   "removeparam": 95,
   "redirect": 6,
   "modifyHeaders": 1,
   "strictblock": 1,
   "urlskip": 0,
   "discarded": 0,
   "rejected": 27
  },
  "css": {
   "generic": 4,
   "generichigh": 23,
   "specific": 49,
   "declarative": 26,
   "procedural": 34
  },
  "scriptlets": 10
 },
 {
  "id": "spa-0",
  "name": "🇪🇸es 🇦🇷ar 🇲🇽mx 🇨🇴co: EasyList Spanish",
  "group": "regions",
  "enabled": false,
  "lang": "an ast ca cak es eu gl gn trs quz",
  "tags": "ads aragonese basque catalan spanish español galician guarani",
  "homeURL": "https://forums.lanik.us/viewforum.php?f=103",
  "filters": {
   "total": 695,
   "accepted": 695,
   "rejected": 0
  },
  "rules": {
   "total": 570,
   "plain": 562,
   "regex": 8,
   "removeparam": 0,
   "redirect": 0,
   "modifyHeaders": 0,
   "strictblock": 1,
   "urlskip": 0,
   "discarded": 0,
   "rejected": 0
  },
  "css": {
   "generic": 241,
   "generichigh": 19,
   "specific": 1330,
   "declarative": 0,
   "procedural": 22
  },
  "scriptlets": 0
 },
 {
  "id": "spa-1",
  "name": "🇪🇸es 🇦🇷ar 🇧🇷br 🇵🇹pt: AdGuard Spanish/Portuguese",
  "group": "regions",
  "enabled": false,
  "lang": "an ast ca cak es eu gl gn trs pt quz",
  "tags": "ads aragonese basque catalan spanish español galician guarani portuguese português",
  "homeURL": "https://github.com/AdguardTeam/AdguardFilters#adguard-filters",
  "filters": {
   "total": 1302,
   "accepted": 1297,
   "rejected": 0
  },
  "rules": {
   "total": 919,
   "plain": 879,
   "regex": 6,
   "removeparam": 0,
   "redirect": 23,
   "modifyHeaders": 0,
   "strictblock": 1,
   "urlskip": 0,
   "discarded": 0,
   "rejected": 11
  },
  "css": {
   "generic": 130,
   "generichigh": 4,
   "specific": 1821,
   "declarative": 165,
   "procedural": 77
  },
  "scriptlets": 25
 },
 {
  "id": "svn-0",
  "name": "🇸🇮si: Slovenian List",
  "group": "regions",
  "enabled": false,
  "lang": "sl",
  "tags": "ads slovenian slovenski",
  "homeURL": "https://github.com/betterwebleon/slovenian-list",
  "filters": {
   "total": 130,
   "accepted": 130,
   "rejected": 0
  },
  "rules": {
   "total": 82,
   "plain": 82,
   "regex": 0,
   "removeparam": 0,
   "redirect": 0,
   "modifyHeaders": 0,
   "strictblock": 1,
   "urlskip": 0,
   "discarded": 0,
   "rejected": 0
  },
  "css": {
   "generic": 4,
   "generichigh": 0,
   "specific": 150,
   "declarative": 0,
   "procedural": 2
  },
  "scriptlets": 0
 },
 {
  "id": "swe-1",
  "name": "🇸🇪se: Frellwit's Swedish Filter",
  "group": "regions",
  "enabled": false,
  "lang": "sv",
  "tags": "ads swedish svenska",
  "homeURL": "https://github.com/lassekongo83/Frellwits-filter-lists",
  "filters": {
   "total": 1681,
   "accepted": 1681,
   "rejected": 0
  },
  "rules": {
   "total": 1332,
   "plain": 1308,
   "regex": 1,
   "removeparam": 4,
   "redirect": 11,
   "modifyHeaders": 2,
   "strictblock": 3,
   "urlskip": 0,
   "discarded": 0,
   "rejected": 6
  },
  "css": {
   "generic": 237,
   "generichigh": 48,
   "specific": 1401,
   "declarative": 254,
   "procedural": 229
  },
  "scriptlets": 17
 },
 {
  "id": "tha-0",
  "name": "🇹🇭th: EasyList Thailand",
  "group": "regions",
  "enabled": false,
  "lang": "th",
  "tags": "ads thai ไทย",
  "homeURL": "https://github.com/easylist-thailand/easylist-thailand",
  "filters": {
   "total": 767,
   "accepted": 767,
   "rejected": 0
  },
  "rules": {
   "total": 757,
   "plain": 750,
   "regex": 2,
   "removeparam": 0,
   "redirect": 4,
   "modifyHeaders": 0,
   "strictblock": 1,
   "urlskip": 0,
   "discarded": 0,
   "rejected": 1
  },
  "css": {
   "generic": 1,
   "generichigh": 5,
   "specific": 181,
   "declarative": 0,
   "procedural": 11
  },
  "scriptlets": 6
 },
 {
  "id": "tur-0",
  "name": "🇹🇷tr: AdGuard Turkish",
  "group": "regions",
  "enabled": false,
  "lang": "tr",
  "tags": "ads turkish türkçe",
  "homeURL": "https://github.com/AdguardTeam/AdguardFilters#adguard-filters",
  "filters": {
   "total": 1396,
   "accepted": 1396,
   "rejected": 0
  },
  "rules": {
   "total": 1128,
   "plain": 1083,
   "regex": 12,
   "removeparam": 0,
   "redirect": 20,
   "modifyHeaders": 0,
   "strictblock": 1,
   "urlskip": 0,
   "discarded": 0,
   "rejected": 13
  },
  "css": {
   "generic": 172,
   "generichigh": 58,
   "specific": 2662,
   "declarative": 346,
   "procedural": 103
  },
  "scriptlets": 20
 },
 {
  "id": "ukr-0",
  "name": "🇺🇦ua: Ukrainian Filters",
  "group": "regions",
  "enabled": false,
  "lang": "uk",
  "tags": "ads ukraine україна",
  "homeURL": "https://github.com/ukrainianfilters/lists",
  "filters": {
   "total": 2021,
   "accepted": 2018,
   "rejected": 0
  },
  "rules": {
   "total": 361,
   "plain": 358,
   "regex": 1,
   "removeparam": 2,
   "redirect": 0,
   "modifyHeaders": 0,
   "strictblock": 64,
   "urlskip": 0,
   "discarded": 0,
   "rejected": 0
  },
  "css": {
   "generic": 23,
   "generichigh": 7,
   "specific": 523,
   "declarative": 35,
   "procedural": 102
  },
  "scriptlets": 1
 },
 {
  "id": "vie-1",
  "name": "🇻🇳vn: ABPVN List",
  "group": "regions",
  "enabled": false,
  "lang": "vi",
  "tags": "ads vietnamese việt",
  "homeURL": "https://abpvn.com/",
  "filters": {
   "total": 438,
   "accepted": 438,
   "rejected": 0
  },
  "rules": {
   "total": 306,
   "plain": 292,
   "regex": 2,
   "removeparam": 0,
   "redirect": 4,
   "modifyHeaders": 8,
   "strictblock": 1,
   "urlskip": 0,
   "discarded": 0,
   "rejected": 0
  },
  "css": {
   "generic": 35,
   "generichigh": 6,
   "specific": 398,
   "declarative": 6,
   "procedural": 3
  },
  "scriptlets": 11
 },
 {
  "id": "est-0",
  "name": "🇪🇪ee: Eesti saitidele kohandatud filter",
  "group": "regions",
  "enabled": false,
  "lang": "et",
  "homeURL": "https://github.com/sander85/uBOL-et",
  "filters": {
   "total": 258,
   "accepted": 258,
   "rejected": 0
  },
  "rules": {
   "total": 72,
   "plain": 71,
   "regex": 0,
   "removeparam": 1,
   "redirect": 0,
   "modifyHeaders": 0,
   "strictblock": 1,
   "urlskip": 0,
   "discarded": 0,
   "rejected": 0
  },
  "css": {
   "generic": 4,
   "generichigh": 7,
   "specific": 72,
   "declarative": 3,
   "procedural": 1
  },
  "scriptlets": 1
 }
]
