[
{"action":{"redirect":{"regexSubstitution":"/strictblock.html#\\0"},"type":"redirect"},"condition":{"regexFilter":"^https?://.*","requestDomains":["0x01n2ptpuz3.com","1winpb.com","2.87.160.7","35.224.227.218","35.238.205.163","358g46.fun","43478y.online","45tu1c0.com","8q7tvj34.xyz","a-mx.com","a.b.napiszar.com","a.fapcat.com","a.slashdotmedia.com","aa.pornvideotop.com","ad-shield.cc","ad.lomadee.com","ad.responsad1.space","ad4point.nyc3.digitaloceanspaces.com","adblockenterpriseedition.com","adblockultra.com","addi809.buzz","adn.porndig.com","adnotbad.com","adonsonlyd.xyz","adosiz.net","ads.the.tube","adsloboclick.com","adspy.javrank.com","adsux.com","adxcel.com","affforce.com","affluentarmyequator.com","afireraptril.com","aghtag.tech","analytics.strapi.io","analytics.tiendaenoferta.com","angularpoppyrobbing.com","annotationsincereexistence.com","antonellapouncedcrewels.com","appnext.hs.llnwd.net","apptospace.com","arabs.alarbda.com","asjjlh.cfd","atropinestatuarylandleaper.com","attainthreatfluffy.com","augustboyby.com","awkwardemergency.com","b90.yahoo.co.jp","backletseamen.com","badshores.com","batchzoo.com","beachinfinitegag.com","beakpee.com","bethonaickou.com","bitupsss.com","blocksly.org","bloxplay.com","boarfishesquandangsunderdried.com","boobausauhipsa.net","boyfriendmeaningless.com","brightadnetwork.com","browsingcontredir.com","bulletadopt.com","buoydeparturediscontent.com","burleskspoiler.com","buyvisblog.com","camplethora.com","cassatabayard.com","catsnbootsncats2020.com","cfgr2.com","cfw.dexscreener.com","charmshoist.com","checking-your-browser.com","chpok.site","chubbyfailure.com","civadsoo.net","cj.dotomi.com","cjewz.com","cl.t3n.de","cleanupharm.com","clenchedyouthmatching.com","client-telemetry.roblox.com","clipbongda.info","clivads.com","clprr.com","coertiest.click","collect.media.jio.com","colorfullouderremnant.com","comfortablepossibilitycarlos.com","copyhomework.com","coursecopy.com","creeperplotgrove.com","crentgate.com","critomiron.click","csgo.xyz","curioushingefast.com","curryfielddistribution.com","cviezjsg.com","d10ydmitx7crxz.cloudfront.net","d13jhr4vol1304.cloudfront.net","d19f0dp1dh77jq.cloudfront.net","d1b0fk9ns6n0w9.cloudfront.net","d1k3dpebxhgqjc.cloudfront.net","d1pozdfelzfhyt.cloudfront.net","d1t4ekjh9ps4ob.cloudfront.net","d2wpknqle9nuv8.cloudfront.net","d3d52lhoy0sh2w.cloudfront.net","d3t9nyds4ufoqz.cloudfront.net","damoh.welect.de","data-saver-cindi.herokuapp.com","data.cheatography.com","datadropspot.pro","dauhunecoag.net","ddacn6pr5v0tl.cloudfront.net","decimalcursor.com","declk.com","dek5iqd53g59a.cloudfront.net","dependsmoscow.com","dfuybl-bclxb.love","digresssloked.com","diligentcloset.com","disproveknob.com","dlmonitize.com","doaipomer.com","doathair.com","donasi.lk21.de","doo6pwib3qngu.cloudfront.net","dpuplet.com","dpuplet.net","drapingleden.com","drectsearch.com","droci.buzz","dzhzp0zlnyoe8.cloudfront.net","e-stat.huya.com","eadvertisingd.biz","ebd.cda-hd.cc","ecrvysupbqcnb.top","ecuelleribose.com","efficientdescent.com","ekdj30.com","embroiderynaturalistsfighter.com","enginecorruptiontrice.com","enigmaswhereas.com","ephokeerailoon.net","eriegentsfse.info","erwksojkxxlff.icu","euphonefiar.com","explorads.xml-v4.ak-is2.net","eyewondermedia.com","facesnotebook.com","facilitategovernor.com","fastfilehost.link","fbpbpmjjg-f.club","festivalcasketfrench.com","filletfiguredconstrain.com","filmishquila.com","filthygracefulspinach.com","findmyheadache.com","fixatessoused.com","flatrelentlessperspective.com","flyshare.cfd","fortuneindoorsinto.com","forwardrb.bid","foundinggulfsaturate.com","freetrckr.com","funker530-ads.azurewebsites.net","fzj3v7sch2xg5gosh60vpkrth5c6cngvj5ivd9kg5ajcdl2vlp2ocj5fjbto.me","gajinifreedomain.fun","gbads.net","generating.link","get-link.xyz","ghastlyejection.com","gigachadlitics.b-cdn.net","glashanburg.com","glocmaift.net","go.bundlebyte.net","golnkz.com","google-analyticals.com","googles.video","gtbtnrpzz.com","gxh1yqz2v.xyz","h5xzcrigf541b0fzxj.fun","havenclick.com","hbagency.it","hbhgvhgc.cfd","herdethi.net","herpassages.com","highmanapts.com","highrevenuecpm.com","hk6vdj4z.click","hologydeno.info","holputy.shop","hottracker.biz","hrtya.com","htagpa.tech","html-load.cc","ichlnk.com","icontent.us","immeritousscraichingtarumari.monster","impliednauseous.com","impressexaltsculptor.com","ipultcbpgbs.com","isthmaluncoyly.com","j-mxponyz.love","jaifeeveely.com","jayan-uvl.com","joyrodetoment.com","js.allporncomic.com","jwgigawtq.com","kataprius.com","knownamount.com","kogaqmlci.com","kooolboomin.com","kuvirixa.com","leadnote.me","leewibaijoa.com","lengejoberdak.pro","lepomisprinted.shop","ligheechoagool.com","litaudrootsa.net","lnkr.us","loadingfreerar.top","maishuhahi.net","marchshotgun.com","markedoneofth.com","media.toxtren.com","metrics.surinenglish.com","mirthconfidence.com","moorsmerops.top","mousheen.net","mowcoordinateegypt.com","mredir.com","msok-bayqa.icu","mudacban.com","multipledrawers.com","mywatchtones.com","n1g459ky7y.com","nakedanalytics.net","nanai-clw.com","nearbyasquare.com","new-twinks.com","news-pewuce.com","nonentrantcrpehibbin.monster","nvxcvyfedg.com","odorfulapheses.com","ohbayersbur.pro","oi.fapnado.xxx","okean-qoj.com","omegatoki.com","oorsoozo.top","oppoteammate.com","ostupsaury.net","ouchoamsulrey.com","outbidplacardshowman.com","outwhirlipedeer.com","oyesrhweyma.com","p23hxejm1.com","padsims.com","padspms.com","pagerrentablespotlight.com","paradizeconstruction.com","pawjfavraag.com","perceivedpalpable.com","perfotrack.com","pilixiaoshuo.com","pixeltrey.com","play-lust.com","plygainroundup.com","pndax.love","popcashjs.b-cdn.net","poweredbyliquidfire.mobi","ppcent.org","preservehalt.com","prewhipmamamu.com","protectsurf-a.akamaihd.net","psaiceex.net","pub.contexthub.net","pub.javwide.com","pvrtx.net","pzcwk-sfend.top","qa-events-schema.viacom.tech","qip.ru","qjvksieybn.vip","qsiyfgazubcu.top","qty3e.pro","queasypolenta.com","quizlookup.com","quiztoolbox.com","rafikfangas.com","raichaudouk.com","raiphafimept.net","rapidsend.cfd","ratexchange.net","rdrclk.com","recessionspeaksanybody.com","refpamjeql.top","reingod.com","releinemaoff.pro","remaininghopefully.com","reminderasking.com","rencontres-coquines.jacquieetmichel.net","renewalsuspiciousrattle.com","restedpealimagine.com","retdaz.fun","revbid.net","revive.3wayint.com","reyeshehadtwobri.com","rochestertrend.com","ronnoble.com","rotf.lol","rutategpd.com","s.pie.org","s0fast.net","sacksgulleys.com","sarodesdonnot.com","searchwithme.net","sefeethameel.com","senditfast.cloud","sersh.com","serverads.net","sexoland.net","sez88e.fun","sgeiruehou.cfd","share.notizie.it","sharecube.pro","shareease.link","shield.knowt.com","shoupsoolsoagna.net","shyvanas.top","simonzody.com","sisaurgeegh.net","skiptheadz.com","skyscrapertowel.com","slavicprophetyontherm.com","slorpeyes.top","smahxdfxxdc.com","smartaccess.biz","smartpc.click","soonpubplatform.online","sorosehottie.com","souhoazapee.net","spexjs.com","spiddefrexpron.com","spiderhannahresidential.com","squirtpresented.com","srvtensz.com","ss-mndsrv.b-cdn.net","ssiadnweb.securenetsystems.net","ssp.wp.pl","stats.webgames.io","stookroocoudray.com","strpjmp.com","studyeffect.com","stylish-knife.com","sumologic.stv.tv","t.pie.org","t.simply-hentai.com","tairdalwaly.click","tbd.infinityscans.net","terperbelomo.info","terribledeliberate.com","terrout9.biz","testbooksolutions.com","thankstoyou.website","thebestoffers4you.net","thedreamofus.xyz","thirdads.me","todayswigcontagious.com","tomarnamki.shop","toptdspup.com","toughvariation.com","tr.jianshu.com","track.bcvc.mobi","track.link-tds.com","track.opt-tds.com","track.torarymor.world","tradeadsexchange.com","trck.eczyl.com","trcp.gamefantech.com","trifms.com","turbotrck.art","u5lddcsi.xyz","ublockpop.com","udc.yahoo.com","ultimateaderaser.com","unactkiosk.com","unbentfaced.com","untried-manager.com","urxox-iqx.online","usheebainaut.com","usingageghoaft.net","va.huya.com","veepteecejoushe.net","vehavings.biz","video-ads-module.ad-tech.nbcuni.com","vizierspavan.com","vjkyw.vip","vq4b0q.fun","vrkonefd.buzz","vulnerableimmigrateaboveaverage.com","vutkaqlakbp.com","vuwomoby.pro","washpost.nile.works","wbhwwnzptf.club","weakermumrespect.com","webtracking.fe.union-investment.de","wgplayer.com","wherat.com","willalland.info","winfr-wtc.com","wontent.powvideo.net","wordsdelivery.com","worthlessbend.com","worthyboxersympathy.com","x-ozwpiqlb.rocks","xdgeslibgbim.icu","xpobbwxzhe-l.site","yollamedia.com","you2ubeconverter.com","zaisofohow.net","zetadeo.com","zitzithquaff.top","zonedummy.com","zontent.powvideo.net","zoroalteedrich.net","zqvee2re50mr.com","zwuucugezzjhhi.com"],"resourceTypes":["main_frame"]},"id":1,"priority":29},
{"action":{"redirect":{"regexSubstitution":"/strictblock.html#\\0"},"type":"redirect"},"condition":{"regexFilter":"^.*\\.cfd/\\?ad\\S*?z1c2vypt.*","requestDomains":["cfd"],"resourceTypes":["main_frame"]},"id":2,"priority":29},
{"action":{"redirect":{"regexSubstitution":"/strictblock.html#\\0"},"type":"redirect"},"condition":{"regexFilter":"^.*\\.pro/\\?ad\\S*?z1c2vypt.*","requestDomains":["pro"],"resourceTypes":["main_frame"]},"id":3,"priority":29},
{"action":{"redirect":{"regexSubstitution":"/strictblock.html#\\0"},"type":"redirect"},"condition":{"regexFilter":"^.*\\.xyz/\\?ad\\S*?z1c2vypt.*","requestDomains":["xyz"],"resourceTypes":["main_frame"]},"id":4,"priority":29},
{"action":{"redirect":{"regexSubstitution":"/strictblock.html#\\0"},"type":"redirect"},"condition":{"regexFilter":"^[a-z-]+://(?:[^/?#]+\\.)?binomo\\.com/en/promo/.*","resourceTypes":["main_frame"]},"id":5,"priority":29},
{"action":{"redirect":{"regexSubstitution":"/strictblock.html#\\0"},"type":"redirect"},"condition":{"regexFilter":"^[a-z-]+://(?:[^/?#]+\\.)?searchtv\\.net/vpn-.*","resourceTypes":["main_frame"]},"id":6,"priority":29},
{"action":{"redirect":{"regexSubstitution":"/strictblock.html#\\0"},"type":"redirect"},"condition":{"regexFilter":"^[a-z-]+://(?:[^/?#]+\\.)?vpnk\\.net/\\?vpn.*","resourceTypes":["main_frame"]},"id":7,"priority":29},
{"action":{"redirect":{"regexSubstitution":"/strictblock.html#\\0"},"type":"redirect"},"condition":{"regexFilter":"^.*/lp/\\?lid=\\S*?&zone=.*","resourceTypes":["main_frame"]},"id":8,"priority":29},
{"action":{"redirect":{"regexSubstitution":"/strictblock.html#\\0"},"type":"redirect"},"condition":{"regexFilter":"^[a-z-]+://(?:[^/?#]+\\.)?free\\.webcompanion\\.com/\\S*?/index\\.php\\?\\S*?partner=\\S*?&campaign=.*","resourceTypes":["main_frame"]},"id":9,"priority":29},
{"action":{"redirect":{"regexSubstitution":"/strictblock.html#\\0"},"type":"redirect"},"condition":{"regexFilter":"^[a-z-]+://(?:[^/?#]+\\.)?free\\.webcompanion\\.com/\\S*?/index\\.php\\?\\S*?campaign=\\S*?&partner=.*","resourceTypes":["main_frame"]},"id":10,"priority":29},
{"action":{"redirect":{"regexSubstitution":"/strictblock.html#\\0"},"type":"redirect"},"condition":{"regexFilter":"^[a-z-]+://(?:[^/?#]+\\.)?bdu\\.bitdriverupdater\\.com/\\S*?&utm_source=.*","resourceTypes":["main_frame"]},"id":11,"priority":29},
{"action":{"redirect":{"regexSubstitution":"/strictblock.html#\\0"},"type":"redirect"},"condition":{"regexFilter":"^[a-z-]+://(?:[^/?#]+\\.)?startgaming\\.net/\\S*?&utm_source.*","resourceTypes":["main_frame"]},"id":12,"priority":29},
{"action":{"redirect":{"regexSubstitution":"/strictblock.html#\\0"},"type":"redirect"},"condition":{"regexFilter":"^[a-z-]+://(?:[^/?#]+\\.)?startgaming\\.net/\\S*?affil=torrentgalaxy.*","resourceTypes":["main_frame"]},"id":13,"priority":29},
{"action":{"redirect":{"regexSubstitution":"/strictblock.html#\\0"},"type":"redirect"},"condition":{"regexFilter":"^.*\\.pro/\\?u=\\S*?&m=.*","resourceTypes":["main_frame"]},"id":14,"priority":29},
{"action":{"redirect":{"regexSubstitution":"/strictblock.html#\\0"},"type":"redirect"},"condition":{"regexFilter":"^.*\\?key=\\S*?&sub_id_1=.*","resourceTypes":["main_frame"]},"id":15,"priority":29},
{"action":{"redirect":{"regexSubstitution":"/strictblock.html#\\0"},"type":"redirect"},"condition":{"regexFilter":"^[a-z-]+://(?:[^/?#]+\\.)?jayabaji3\\.com/bn-bd\\?aff=.*","resourceTypes":["main_frame"]},"id":16,"priority":29},
{"action":{"redirect":{"regexSubstitution":"/strictblock.html#\\0"},"type":"redirect"},"condition":{"regexFilter":"^[a-z-]+://(?:[^/?#]+\\.)?jaya9\\.app/\\?af=.*","resourceTypes":["main_frame"]},"id":17,"priority":29}
]
