[
{
 "action": {
  "redirect": {
   "regexSubstitution": "/strictblock.html#\\0"
  },
  "type": "redirect"
 },
 "condition": {
  "regexFilter": "^https?://.*",
  "requestDomains": [
   "9jdq2a.poco.de",
   "analytics-consent-manager.azureedge.net",
   "appconsent.io",
   "banner.cookiescan.com",
   "cb-mms.carbuyer.co.uk",
   "cc.anytrack.de",
   "cc.diewebsitemacherei.de",
   "cc.labu24.de",
   "cc.mpa-web.de",
   "ccm1.dlr.de",
   "ccpa-script.psg.nexstardigital.net",
   "ccpa.sp-prod.net",
   "cmp-static.nature.com",
   "cmp.cdn.thesun.co.uk",
   "cmp.cdn.thesun.ie",
   "cmp.courrierinternational.com",
   "cmp.datasign.co",
   "cmp.deondernemer.nl",
   "cmp.eick.it",
   "cmp.finn.no",
   "cmp.gearupbooster.com",
   "cmp.gemius.com",
   "cmp.graziadaily.co.uk",
   "cmp.histoire-et-civilisations.com",
   "cmp.huffingtonpost.fr",
   "cmp.impress.co.jp",
   "cmp.infopro-digital.com",
   "cmp.lavie.fr",
   "cmp.lemonde.fr",
   "cmp.lepoint.fr",
   "cmp.meteored.com",
   "cmp.nature.com",
   "cmp.netzwelt.de",
   "cmp.nouvelobs.com",
   "cmp.osano.com",
   "cmp.parkers.co.uk",
   "cmp.pcwelt.de",
   "cmp.playpilot.com",
   "cmp.setupcmp.com",
   "cmp.soundis.gr",
   "cmp.springer.com",
   "cmp.springernature.com",
   "cmp.tek.no",
   "cmp.telerama.fr",
   "cmp.tori.fi",
   "cmp.tvspielfilm.de",
   "cmp.uniconsent.com",
   "cmp.vizus.cz",
   "cmp.wetteronline.de",
   "cmpv2.pcworld.com",
   "consens.conlabz.de",
   "consensu.infor.pl",
   "consent-wrapper.jameda.de",
   "consent.23g.io",
   "consent.berliner-kurier.de",
   "consent.canalboat.co.uk",
   "consent.cmp.oath.com",
   "consent.dadoslegais.com",
   "consent.dermogrup.com",
   "consent.digiapi.com",
   "consent.lifetouch.com",
   "consent.marktplaats.nl",
   "consent.nationalworld.com",
   "consent.nitrocnct.com",
   "consent.pdf24.org",
   "consent.prismamedia.com",
   "consent.prointernet.com",
   "consent.shutterfly.com",
   "consent.standardadmin.org",
   "consent.stuff.tv",
   "consent.t-mobile.cz",
   "consent.thecountrysmallholder.com",
   "consent.thegreatoutdoorsmag.com",
   "consent.themeteocompany.com",
   "consent.triad.sk",
   "consent.werner-mertz.de",
   "consent2.rheinische-anzeigenblaetter.de",
   "consentement.ouest-france.fr",
   "consenttool.haendlerbund.de",
   "cookie-consent.etisalat.ae",
   "cookie-consent.festo.com",
   "cookie.aerostatonet.it",
   "cookie.consents.app",
   "cookie.gazeta.pl",
   "cookie.marsus.digital",
   "cookie.pearshealthcyber.com",
   "cookie.vrt.be",
   "cookie.wieni.be",
   "cookieapi.incomit.dk",
   "cookieapi2.incomit.dk",
   "cookiebanner.gepruefter-webshop.de",
   "cookiebot.inkarnate.com",
   "cookiemanager.onm.de",
   "cookies.doutoresdaweb.com.br",
   "cookies.fakt.pl",
   "cookies.forbes.pl",
   "cookies.gardena.net",
   "cookies.giant.cz",
   "cookies.giphy.com",
   "cookies.innershed.co.uk",
   "cookies.jeugdjournaal.nl",
   "cookies.leadplace.fr",
   "cookies.leavening.com",
   "cookies.lmt.lv",
   "cookies.nos.nl",
   "cookies.ptj.de",
   "cookies.ster.nl",
   "cookies.tanke-guenstig.de",
   "cookies.teraz.sk",
   "cookies.unidadeditorial.es",
   "cookiescript.cloud.provincia.tn.it",
   "cookiesregister.deltacommerce.com",
   "crta.and.co.uk",
   "cscript-cdn-irl.abb.com",
   "d2eucw4fxv7nil.cloudfront.net",
   "fc.vodafone.de",
   "fundingchoicesmessages.google.com",
   "fuse.forbes.com",
   "gdpr-api.sharethis.com",
   "gdpr-settings.s3.amazonaws.com",
   "gdpr.api.bcdn.jp",
   "gdpr.internetbrands.com",
   "gdpr.laxd.com",
   "gdpr.studybreakmedia.com",
   "kbyqzt.xxxlutz.cz",
   "macaron-cookie-data.decms.eu",
   "me9ddf.moebelix.cz",
   "messaging.sourcepoint.com",
   "mfegestaocookies.cloud.itau.com.br",
   "mms.cmpsky.com",
   "optanon.blob.core.windows.net",
   "plugin.management",
   "privacy-cdn.sixfifty.com",
   "privacy.claytonhomes.com",
   "privacy.footmercato.net",
   "privacy.heidi.news",
   "privacy.letemps.ch",
   "privacy.luxair.lu",
   "privacypolicy.trgr.be",
   "privacyportal.fatergroup.com",
   "ressource.gdpr-banner.awsmpsa.com",
   "rodo.agora.pl",
   "sm-sp.followfollow.com",
   "smarteucookiebanner.upsell-apps.com",
   "sourcepoint-mms.aetv.com",
   "sourcepoint-mms.history.com",
   "sourcepoint-mms.mylifetime.com",
   "sourcepoint.avclub.com",
   "sourcepoint.deadspin.com",
   "sourcepoint.jalopnik.com",
   "sourcepoint.theonion.com",
   "sourcepoint.theroot.com",
   "sync-transcend-cdn.com",
   "tp.triple.co.il",
   "transcendcdn.eventbrite.com",
   "truyoproductionuscdn.truyo.com",
   "up-cookiemon.wavecdn.net",
   "vg247-uk.vg247.com",
   "voorkeuren.tvgids.nl",
   "webcache.datareporter.eu",
   "widgets.openli.com",
   "zgody.infor.pl"
  ],
  "resourceTypes": [
   "main_frame"
  ]
 },
 "id": 1,
 "priority": 29
}
]
