[
{
 "action": {
  "redirect": {
   "regexSubstitution": "/strictblock.html#\\0"
  },
  "type": "redirect"
 },
 "condition": {
  "regexFilter": "^https?://.*",
  "requestDomains": [
   "002777.xyz",
   "003store.com",
   "01210sop.xyz",
   "01211sop.xyz",
   "01221sop.xyz",
   "01231sop.xyz",
   "01240sop.xyz",
   "033ajy.xyz",
   "04o.fun",
   "0592.mobi",
   "06789.xyz",
   "0941.org",
   "0a0atz2sh.top",
   "0dwm.icu",
   "0er7pc8.xyz",
   "0h3uds.com",
   "0k7wod.cn",
   "0op8kh.cn",
   "0oqt9i.cn",
   "0pdsa.icu",
   "0r3tyg.cn",
   "0tq6ub.cn",
   "0uvt8b.cn",
   "0uyt5b.cn",
   "0vc.fun",
   "1.07swz.com",
   "1.1010pic.com",
   "1.11130.com.cn",
   "1.11467.com",
   "1.15lu.com",
   "1.201980.com",
   "1.32xp.com",
   "1.5000yan.com",
   "1.51dongshi.com",
   "1.51sxue.cn",
   "1.66law.cn",
   "1.78500.cn",
   "1.95ye.com",
   "1.ajiyuming.com",
   "1.arpun.com",
   "1.bh5.com.cn",
   "1.codesdq.com",
   "1.codezh.com",
   "1.doudouditu.com",
   "1.feihua.com",
   "1.feihua.net.cn",
   "1.glook.cn",
   "1.gunsuo.com",
   "1.hao123.com",
   "1.hnyouneng.com",
   "1.i999d.cn",
   "1.isanxia.com",
   "1.jeasyui.net",
   "1.jiangzheba.com",
   "1.jiqie.cn",
   "1.jushtong.com",
   "1.kuaidiwo.cn",
   "1.lishibu.com",
   "1.lvshi567.com",
   "1.mgff.com",
   "1.pncdn.cn",
   "1.qjhm.net",
   "1.shopit.cn",
   "1.sj33.net",
   "1.tecbbs.com",
   "1.ttxs123.net",
   "1.uc129.com",
   "1.v-x.com.cn",
   "1.weiheshidai.com",
   "1.xilu.com",
   "1.xuexi.la",
   "1.yac8.net",
   "1.yuexw.com",
   "1.yxzw.com.cn",
   "1.zhev.com.cn",
   "1.zhuangxiu567.com",
   "1.zou114.com",
   "1.zuowenjun.com",
   "1.zw3e.com",
   "100.admin5.com",
   "100.pncdn.cn",
   "1002.men",
   "1017.cn",
   "1028images.com",
   "11.96131.com.cn",
   "11.golang8.com",
   "11.yiqig.cn",
   "11.yiqig.com",
   "11dyw.com",
   "11xkkhe8hd.com",
   "12.cookcai.com",
   "1200555.com",
   "123456.asia",
   "14pbmfzci.com",
   "154.7.80.158",
   "15ftgllk1.com",
   "165tchuang.com",
   "17.huanqiu.com",
   "17282.org",
   "177o.com",
   "194.59.220.161",
   "1999019.com",
   "1buo.icu",
   "1buu1.penyouw.com",
   "1dki0.icu",
   "1gmzo.icu",
   "1gtp.icu",
   "1iohncj.xyz",
   "1iuh5l.com",
   "1jok.icu",
   "1l1.cc",
   "1p3yg.icu",
   "1qv.fun",
   "1tp.icu",
   "1tv.icu",
   "1xb.icu",
   "1yj.icu",
   "2.haoxue360.com",
   "20091222.com",
   "2016.bkill.net",
   "2021.dxsbb.com",
   "205.209.138.102",
   "20wx.com",
   "21.cizhibaogao.org",
   "21.fh21static.com",
   "21.zhaozongjie.com",
   "212ehae.fun",
   "21cfhm0s1.top",
   "222aa333bb.com",
   "23.231.151.252",
   "2325fdrf.fun",
   "25662zubo23739.com",
   "283.laobanfa.com",
   "28t1ya.cn",
   "2efgcdcjr000.fun",
   "2hl.fun",
   "2lzg9mqzw.com",
   "2qy9zm.cn",
   "2rbda.icu",
   "2sfpy.icu",
   "2ueb.cn",
   "2wt.icu",
   "2za.fun",
   "3.5646.cn",
   "3.cjcp.cn",
   "3.ssqzj.com",
   "301848.com",
   "31up.icu",
   "31y.fun",
   "32.huanqiu.com",
   "321.jintang114.org",
   "32n.icu",
   "3337723.com",
   "3337738.com",
   "3400.org",
   "360640.com",
   "3625ggtp1.com",
   "370jj.icu",
   "39jz.com",
   "3exfu7vaxu.com",
   "3ff6kjylmjs.top",
   "3kfvgobkw.com",
   "3lo.icu",
   "3ni.icu",
   "3p8801.co",
   "3q1lsj.cn",
   "3rcld5y1dm.com",
   "3sas.icu",
   "3ts.icu",
   "3uo.fun",
   "3vp.icu",
   "3xl.icu",
   "41grk.icu",
   "420909.cn",
   "43a.icu",
   "43eksc8w59.com",
   "44629.com",
   "465k3mlo9.com",
   "4bfx0u.com",
   "4ce.fun",
   "4cx5.icu",
   "4fr.icu",
   "4fs3r.icu",
   "4gu.fun",
   "4i1.icu",
   "4ir17.icu",
   "4jc.icu",
   "4oz4n.icu",
   "4p68.com",
   "4q87v.icu",
   "4sq.icu",
   "4t6u.icu",
   "4ve.fun",
   "4we.icu",
   "4wm.fun",
   "4wu3gf.cn",
   "4zn.fun",
   "5.ccutu.com",
   "5.gzfenda.com",
   "50m.gkcyc.com",
   "51dxs.com",
   "51gxqm.com",
   "51tongji.trafficmanager.net",
   "537images1.com",
   "54gtlb.cn",
   "555ppp777ppp.com",
   "55726zubo56686.com",
   "558158.xyz",
   "57573zubo36833.com",
   "5891344.xn--j1amh",
   "58shuz.com",
   "591520.xyz",
   "595image.com",
   "5brxi.icu",
   "5gxs.org",
   "5ik.icu",
   "5mltq.icu",
   "5mm.zxfw5.cn",
   "5pub.com",
   "5y9nfpes.52pk.com",
   "5yl.icu",
   "5z2oy.icu",
   "60.190.139.164",
   "609999.xyz",
   "60jxn4.xyz",
   "614514.com",
   "62zd0.icu",
   "644446.com",
   "663008888.com",
   "6651tp.com",
   "666579.xyz",
   "6669667.com",
   "666aa777bb.com",
   "666bb777ww.com",
   "666hh999gg.com",
   "666ppp222ppp.com",
   "666ppp888ppp.com",
   "6820tp1.com",
   "68287zubo85737.com",
   "68s4eyiru.com",
   "68yscw.com",
   "6c641lgikp.top",
   "6cs.icu",
   "6efgcdcjr000.fun",
   "6ft8a.icu",
   "6gute.icu",
   "6ku.icu",
   "6lx.fun",
   "6oj.fun",
   "6pznpz.com",
   "6qo.fun",
   "6qyxeob.xyz",
   "6u2h.cn",
   "6w7.icu",
   "7011.stia.cn",
   "7299tu75.cc",
   "73336zubo25326.com",
   "76e.org",
   "776.jstatic.xyz",
   "777aa888bb.com",
   "777bb111ww.com",
   "7791.com.cn",
   "786yfvedhcbxjk.top",
   "79181531227.com",
   "7aey.icu",
   "7awf4fi9k7.com",
   "7car.com.cn",
   "7f583jylmjs.top",
   "7f7rt.icu",
   "7hb.icu",
   "7mk.fun",
   "7tc.fun",
   "7x9i88rvn.com",
   "7xi9g1.com1.z0.glb.clouddn.com",
   "7xsf3h.com1.z0.glb.clouddn.com",
   "7zb.fun",
   "80juqing.com",
   "8131.qizhihaotian.cn",
   "8208tp.com",
   "835images1.com",
   "874547.men",
   "876920.com",
   "87uq.com",
   "88362zubo95838.com",
   "8861202.com",
   "8878tp.com",
   "888aa111bb.com",
   "888aa222bb.com",
   "888bb555ww.com",
   "888bb666cc.com",
   "888xx222kk.com",
   "88lm15.com",
   "88lmfff666.com",
   "88tm6.cc",
   "8961.jianbihua.com",
   "8ail6.icu",
   "8cp.icu",
   "8et.icu",
   "8feichai.com",
   "8ff0.cn",
   "8fo.icu",
   "8gra3.icu",
   "8jkx.com",
   "8q88n.icu",
   "8radc6a0m2.com",
   "8sh.fun",
   "8u0.fun",
   "8u6stvyww.top",
   "8xly.cn",
   "8xtm6i.cn",
   "8y3j.cn",
   "918000.xyz",
   "91ks.online",
   "9216tp1.com",
   "93692zubo66936.com",
   "94lm.com",
   "94x.icu",
   "96382zubo66756.com",
   "96696612.top",
   "96rj.icu",
   "98158.com",
   "9831tb.com",
   "98765.pw",
   "990215.xyz",
   "996js123.com",
   "99886aaa.com",
   "999aa666bb.com",
   "999bb222ww.com",
   "999xx333kk.com",
   "999xx999kk.com",
   "99jinpin.com",
   "9fum.ifeng.com",
   "9oru1vh0w.com",
   "9vviyje1s.top",
   "9xxy.icu",
   "a.10tianqi.com",
   "a.4aqq.com",
   "a.52wubi.com",
   "a.52zxw.com",
   "a.777n.com",
   "a.78yx.net",
   "a.91nets.cn",
   "a.91zhongkao.com",
   "a.armystar.com",
   "a.baidinet.com",
   "a.bake818.cn",
   "a.baomihua.com",
   "a.bfking.cn",
   "a.bxwblog.cn",
   "a.duanmeiwen.com",
   "a.duduji.com",
   "a.dxzy163.com",
   "a.dyjqd.com",
   "a.epinv.com",
   "a.exam58.com",
   "a.guzhilin.com",
   "a.hbf23.cn",
   "a.huocheba.com",
   "a.icdol.com",
   "a.imgso.cn",
   "a.llysc.cn",
   "a.lz13.cn",
   "a.mfcad.net",
   "a.miyudaquan.top",
   "a.nowscore.com",
   "a.oh100.com",
   "a.qinghua5.com",
   "a.qncye.net",
   "a.qsjiajiao.com",
   "a.qunzou.com",
   "a.rensheng5.com",
   "a.shenchuang.com",
   "a.tainengchong.com",
   "a.thn21.com",
   "a.tiyuxiu.com",
   "a.tuizhuti.com",
   "a.tvsou.com",
   "a.tyncar.com",
   "a.wanzhuang.com",
   "a.wifi33.com",
   "a.wzu.com",
   "a.xixiyishu.com",
   "a.xue126.com",
   "a.xuezizhai.com",
   "a.xywy.com",
   "a.xzzsjz.com",
   "a.yangshengtang123.com",
   "a.yellowurl.cn",
   "a.youdao.com",
   "a.yuzhainan.com",
   "a.zuowenku.net",
   "a.zuowenxuan.cn",
   "a1.289.com",
   "a1.51shiti.cn",
   "a1.99933.cn",
   "a1.99966.cn",
   "a1.aichagu.com",
   "a1.bajiu.cn",
   "a1.bestopview.com",
   "a1.bookapka.com",
   "a1.cyyangqiguan.com",
   "a1.firefoxchina.cn",
   "a1.lshou.com",
   "a1.q6u.com",
   "a1.qqan.com",
   "a1.shusanqi.com",
   "a1.sumiaowang.com",
   "a1.syfj.net",
   "a1.tbuz.com.cn",
   "a1.tuke8.com",
   "a1.twtym.com",
   "a1.zhanzhang.net",
   "a1bw2cup.top",
   "a2.xinhuanet.com",
   "a2put.chinaz.com",
   "a2wx.icu",
   "a3.jandan.net",
   "a5t.icu",
   "a7c.icu",
   "aa.gushiwen.org",
   "aa.xiangxiangmf.com",
   "aa03010iiko.com",
   "aaa.tumanyi.com",
   "aafns.xyz",
   "aapj.cn",
   "ab.cnbanbao.com",
   "ab.rejushe.com",
   "abc.colayun.cn",
   "abc.douguo.com",
   "abc.hkepc.com",
   "abc.hkepc.net",
   "abc.ruodian360.com",
   "abc.yebaike.com",
   "abcd.5lu.com",
   "abcd.cnhuoche.com",
   "abcd.yiq.com",
   "abcd.zle.com",
   "abcdcfasda.gushiwen.cn",
   "abcj.dooccn.com",
   "abds.pingpingw.com",
   "abixkw.xyz",
   "abjalrq.cn",
   "abody.39.net",
   "absalomcsa.com",
   "ac.86huoche.com",
   "ac.art456.com",
   "ac1.pingpingw.com",
   "acasadf112.cn",
   "acc.3gbizhi.com",
   "acdf115.cn",
   "acdfwe113.cn",
   "acdref117.cn",
   "acdrewrf711.cn",
   "acdwef114.cn",
   "acewdf118.cn",
   "aclsx.cn",
   "acodes.b2b.cn",
   "acqaghx.icu",
   "ad-1258444056.cos.accelerate.myqcloud.com",
   "ad-api.cnblogs.com",
   "ad-img.diyidan.net",
   "ad.52av.one",
   "ad.52av.tv",
   "ad.886112.xyz",
   "ad.bobi.tw",
   "ad.byfuh.com",
   "ad.ccement.com",
   "ad.cdnjm.cn",
   "ad.fx168api.com",
   "ad.gmw.cn",
   "ad.hot-mob.com",
   "ad.juksy.com",
   "ad.parkvv.com",
   "ad.szhsx.net",
   "ad.u-car.com.tw",
   "ad.walkgame.com",
   "ad.wurangxian.top",
   "ad.zui.com",
   "ad123.ynet.com",
   "adadmin.house365.com",
   "adasset.ethersaga.online",
   "adasset.flixfiend.top",
   "adbd.liuxue86.com",
   "adblock.sina.cn",
   "adbot.tw",
   "addalzq.com",
   "adf.dahe.cn",
   "adfjxsrw.cc",
   "adfsda005.xyz",
   "adhvz.cn",
   "adimg.liba.com",
   "adjb.5nd.com",
   "adm.52swine.com",
   "adm.6park.com",
   "adm.beimg.com",
   "adm.cloud.cnfol.com",
   "admd.housefun.com.tw",
   "admd.yam.com",
   "admsapi.businessweekly.com.tw",
   "adp.cnki.net",
   "adp.cnool.net",
   "adpai.thepaper.cn",
   "adrs.sdo.com",
   "ads-6686.top",
   "ads-union.jd.com",
   "ads.sohu.com",
   "ads.tvb.com",
   "ads.yeeyi.com",
   "adsc.wasu.tv",
   "adsclick.yx.js.cn",
   "adshows.21cn.com",
   "adsmind.gdtimg.com",
   "adt.xdrig.com",
   "adv-sv-show.focus.cn",
   "adx.36kr.com",
   "adx.mala.cn",
   "adzp.cn",
   "aegzoils.com",
   "aeinkailrupe.com",
   "aeryt111.fun",
   "aesxgy.xyz",
   "af6s.icu",
   "af9dc9.xyz",
   "afce.cn",
   "afewe611.cn",
   "afopr.cn",
   "afp.chinanews.com",
   "afqgqg4e.com",
   "afqodjc.top",
   "afvrolvial.com",
   "ag1.zuszw.com",
   "agufoi.xyz",
   "ahm.135320.com",
   "ahqihkm.top",
   "ai.bioon.com",
   "aigfednd.icu",
   "aikkits.com",
   "aiknx.cn",
   "aillaeuyn.com",
   "aiqks.top",
   "airakgyl.com",
   "aitongji.vip",
   "aiwen.cc",
   "aixuntupian.oss-cn-hongkong.aliyuncs.com",
   "aizhantj.com",
   "ajockk.xyz",
   "ajoqu.cn",
   "ajoxxit.top",
   "ajua.cn",
   "ajybgc.xyz",
   "ak03150hou.com",
   "ak03211hou.com",
   "akoo0513uis.com",
   "akoo0514uis.com",
   "akoo0515uis.com",
   "akoo0516uis.com",
   "al.newxue.com",
   "aldusmiskals.com",
   "alimama.alicdn.com",
   "alime-pic.oss-cn-hangzhou.aliyuncs.com",
   "alitui.weibo.com",
   "allkmbr.icu",
   "altolsqy.com",
   "am.szhome.com",
   "am0.fun",
   "amfhby.cn",
   "amradmin.5173.com",
   "ams.fx678.com",
   "amsbce.xyz",
   "amyapad.top",
   "ancelsqpv.com",
   "anews7.nvwu.com",
   "anzeretp.com",
   "ao1118kas.top",
   "ao1120kas.top",
   "ao1122kas.top",
   "ao1123kas.top",
   "ao1201kas.top",
   "aoao11111iis.top",
   "aoao11120iis.top",
   "aoao11121iis.top",
   "aoao11201iis.top",
   "aoao11211iis.top",
   "aoao12011iis.top",
   "aoiqa.top",
   "aos01070ss.xyz",
   "aos01080ss.xyz",
   "aoydwg.icu",
   "apeacc.icu",
   "apiiksn.top",
   "apis301.com",
   "apk02061oo.xyz",
   "apk02070oo.xyz",
   "app2.10090dfs.com",
   "appimg.0575bbs.com",
   "apple.www.letv.com",
   "aqc.gucheng.com",
   "aqeivzm.icu",
   "arewcdf116.cn",
   "arojgi.xyz",
   "aryici.xyz",
   "as01271kkp.xyz",
   "as01280kkp.xyz",
   "as01281kkp.xyz",
   "as02010kkp.xyz",
   "as1.m.hao123.com",
   "as1.wenku.baidu.com",
   "ashow.pcpop.com",
   "askdlajfbv.top",
   "assp.sohu.com",
   "atanx.alicdn.com",
   "atbif.cn",
   "atiws.aipai.com",
   "atm.youku.com",
   "ato.tooopen.com",
   "atorks.xyz",
   "atsgiu.icu",
   "attelaoe.com",
   "auisaoa.top",
   "auislq.top",
   "ausfyk.xyz",
   "aushaq.top",
   "avkd.cn",
   "avqdhss.icu",
   "avxonsp.icu",
   "awoudsoo.xyz",
   "ax.ifeng.com",
   "ayalcid.icu",
   "ayebsc.xyz",
   "az5i.icu",
   "az697jylm.cc",
   "azenco.xyz",
   "aziekg.xyz",
   "azsqkrc.icu",
   "b.kouke5.com",
   "b.unjs.com",
   "b1.51scw.net",
   "b1.91jucai.com",
   "b1.b2b168.com",
   "b1.b2b168.net",
   "b1.c1km4.com",
   "b1.engdvd.com",
   "b1.xiao84.com",
   "b10.justacdn.net",
   "b7sw62.pingshu8.xyz",
   "badding.oss-ap-southeast-1.aliyuncs.com",
   "baggvon.icu",
   "baidu1.cardbaobao.com",
   "baidu1.codejie.net",
   "baiducom.bj.bcebos.com",
   "baidujs.cnys.com",
   "baifen.music.baidu.com",
   "baigamp.icu",
   "baigh8eosmgie01.site",
   "baigh8eosmgie02.site",
   "baijs010.shop",
   "baijs010.xyz",
   "baijs011.xyz",
   "baijs02.shop",
   "baijs02.xyz",
   "baijs03.xyz",
   "baijs04.shop",
   "baijs05.shop",
   "baijs05.xyz",
   "baijs06.shop",
   "baijs06.xyz",
   "baijs07.shop",
   "baijs07.xyz",
   "baijs08.shop",
   "baijs08.xyz",
   "baijs09.shop",
   "baitu3lllqubyqmttdkjsv.com",
   "baj.fanwenzhan.com",
   "balili2024.top",
   "bapa215.top",
   "baphullpet.com",
   "bas.boshi.tv",
   "bavotr.xyz",
   "bbbtttjjj.com",
   "bbjzly.top",
   "bbqoa.top",
   "bc4.fun",
   "bchina-1.xsfaya.com",
   "bclimiv.top",
   "bcpxll.icu",
   "bctuapia.icu",
   "bd-china-1.appmobile.cn",
   "bd-js.duote.com",
   "bd-js1.2345.com",
   "bd-s.baixing.net",
   "bd.ahsrst.cn",
   "bd.beimap.com",
   "bd.czxuexi.com",
   "bd.dhsz.cn",
   "bd.ershenghuo.com",
   "bd.watu.cn",
   "bd1-china.6789.com",
   "bd1.365qilu.com",
   "bd1.click.com.cn",
   "bd1.flfgw.cn",
   "bd1.guancha.cn",
   "bd1.jinbaozy.com",
   "bd1.moguvet.com",
   "bd1.pipaw.com",
   "bd1.qcjslm.com",
   "bd1.sosg.net",
   "bd1.szhk.com",
   "bd1.xiby.cn",
   "bd1.yidu.cc",
   "bd100.010lm.com",
   "bd11.nipic.com",
   "bd3.chuiyue.com",
   "bd888.qizuang.com",
   "bda1.ayule.net",
   "bdad.123pan.cn",
   "bdad.gaotie.net",
   "bdamcsv.top",
   "bdasd.chdbook.cn",
   "bdasd.chinabig.com.cn",
   "bdasd.wmxa.cn",
   "bdawrsi.icu",
   "bdblpy.top",
   "bdcm.kandianla.com",
   "bdcmwcl.icu",
   "bdcode.2345.com",
   "bdcode.35d1.com",
   "bdcode.qinglm.com",
   "bdcode.youke.com",
   "bdcrihraly.com",
   "bdfjw.cn",
   "bdgg.qjy168.com",
   "bdipsumv.top",
   "bdjfea.cn",
   "bdjiaoben.wmxa.cn",
   "bdjj.bzr99.com",
   "bdjj.makepolo.net",
   "bdjs.91zhuti.com",
   "bdjs.daziba.cn",
   "bdjs.guangyuanol.cn",
   "bdjs.gushiju.net",
   "bdjs.uimg.cn",
   "bdm.911cha.com",
   "bdm.ye-su.cn",
   "bdmjs.xywy.com",
   "bdoshbv.top",
   "bdu.focus.cn",
   "bdu1.coozhi.cn",
   "bdunion1.suxiazai.com",
   "bdx.playnext.cn",
   "bea-s.dinghuoche.com",
   "beacher56.xyz",
   "bebx.cn",
   "bebxhcip.icu",
   "becode.xiao84.com",
   "bedzbu.xyz",
   "beenedsl.com",
   "begoihuh.com",
   "behvgsik.icu",
   "beijing.buzhi5.com",
   "bekd.cn",
   "benpsbp.com",
   "beqnnobwt.com",
   "beryt111.fun",
   "besc.baidustatic.com",
   "bewr1.com",
   "bewrutv.top",
   "bfhueh.top",
   "bfjsliv.top",
   "bgbg00.fun",
   "bgf05251lko.com",
   "bgf05261lko.com",
   "bgf05270lko.com",
   "bgf05271lko.com",
   "bgf05280lko.com",
   "bgf05290lko.com",
   "bgf05291lko.com",
   "bghebf.xyz",
   "bhaelkaers.com",
   "bhaelnieth.com",
   "bhakte.com",
   "bhanphevg.com",
   "bhaoea.cn",
   "bhddjf.top",
   "bhdnti.top",
   "bhegilut.com",
   "bhelzun.com",
   "bhohreatz.com",
   "bholneath.com",
   "bhoscopop.com",
   "bhovrath.com",
   "bhukkeks.com",
   "biabfqq.icu",
   "bidotz.icu",
   "bieuc.icu",
   "bijmz.cn",
   "bildrat.com",
   "bilec.xyz",
   "bimnodstz.com",
   "bing001.shop",
   "bing003.shop",
   "bing005.shop",
   "bing007.shop",
   "bing009.shop",
   "binga01.shop",
   "binga03.shop",
   "binga07.shop",
   "birtw.cn",
   "biz.gexing.com",
   "bjfsk.xyz",
   "bjimtyv.top",
   "bjs.faxingzhan.com",
   "bjtlzv.icu",
   "bkiterv.top",
   "bkox.cn",
   "bkqa.cn",
   "bkxpph.xyz",
   "blasedustin.shop",
   "blbtibqk.icu",
   "blciqbk.icu",
   "bld.mobi",
   "blinxmi.icu",
   "bm.h576.com",
   "bmasamd.top",
   "bmhtwefv.icu",
   "bmjs.xzw.com",
   "bmougwx.icu",
   "bmqulua.icu",
   "bnbwvp.top",
   "bndxrr.xyz",
   "bnfectkp.icu",
   "bnhorn.xyz",
   "bnrk7esglquispx2lsluttlm.xyz",
   "boardx.huanqiu.com",
   "bobobo6688.top",
   "bodhalqg.com",
   "bojyvp.xyz",
   "boubliv.top",
   "bovytl.xyz",
   "bowoprf.icu",
   "bowvses.icu",
   "bptnzp.top",
   "bpuf.cn",
   "bpxbzps.xyz",
   "bpxxgkoj.icu",
   "bremphumz.com",
   "brephras.com",
   "brerkols.com",
   "brircel.com",
   "brornaeq.com",
   "brtlisv.top",
   "brulpha.com",
   "brutvncv.top",
   "bsizoia.com",
   "bt1.patexplorer.com",
   "btcili.top",
   "btimiyv.top",
   "btn.onlylady.com",
   "btn.pchome.net",
   "btvbnrwo.icu",
   "bu1.duba.com",
   "bu1.vvvdj.com",
   "bubmhm.top",
   "bucnmtv.top",
   "bucnwtv.top",
   "bujlmitd.icu",
   "bumnxiev.top",
   "bun1.dayi.org.cn",
   "buresdv.top",
   "business.92wy.com",
   "bvcnmtv.top",
   "bvdenx.xyz",
   "bvubasnf.com",
   "bvzc.cn",
   "bwcnmtv.top",
   "bwilmiv.top",
   "bwurserv.top",
   "bwz4e.icu",
   "bxdupj.icu",
   "bxheifoe.icu",
   "bxhm.cn",
   "bxlulr.icu",
   "bxmazls.icu",
   "bxoaeju.icu",
   "bxqgk.icu",
   "bxzlfr.icu",
   "by.dyq.cn",
   "bybrrn.icu",
   "bycrovalb.com",
   "bylwtf.xyz",
   "bypllv.icu",
   "byretuv.top",
   "bytmfj.xyz",
   "bzqqftz.icu",
   "c-5uwzmx78pmca09x24aiux2euavx2ekwu.g00.msn.com",
   "c.28rv.com",
   "c.mnjkw.cn",
   "c.nuhcpf.com",
   "c.tvsou.com",
   "c05ua.icu",
   "c1.4qx.net",
   "c1.chajiaotong.com",
   "c1.china.cn",
   "c1.czcol.cn",
   "c4uy.icu",
   "c6.friok.com",
   "c81.ipanocloud.com",
   "ca.yangshengtv.com",
   "caaqot.com",
   "cacafly.net",
   "cachusrw.com",
   "cadcc.icu",
   "cadke.xyz",
   "cai75tp.com",
   "caicme.xyz",
   "caomeixz7.xyz",
   "caqreg.xyz",
   "car.qcmrjx.com",
   "cautols.com",
   "caxhuuzto.com",
   "cb.baidu.com",
   "cbdm.weathercn.com",
   "cbdqzbi.icu",
   "cbjs.baidu.com",
   "cc.8181zx.com",
   "cc.xiaodapei.com",
   "cc.xwscg.com",
   "ccccc66kkkkk.com",
   "ccccc67kkkkk.com",
   "ccccc78kkkkk.com",
   "ccccc88kkkkk.com",
   "ccinmaf.top",
   "ccinvdf.top",
   "cclimif.top",
   "ccobksxz.icu",
   "ccokamif.top",
   "cdcs34.fun",
   "cdgfa.ifeng.com",
   "cdgtw3.guapaijia.com",
   "cdickef.top",
   "cdilm.cn",
   "cdinmaf.top",
   "cdipsumf.top",
   "cdjst7i1v.com",
   "cdlekgr.icu",
   "cdmyeg.xyz",
   "cdn.haocaa.com",
   "cdn.wenzhangba.cn",
   "cdn.wuyou.ca",
   "cdn93d99x0e.23bei.com",
   "cdnjs.hro-cosmetics.com",
   "cdnjs.mopair-erm.net",
   "cdnjs.z-face.cn",
   "cdnny.com",
   "cdomsif.top",
   "cdoshbf.top",
   "cdscs990.fun",
   "cdszgg.xyz",
   "cduno.cn",
   "cdunwi.xyz",
   "cdyurlif.top",
   "cedhoinle.com",
   "cee1.iteye.com",
   "cengqinglin.cn",
   "ceryt111.fun",
   "cetlwsf.top",
   "cewrutf.top",
   "cfdvd779.fun",
   "cfjslif.top",
   "cfwlvmg.top",
   "cg-pao-tu.nanyanglk.com",
   "cggyyi.xyz",
   "cgskys.xyz",
   "ch17axocue.top",
   "chaoyumiao.com",
   "chaqraex.com",
   "checbox.cc",
   "chidir.com",
   "chienzul.com",
   "chitshuqh.com",
   "chmueyv.icu",
   "cholurd.com",
   "chonaesor.com",
   "chong-wu.net",
   "chooncv.icu",
   "chorninsm.com",
   "chuccipkn.com",
   "chugveasoy.com",
   "chumealq.com",
   "chunmiaosh.com",
   "chupl.icu",
   "chushoushijian.cn",
   "chussuth.com",
   "chuundads.com",
   "cidhmxxb.icu",
   "cigoqcq.top",
   "cismqdx.icu",
   "cjimtyf.top",
   "ckg.vipyl.com",
   "ckyriuf.icu",
   "classic.39health.com",
   "clcimo.icu",
   "clkwnl.xyz",
   "clmcam.xyz",
   "cm.baidu.com",
   "cmelr.com",
   "cmm.xmfish.com",
   "cmqxy.cn",
   "cn.bidushe.com",
   "cn6x.com",
   "cnbd1.appmobile.cn",
   "cnwuamf.top",
   "cnzz.trafficmanager.net",
   "cockersbehint.com",
   "cod.southmoney.com",
   "code.ditiezu.net",
   "code.wenbanzhu.com",
   "cokudsvit.com",
   "commonwealthproficient.com",
   "cos1999.top",
   "cosmo001.top",
   "cosmo100.top",
   "cosmo202.top",
   "cosouy.xyz",
   "coublif.top",
   "couvxlif.top",
   "cowcuo.xyz",
   "cp.7y7.com",
   "cp.jfcdns.com",
   "cp.qbaobei.com",
   "cp2.eastmoney.com",
   "cpm.cm.kankan.com",
   "cpro.baidu.com",
   "cpro.baidustatic.com",
   "cpro.bdrmb.cn",
   "cpro.xixiliya.cn",
   "cpro.zol.com.cn",
   "craegvin.com",
   "craivrals.com",
   "cralphal.com",
   "crayon.meishichina.com",
   "crazodsxx.com",
   "crektels.com",
   "cresqoirz.com",
   "crevainv.com",
   "cridotty.com",
   "crigroik.com",
   "criqai.com",
   "crlsxny.xyz",
   "crnmyrk.icu",
   "crolerl.com",
   "croqoltdp.com",
   "crtlisf.top",
   "cruhut.com",
   "crutvncf.top",
   "csdcfvgf4.fun",
   "csdsa22.fun",
   "csfds000.fun",
   "cspb1.5w5w.com",
   "css.juqingba.cn",
   "css.zmjm.com",
   "csylief.top",
   "ctc.weather.com.cn",
   "ctimiyf.top",
   "ctkyom.xyz",
   "ctlacnh.icu",
   "cuaeblh.icu",
   "cucnmtf.top",
   "cukuix.com",
   "cuqpi.cn",
   "curesdf.top",
   "cuvedyqs.com",
   "cv7.icu",
   "cvdfvdfv90.fun",
   "cvmuia.xyz",
   "cvujac.xyz",
   "cwaterf.top",
   "cwcnmtf.top",
   "cweisif.top",
   "cweizaf.top",
   "cwerilxf.top",
   "cwilmif.top",
   "cwwgqu.xyz",
   "cxgfq.pinlue.com",
   "cxsh.cn.com",
   "cxvyk.com",
   "cxy88.friok.com",
   "cyjqgpf.top",
   "cyretuf.top",
   "cysgcm.xyz",
   "d-test.39.net",
   "d.6xw.com",
   "d.8181zx.com",
   "d.ab126.com",
   "d.dgzj.com",
   "d.win10com.com",
   "d.ziyuanm.com",
   "d0.xcar.com.cn",
   "d0m.icu",
   "d1.1ppt.com",
   "d1.3158.cn",
   "d1.5h.com",
   "d1.handdiy.com",
   "d1.zhuangxiu6.com",
   "d13jhr4vol1304.cloudfront.net",
   "d15cjcet1djbmv.cloudfront.net",
   "d1pmhihatyvp1k.cloudfront.net",
   "d1zoi2q7y0e4d.cloudfront.net",
   "d24fnxkxwarvg8.cloudfront.net",
   "d2tf0.icu",
   "d2un76zvb5mgzx.cloudfront.net",
   "d37d9zbli5ytch.cloudfront.net",
   "d3d7a0q05k6bvz.cloudfront.net",
   "d3iih5w7xp5hdg.cloudfront.net",
   "d5r.icu",
   "d6.mobaders.com",
   "da.daji.com",
   "da.mgtv.com",
   "dabajd.xyz",
   "dadatuwz.com",
   "dai.siyuetian.net",
   "dai18.mumu01.com",
   "daiitmk.cn",
   "daima.aixiaola.com",
   "daima.diaoben.net",
   "daima.ijq.tv",
   "daima.ysdui.com",
   "daima.yuzhulin.com",
   "dairzih.com",
   "daiwofei2019.top",
   "dajiahao10.top",
   "dajiahao17.top",
   "dajiahao3.top",
   "dajiahao8.top",
   "dajiahao9.top",
   "dajkqqpz.top",
   "dajs001.shop",
   "daksflkalq.top",
   "dalofq.top",
   "danicirvr.com",
   "darren01.oss-cn-beijing.aliyuncs.com",
   "dasda64.fun",
   "dasdujaosjdioad.com",
   "dasljfoq.top",
   "daslkdlqk.top",
   "data.waptime.cn",
   "datas.tianqistatic.com",
   "dayujs.top",
   "dbdophuz.icu",
   "dbigboq.top",
   "dchdmhf.cn",
   "dchyjb.xyz",
   "dd1.diymianmo.com",
   "ddc888.com",
   "dddstew6cw8.fun",
   "ddhjabqe.icu",
   "ddlmsoyo.icu",
   "ddlzlr.xyz",
   "ddomjhr.icu",
   "ddow.cn",
   "ddqmlfu.icu",
   "de.as.pptv.com",
   "dehua.ixinfan.com",
   "dejcxwlv8.com",
   "deliver.ifeng.com",
   "delivery.playallvideos.com",
   "delivery.wasu.cn",
   "denjpl.xyz",
   "dephriezm.com",
   "depzdhamot.com",
   "derwbl.icu",
   "df888.eastday.com",
   "dfan4.icu",
   "dfgddgfd.com",
   "dfhgry.com",
   "dfhthh.icu",
   "dfprljx.xyz",
   "dfqzah.xyz",
   "dgaxrjj0jwpwp.cloudfront.net",
   "dgjhrv.top",
   "dgkship.icu",
   "dgrgr34.fun",
   "dhaaralzz.com",
   "dhannaq.com",
   "dheilgorsy.com",
   "dheirzeh.com",
   "dhemixu.com",
   "dhievvienr.com",
   "dhimphits.com",
   "dhkqqe.top",
   "dhl.135320.com",
   "dhnnbfok.icu",
   "dhonphehr.com",
   "dhorzivnn.com",
   "dhukul.com",
   "dhulzehgk.com",
   "dhuquxqy.com",
   "dian.brecm.xyz",
   "diav.cn",
   "diendh.xyz",
   "difzhd.icu",
   "dighavrap.com",
   "dilmcrybf.com",
   "dingbu.bj.bcebos.com",
   "display.itmemo.cn",
   "djecgyk.icu",
   "djs.baomihua.com",
   "djsxm.xyz",
   "dkasdeerw.xyz",
   "dkasffredf.xyz",
   "dkhffh.xyz",
   "dklnxtcj.icu",
   "dkstrtss.xyz",
   "dktad.com",
   "dkweuy.com",
   "dlngzx.top",
   "dm.17xuexiba.com",
   "dm.21hubei.com",
   "dm.51okc.com",
   "dm.66qw.net",
   "dm.aizhan.com",
   "dm.cnbanbao.com",
   "dm.gucheng.com",
   "dm.huochepiao.com",
   "dm.hxzdhn.com",
   "dm.jb51.net",
   "dm.lianzhixiu.com",
   "dm.pw0.cn",
   "dm.sanwen.net",
   "dm.wenshenxiu.com",
   "dm.zjut.cc",
   "dm.zuowenku.net",
   "dm1.ddwk8.cn",
   "dm1.zjydt.com",
   "dmevejjt.icu",
   "dmg-dd.oss-accelerate.aliyuncs.com",
   "dmm.aizhan.com",
   "dmnxkj.cn",
   "dmr.cnhoney.com",
   "dms.fx678.com",
   "dms.vancss.com",
   "dms.xuexxing.com",
   "dmym.aixyy.com",
   "dn4qoz.com",
   "dnd2.icu",
   "dnjxds.top",
   "domain1.chahaoba.cn",
   "dongtukj.oss-cn-hongkong.aliyuncs.com",
   "dopklb.xyz",
   "doubleclick.ctfile.com",
   "doujs01.shop",
   "doujs01.xyz",
   "doujs010.shop",
   "doujs010.xyz",
   "doujs02.shop",
   "doujs02.xyz",
   "doujs03.shop",
   "doujs03.xyz",
   "doujs04.shop",
   "doujs05.shop",
   "doujs05.xyz",
   "doujs06.shop",
   "doujs06.xyz",
   "doujs07.shop",
   "doujs07.xyz",
   "doujs08.shop",
   "doujs08.xyz",
   "doujs09.shop",
   "doujs09.xyz",
   "dozu5h9yql.com",
   "dpjzr.top",
   "dpweupc.icu",
   "dqlrfmwp.icu",
   "dr.mlcuzee.cn",
   "draktash.com",
   "drandoxo.com",
   "drauvea.com",
   "dreiquksz.com",
   "drenqils.com",
   "dreuaxk.icu",
   "drihmae.com",
   "drjs123.com",
   "drlzlc.top",
   "drmcmm.baidu.com",
   "drohlaneh.com",
   "drtrs55.fun",
   "druqodrly.com",
   "drustren.com",
   "ds.ruanwengfa.com",
   "ds1.kaijia.com",
   "dsad234.fun",
   "dsads55.fun",
   "dsaewew21.fun",
   "dscds111.fun",
   "dsda21.fun",
   "dsdsa33.fun",
   "dsdsg44.fun",
   "dsfh2.icu",
   "dshjbn.xyz",
   "dsikpuv.icu",
   "dsoxgdjv.icu",
   "dsp.ali213.net",
   "dssddf33.fun",
   "dsukqsx.icu",
   "dt0j.icu",
   "dtdqpc.top",
   "dtjcvd.icu",
   "dtntnl.icu",
   "du1.bbdj.com",
   "duiwai.baidu.com",
   "dun8qk8.lkmxqq.com",
   "dup.baidustatic.com",
   "dupzbh.icu",
   "duuddots.com",
   "duyewnf.icu",
   "duyhlct.icu",
   "dv0i.icu",
   "dv4ku.icu",
   "dvgjx.cn",
   "dvgr.cn",
   "dvlith.xyz",
   "dvs.china.com",
   "dvser.china.com",
   "dvuz.cn",
   "dwbaazotho.com",
   "dwyeuy.com",
   "dxvfdv.icu",
   "dxwksqa.icu",
   "dydab.com",
   "dyyygyg.top",
   "dzjzg.com",
   "dzlndygh.com",
   "dzzdspiu.icu",
   "e1s.fun",
   "e1zin.icu",
   "e50.icu",
   "e7h.fun",
   "e8d7.icu",
   "e9h.icu",
   "eacdf119.cn",
   "eacqihh.icu",
   "eap.big5.enorth.com.cn",
   "eap.enorth.com.cn",
   "eaqgsw.xyz",
   "eatnontf.icu",
   "ebp.renren.com",
   "ebrid.cn",
   "ebroktean.com",
   "ecatqefal.com",
   "ecinvdw.top",
   "eclimiw.top",
   "ecma.bdimg.com",
   "ecmb.bdimg.com",
   "ed2.fun",
   "edadmy.xyz",
   "edamcsw.top",
   "eddcc.icu",
   "edickew.top",
   "edinmaw.top",
   "edipsumw.top",
   "edoshbw.top",
   "edu.jiukang.org",
   "eduad.baidu.com",
   "edyurliw.top",
   "ee.shixunwang.net",
   "ee5.icu",
   "eeaczcf.icu",
   "eelkeageg.com",
   "eeqweqw.fun",
   "eeryt111.fun",
   "eetlwsw.top",
   "eewrutw.top",
   "ef9i0f3oev47.com",
   "efg.zle.com",
   "efgh.5lu.com",
   "efhis.cn",
   "efjsliw.top",
   "efxh.cn",
   "egesdashb8.fun",
   "egg0.icu",
   "ehhjfgs.xyz",
   "ehmhqcn.cn",
   "ei1s7b.cn",
   "ei7.icu",
   "eildralfl.com",
   "einzeaxop.com",
   "eiphrut.com",
   "eisnaisv.com",
   "eitilbyr.com",
   "eiv.baidu.com",
   "ejimtyw.top",
   "ejti.cn",
   "ejunshi.com",
   "ekltes.xyz",
   "ekykse.xyz",
   "ekzmk.icu",
   "eldaridpr.com",
   "elloisny.com",
   "emdcadvertise.eastmoney.com",
   "emizkno.cn",
   "emjs.mkzhan.com",
   "emphidaho.com",
   "emsq.cn",
   "en6.icu",
   "enbg.cn",
   "enennsa.gushiwen.cn",
   "enews10.yxlady.net",
   "enkvum.xyz",
   "enokouv.icu",
   "ent1.12584.cn",
   "ent1.qunchua.cn",
   "ent1.qunchua.com",
   "enwuamw.top",
   "enwucnw.top",
   "eoubliw.top",
   "eouvxliw.top",
   "epmumb34x.top",
   "epxlt.xyz",
   "eq.af31f.site",
   "eqygki.xyz",
   "er.5ykj.cn",
   "er.5ykj.com",
   "er1h4.icu",
   "ercoils.com",
   "erebor.douban.com",
   "ergiekszra.com",
   "erqtga.xyz",
   "ertlisw.top",
   "erutvncw.top",
   "eskux.xyz",
   "esqzwq.xyz",
   "esyliew.top",
   "esyook.xyz",
   "etallkiq.com",
   "etbh.cn",
   "etdggwj.top",
   "etjui.cn",
   "etlz1mt67.com",
   "etroytj33.fun",
   "euazwot.top",
   "eucnwtw.top",
   "euresdw.top",
   "evcnmtw.top",
   "evkc.cn",
   "evkzqs.xyz",
   "evreiks.com",
   "ewaterw.top",
   "ewcnmtw.top",
   "ewdk.cn",
   "eweisiw.top",
   "eweizaw.top",
   "ewerilxw.top",
   "ewilmiw.top",
   "ewjhic.cn",
   "ewqeq23.fun",
   "ewqws55.fun",
   "ewurserw.top",
   "ewvz.cn",
   "ewxufqs.cn",
   "exocoed.top",
   "exoh.cn",
   "exqvak.xyz",
   "extopae.icu",
   "eyislow.top",
   "eyyngo.xyz",
   "ezrcowa.icu",
   "ezzwechiiewt.com",
   "f1.06ps.com",
   "f1.ichong123.com",
   "f1.pig66.com",
   "f1.zaojv.com",
   "f11.hackhome.com",
   "f5zv2.icu",
   "f7j.icu",
   "f9gv87zoq2.com",
   "faamhel.com",
   "faaqgje.icu",
   "fabu333.top",
   "facai383.oss-cn-guangzhou.aliyuncs.com",
   "fadjqqe.top",
   "fafvvt.icu",
   "fagrirtn.com",
   "fajkhr.icu",
   "fanjs.top",
   "fanyi100.com.cn",
   "farm-cn.plista.com",
   "fbhkxt.icu",
   "fbhorutgy.com",
   "fbphnn.icu",
   "fbqrt.cn",
   "fbvbrb.icu",
   "fc.3dmgame.com",
   "fca6f.icu",
   "fcbdpock.icu",
   "fdfda.zhuzhai.com",
   "fdfghgfdd.yunqishi.net",
   "fdtlfl.xyz",
   "fdyacma.icu",
   "feernhuhe.com",
   "fefwe334.fun",
   "feittoill.com",
   "feofamdak.top",
   "feronyv.com",
   "fesnaed.com",
   "feubgzfx.icu",
   "fevrvd.top",
   "ff.meikanguo.com",
   "ff.psd8.com",
   "ff.qichetansuo.com",
   "ffbdbx.xyz",
   "ffjevt.icu",
   "fflbpi.top",
   "ffxe.cn",
   "fgadsqdma.top",
   "fgdkfr.xyz",
   "fghelmorotvn.com",
   "fghggng.com",
   "fgnfpnae.icu",
   "fgwuw.com",
   "fheiu43bcdhsj.top",
   "fhl05150ps.com",
   "fhl05160ps.com",
   "fhl05170ps.com",
   "fhl05181ps.com",
   "fhnbrx.xyz",
   "fiezaits.com",
   "figvatqrwd.com",
   "fijipic.xyz",
   "files.xtpag.top",
   "fingkndk.com",
   "first-hufu.oss-cn-shanghai.aliyuncs.com",
   "fjqcqdr.icu",
   "fjuga.top",
   "fk3nf1xeh.top",
   "fkesfg.com",
   "fkjdiefz.icu",
   "fktaxk.top",
   "fmkipgm.icu",
   "fmlmbf.top",
   "fmmirep.icu",
   "fngmeat.top",
   "fnjoomqa.icu",
   "fo0.icu",
   "fogolakda.top",
   "foreveryoung.gz01.bdysite.com",
   "foscvbu.icu",
   "fotao9.com",
   "fp.nanrenwo.net",
   "fpb.sohu.com",
   "fpb1.apple886.com",
   "fpb1.jsq886.com",
   "fpb1.kedabai.com",
   "fpbone.ihowguide.com",
   "fpelfyeesuoivy.com",
   "fpfhtr.icu",
   "fpgonuk.icu",
   "fpninv.xyz",
   "fpoyvjgdm.com",
   "fppcrl.xyz",
   "fpxhdx.icu",
   "fq01.shop",
   "fq010.shop",
   "fq02.shop",
   "fq03.shop",
   "fq04.shop",
   "fq05.shop",
   "fq06.shop",
   "fq07.shop",
   "fq67.top",
   "fqanoreirlpa.com",
   "fqbr.cn",
   "fqghykp.cn",
   "fqnhjt.icu",
   "fqnojp.top",
   "free-cdn.oss-cn-shanghai.aliyuncs.com",
   "frfve33.fun",
   "frgf99.fun",
   "frgre33.fun",
   "frntzz.xyz",
   "frthpp.icu",
   "fsdf45.fun",
   "fsijngnfsfk.com",
   "fsjfnp.top",
   "fspddt.xyz",
   "fttxhcua.icu",
   "fufemnirr.com",
   "fup5qxstgi.com",
   "fuuksew.com",
   "fvitteilse.com",
   "fvyqblc.icu",
   "fwsfwef2.fun",
   "fxjs.2541.com",
   "fy60.icu",
   "fywaaox.icu",
   "fzdwtage.icu",
   "fzjbsvgz.icu",
   "fznidd.top",
   "fzpzrqou.icu",
   "g.3lian.com",
   "g.gegeyingshi.com",
   "g.hsw.cn",
   "g.lznews.cn",
   "g.mnw.cn",
   "g1.pptair.com",
   "g1.tagtic.cn",
   "g1.taijuba.com",
   "g11edashb1.fun",
   "g2ak5.com",
   "g41i.icu",
   "g4y7uuk.com",
   "g6tgashb.fun",
   "g7ghdash2.fun",
   "ga1.3dmgame.com",
   "gahejiao.com",
   "ganjituiguang.ganji.com",
   "gauqoith.com",
   "gavm.cn",
   "gawnaze.com",
   "gbfedashb4.fun",
   "gbgedashb8.fun",
   "gbiathrilzik.com",
   "gbndash2.fun",
   "gbqgwes.icu",
   "gccnntq.cn",
   "gcddashb3.fun",
   "gcvcdashb2.fun",
   "gcvgedashb3.fun",
   "gdd08.com",
   "gdt.qq.com",
   "gdwudmv.icu",
   "gdyjs.com",
   "ge189.com",
   "ge3shbdf1.fun",
   "gedafdshb7.fun",
   "gedashb112.fun",
   "geddsashb3.fun",
   "gedxssashb8.fun",
   "geewdashb3.fun",
   "geinkroll.com",
   "gekhasaks.com",
   "geqshb22.fun",
   "gerqragpl.com",
   "gesdxashb1.fun",
   "gesfdashb5.fun",
   "gessdashb6.fun",
   "gesvfvfhhb6.fun",
   "geuba.xyz",
   "gewqashbwq.fun",
   "gfchck.xyz",
   "gffedashb6.fun",
   "gftefmt.icu",
   "gg.0598yu.com",
   "gg.7976.top",
   "gg.blueidea.com",
   "gg.cs090.com",
   "gg.egouz.com",
   "gg.gsdlcn.com",
   "gg.kugou.com",
   "gg.miinaa.com",
   "gg.miued.com",
   "gg.sonhoo.com",
   "gg.taoseyy.cn",
   "gg.uuu9.com",
   "gg1.mengchongzu.com",
   "gg3a.cc",
   "gg86.pinggu.org",
   "gg88.bj.bcebos.com",
   "ggcode.2345.com",
   "ggdm1.nhaidu.net",
   "ggfdgd88.fun",
   "ggjs.d17.cc",
   "ggs.myzaker.com",
   "ggtp-1255424916.cos.ap-chengdu.myqcloud.com",
   "ggw.gusuwang.com",
   "ggw.watertu.com",
   "ggxwb.miguvideo.com",
   "ghairqin.com",
   "ghegaintp.com",
   "gheqien.com",
   "gherkax.com",
   "gheslosy.com",
   "ghghgf.51dongshi.com",
   "ghghgf.xuexiwa.com",
   "ghgietuthz.com",
   "ghiuge55.fun",
   "ghjedashb6.fun",
   "ghozokodq.com",
   "ghrs.cn",
   "ghwqbii.icu",
   "gi0.icu",
   "giphaudoq.com",
   "gjinuqg.top",
   "gjjskhdnm.top",
   "gjkkdashb4.fun",
   "gjmedashb0.fun",
   "gjnbf.com",
   "gjwxy.cn",
   "gk1.582582.com",
   "gk1.zjbiz.net",
   "gkcogyf.icu",
   "gkeolwi.icu",
   "gklox.cn",
   "gkxqt.cn",
   "gmendanln.com",
   "gmmlmo.xyz",
   "gmso01010oka.top",
   "gmso12251oka.top",
   "gmso12261oka.top",
   "gmso12271oka.top",
   "gmwqpgq.top",
   "gnglehraith.com",
   "gnyuhzd.icu",
   "go.hangzhou.com.cn",
   "godloveme.cn",
   "gokrafxr.icu",
   "gold.szonline.net",
   "goodvibe1.com",
   "google-js-01.xyz",
   "google-js-02.xyz",
   "google-js-08.xyz",
   "google-js-09.xyz",
   "googlehm.cc",
   "goole20.shop",
   "goole24.shop",
   "gotadd.cn",
   "goto.www.iciba.com",
   "gp.jstv.com",
   "gp.zaiyunli.cn",
   "gpmzkg.xyz",
   "gpowow.xyz",
   "gpqkeq.xyz",
   "gqoi.cn",
   "gqwwshbdd1.fun",
   "graesol.com",
   "grarnuns.com",
   "grerzieds.com",
   "grewash1b.fun",
   "grihaith.com",
   "grimoiksep.com",
   "grirqaks.com",
   "gritoils.com",
   "grmzwc.icu",
   "grondrens.com",
   "gsdedash9b.fun",
   "gt.duowan.com",
   "gt.yy.com",
   "gtdf33.fun",
   "gtuy6el1hd.com",
   "gtxkze.cn",
   "guang.sdsgwy.com",
   "guang1.zhakao.cn",
   "guanjiabo.net",
   "gucx.cn",
   "guess.h.qhimg.com",
   "guifudi.com",
   "gukviels.com",
   "gumnus.com",
   "guqoinly.com",
   "guqransoq.com",
   "gvvedashb6.fun",
   "gw2cddpt2hao.asia",
   "gw2cddpt2hao.cloud",
   "gw2cddpt2hao.site",
   "gw8.icu",
   "gwogrgq.icu",
   "gxcdgm.xyz",
   "gxjajt.com",
   "gxoaku.xyz",
   "gxqzz.7766.org",
   "gybyxsy1588.com",
   "gyunce.xyz",
   "gzfsqrc.icu",
   "h0d.icu",
   "h1.cfxinxi.cn",
   "h1.kukuw.com",
   "h1.wk2.com",
   "h3d.fun",
   "h5r.icu",
   "h6o.fun",
   "h8ne.com",
   "hades.qyer.com",
   "hahaql.top",
   "hahusa.top",
   "haitang77.com",
   "hanlinzhijia.net",
   "haohuisheng555.cn",
   "haokoubei.top",
   "hapic1.zhuangxiu22.com",
   "hasdjksndjk.com",
   "hash.trafficmanager.net",
   "hauqks.top",
   "hauqoa.com",
   "hauqou.top",
   "hbbynt.xyz",
   "hbdruktekf.com",
   "hbeafcac.top",
   "hbxmdf.icu",
   "hccoeutg.com",
   "hchus5739dmew.top",
   "hcinmau.top",
   "hcinvdu.top",
   "hcirentgh.360doc.cn",
   "hclimiu.top",
   "hcokamiu.top",
   "hcznaubp.icu",
   "hdamcsu.top",
   "hdapp1003-a.akamaihd.net",
   "hdapp1008-a.akamaihd.net",
   "hdbltq.top",
   "hdc.maxli.cn",
   "hdickeu.top",
   "hdinmau.top",
   "hdinmiu.top",
   "hdipsumu.top",
   "hdjthzg.cn",
   "hdomsiu.top",
   "hdoshbu.top",
   "hdsrc-a.akamaihd.net",
   "hdtu.oss-cn-beijing.aliyuncs.com",
   "hdxyj.icu",
   "hdyurliu.top",
   "heatherssb.com",
   "hebaidu.cc",
   "heemphaers.com",
   "heiviek.com",
   "heloisessa.com",
   "henqnv.top",
   "heryt111.fun",
   "herzotph.icu",
   "hetlwsu.top",
   "hevepyrmt.com",
   "hewrutu.top",
   "hfisngksng.com",
   "hfjmvr.xyz",
   "hfjsliu.top",
   "hfptbb.cn",
   "hfptbf.cn",
   "hftxbq.top",
   "hgcgnfe.icu",
   "hghngh.com",
   "hgreils.com",
   "hh.jiankang.com",
   "hh04040aoik.com",
   "hh04041aoik.com",
   "hh04050aoik.com",
   "hhausq.top",
   "hhdus.com",
   "hhppzkhurf.com",
   "hhrerv.xyz",
   "hi.xiunm.cn",
   "hi.xiunm.com",
   "hiad.myweb.hinet.net",
   "hiad.vmall.com",
   "hiaphrilloig.com",
   "higyoe.cn",
   "hitalsli.com",
   "hitchprivilege.com",
   "hitoxx.xyz",
   "hj8gf.icu",
   "hjammiz.icu",
   "hjdjfl.icu",
   "hjimtyu.top",
   "hjkhxfh.360doc.cn",
   "hjrcjz.xyz",
   "hjvprx.top",
   "hjvzfa.top",
   "hkjzkrqz.icu",
   "hknoq.cn",
   "hkpeghqu.icu",
   "hkralgriks.com",
   "hl.dyq.cn",
   "hltpdd.icu",
   "hlzncxmu.icu",
   "hmbprf.icu",
   "hmjmjz.icu",
   "hnhmxj.icu",
   "hnwuamu.top",
   "hnwucnu.top",
   "hodynx.top",
   "hongi7ie8owiie01.site",
   "hongi7ie8owiie02.site",
   "hongi7ie8owiie03.site",
   "hostolhg.com",
   "houbliu.top",
   "houvxliu.top",
   "hov15.icu",
   "hoxdotye.icu",
   "hp7.fun",
   "hp8g6.icu",
   "hptidc.top",
   "hrjciqyu.icu",
   "hrrjff.xyz",
   "hrtlisu.top",
   "hrutvncu.top",
   "hrwbeqv.icu",
   "hsoubnp.icu",
   "hsvmtn.xyz",
   "hsylieu.top",
   "hthvc.icu",
   "htimiyu.top",
   "htoetgk.icu",
   "htwjo.com",
   "htxwzp.xyz",
   "hua4207.xyz",
   "hulichuang.mobi",
   "huohuo.huamuwo.com",
   "huoxun.wang",
   "hur05071kns.com",
   "hur05101kns.com",
   "hur05110kns.com",
   "hur05121kns.com",
   "hur05130kns.com",
   "huresdu.top",
   "hvddxj.icu",
   "hvrunsqqy.com",
   "hvuqkb.cn",
   "hwateru.top",
   "hwcnmtu.top",
   "hweisiu.top",
   "hweizau.top",
   "hwerilxu.top",
   "hwilmiu.top",
   "hwplypbn.icu",
   "hwpvhilkuth.com",
   "hwtadf.icu",
   "hwurseru.top",
   "hwxprd.icu",
   "hwymoyv.icu",
   "hxbt.alading123.com",
   "hxnpxh.icu",
   "hy.huangye88.com.cn",
   "hy.huangye88.net",
   "hy90.cn",
   "hyhy2.fun",
   "hyislou.top",
   "hyjqgpu.top",
   "hylplj.icu",
   "hyretuu.top",
   "hyth74.fun",
   "hz.shouyoutv.com",
   "hzhyhm.com",
   "i2wq4.icu",
   "i8m6.com",
   "i9i3ko2o70.com",
   "iads.xinmin.cn",
   "iafg.cn",
   "iaindu.cn",
   "iaiqk.top",
   "iairuo.xyz",
   "iaosua.com",
   "iaxmmw9fbx.com",
   "ibaglhc.icu",
   "ibkoiw.xyz",
   "ibqemk.icu",
   "ibqmey.xyz",
   "ibyrwvi.cn",
   "ichc1.xinglinpukang.com",
   "icinmao.top",
   "icinvdo.top",
   "iclimio.top",
   "icokamio.top",
   "icudqq.xyz",
   "idamcso.top",
   "idcot.com",
   "iddhui.com",
   "idhaiafq.com",
   "idickeo.top",
   "idipsumo.top",
   "iditero.top",
   "idomsio.top",
   "idoshbo.top",
   "idyurlio.top",
   "iedullkg.com",
   "ieix.cn",
   "iemhotqk.com",
   "ieryt111.fun",
   "ietlwso.top",
   "iewruto.top",
   "ieymhkx.icu",
   "ifej.cn",
   "ifethbrzb.com",
   "iffobi.xyz",
   "ifje.cn",
   "ifjslio.top",
   "iflucav.icu",
   "ifmccdn.icu",
   "ifqn.cn",
   "ifxqubw.icu",
   "ig65.vip",
   "ig66.vip",
   "ig67.vip",
   "ig69.vip",
   "igabcgnh.icu",
   "iggbky.xyz",
   "iggdf88.com",
   "ihearsoh.com",
   "ihgluu.xyz",
   "ihgm.cn",
   "ihssdas.icu",
   "ii1.chajiaotong.com",
   "ii3.icu",
   "iia1.pikacn.com",
   "iiwk.cn",
   "iiyurraeoh.com",
   "ijeujkdhnvb.top",
   "ijimtyo.top",
   "ijksec.xyz",
   "ilcq.cn",
   "ilzies.com",
   "images8.gaotie.cn",
   "imageshh.com",
   "img.0279.net",
   "img.175532.com",
   "img.263y.com",
   "img.3sjt.com",
   "img.911787.com",
   "img.ferlie.net",
   "img.yangshengtang123.com",
   "img.zuowen8.com",
   "img.zuowenwang.net",
   "img1.126.net",
   "img1.eywdf.com",
   "img1.hblds.com",
   "img1.leyun365.com",
   "img11.biyan8.com",
   "img16.diyifanwen.com",
   "img2.126.net",
   "img2.titan007.com",
   "img3.126.net",
   "img301.com",
   "img50.pingguolv.com",
   "imgmin133.top",
   "imgoss1380.top",
   "imgoss2255.top",
   "imgoss511.top",
   "imgoss820.top",
   "imndl.icu",
   "imniel.com",
   "imusye.xyz",
   "infocab888.life",
   "inone517.com",
   "inphais.com",
   "inte.sogou.com",
   "inulgaenypa.com",
   "inwuamo.top",
   "inwucno.top",
   "inzoiwe.com",
   "inzut.com",
   "ioaiqp.top",
   "ioublio.top",
   "iouvxlio.top",
   "ioykmxa.icu",
   "ipad.pc899.cn",
   "ipqajyy.icu",
   "ipssss.com",
   "iptrauaktnua.com",
   "iptuy.cn",
   "ipyhf.icu",
   "iqgessh.icu",
   "iqi4l.icu",
   "iqtucudfff.com",
   "ir4.icu",
   "irgidshiv.com",
   "irgxwk.xyz",
   "irkp.cn",
   "irkrellw.com",
   "irkrors.com",
   "irlj.cn",
   "irqaci.xyz",
   "irtliso.top",
   "irulws.xyz",
   "irutvnco.top",
   "is02041qqp.xyz",
   "is02050qqp.xyz",
   "ismuwcm.icu",
   "istraxuhh.com",
   "isylieo.top",
   "itadapi.ithome.com.tw",
   "itakrid.icu",
   "iteyi.xyz",
   "itimiyo.top",
   "itjcqlp.icu",
   "itoqals.com",
   "itqwesk.icu",
   "ittaels.com",
   "itv.hexun.com",
   "iucnwto.top",
   "iuresdo.top",
   "iutq.cn",
   "iuuwuk.xyz",
   "iuytfvhl.top",
   "ivnrrkx.cn",
   "ivvn.cn",
   "ivy.pconline.com.cn",
   "iwanad.baidu.com",
   "iwatero.top",
   "iwcnmto.top",
   "iweisio.top",
   "iweizao.top",
   "iwerilxo.top",
   "iwhp.cn",
   "iwilmio.top",
   "iwpkp.xyz",
   "iwursero.top",
   "ix4.icu",
   "ixbua.xyz",
   "ixlv.cn",
   "ixoe.cn",
   "ixstng.cn",
   "ixtu.cn",
   "iyisloo.top",
   "iyjqgpo.top",
   "iyof.cn",
   "iyqbsst.top",
   "iyuedu.cn.com",
   "iyxh.cn",
   "izalflh.cn",
   "izqeyo.xyz",
   "izqogb.cn",
   "izuts.com",
   "izwmfmu.icu",
   "j.baminw.cn",
   "j.diangon.com",
   "j1.piaobing.com",
   "j7c16.icu",
   "jab88.com",
   "jauql.top",
   "jb.dianshu119.com",
   "jb.ecar168.cn",
   "jbdch1.appmobile.cn",
   "jbkqemk.icu",
   "jc1.dayfund.com.cn",
   "jcdard.top",
   "jcfbgdbd.top",
   "jcfnbhqo.icu",
   "jcinmaa.top",
   "jcinvda.top",
   "jciwztfj.com",
   "jclimia.top",
   "jcokamia.top",
   "jcppcmqa.icu",
   "jcquhetqcp.com",
   "jcreje.com",
   "jcwlsofn.icu",
   "jdamcsa.top",
   "jddaw.com",
   "jdfzfd.xyz",
   "jdickea.top",
   "jdiekknmcb.com",
   "jdinmia.top",
   "jdipsuma.top",
   "jditera.top",
   "jdomsia.top",
   "jdoshba.top",
   "jdqmhay.icu",
   "jdyurlia.top",
   "jebrhb.icu",
   "jeryt111.fun",
   "jesfsf.top",
   "jetlwsa.top",
   "jewruta.top",
   "jeyd.cn",
   "jfjslia.top",
   "jfrrnf.icu",
   "jgapcsi.icu",
   "jgjyxf.xyz",
   "jgntjtyf.icu",
   "jguhqbe.top",
   "jgvkxp.xyz",
   "jgxirv.icu",
   "jhlnlt.xyz",
   "jhrulp.icu",
   "jia6983.xyz",
   "jianxuzuo.com",
   "jiaoben.eastday.com",
   "jiaoben.ganji.cn",
   "jiaoben.jucanw.com",
   "jiaopei.com",
   "jias115.com",
   "jibjpk.top",
   "jibn12.jintang114.org",
   "jibtdn.top",
   "jili9.io",
   "jingjs.top",
   "jinxpn.xyz",
   "jipxzz.icu",
   "jitdlj.icu",
   "jiuab8eig2oateh01.site",
   "jiujy5r3.fun",
   "jiusudie.com",
   "jixurt.icu",
   "jizxnr.xyz",
   "jjfufv.icu",
   "jjimtya.top",
   "jjplaqyo.icu",
   "jke1.jianke.com",
   "jkn05300loi.com",
   "jkn05310loi.com",
   "jkn05311loi.com",
   "jktkhn.top",
   "jltwxisa.icu",
   "jmif.cn",
   "jmipzsn.icu",
   "jnjslk.top",
   "jnwuama.top",
   "jnwucna.top",
   "jo4.icu",
   "joiwnq2.cn",
   "jollyspring.com",
   "joublia.top",
   "jovcbp.top",
   "jowkkzx.icu",
   "jp.twww.sbs",
   "jpcctez.icu",
   "jpg1.oss-cn-beijing.aliyuncs.com",
   "jpwsuix.icu",
   "jqsex.com",
   "jqtnft.xyz",
   "jquery.envi-met.com.cn",
   "jrblfv.icu",
   "jrjtibez.icu",
   "jrtlisa.top",
   "jrutvnca.top",
   "js.263y.com",
   "js.92aliyun.com",
   "js.bju888.com",
   "js.duotegame.com",
   "js.entm.top",
   "js.kt250.com",
   "js.oh100.com",
   "js.ruiwen.com",
   "js.shangxueba.com",
   "js.shunqi.com",
   "js.spreton.com",
   "js.ubaike.cn",
   "js.yanyue.cn",
   "js.yanyue.net",
   "js.yjbys.com",
   "js1.122cha.com",
   "js1.dadiniu.cn",
   "js1.haoge500.com",
   "js22f.net",
   "jsb.qianzhan.com",
   "jscode.acg68.com",
   "jscode.jbzj.com",
   "jsf.cnlinfo.net",
   "jsgapai.icu",
   "jshilr.icu",
   "jslxzx.icu",
   "jsqygwl.top",
   "jsx.luyouwang.com",
   "jsyefc.com",
   "jsyliea.top",
   "jtdltu.top",
   "jthotb.icu",
   "jtimiya.top",
   "jucnwta.top",
   "jun01.oss-cn-beijing.aliyuncs.com",
   "juresda.top",
   "justapp.top",
   "juutckrt.icu",
   "juznlx.xyz",
   "jwatera.top",
   "jwcnmta.top",
   "jweisia.top",
   "jweizaa.top",
   "jwerilxa.top",
   "jwhjqjfl.icu",
   "jwilmia.top",
   "jwursera.top",
   "jxad.jx163.com",
   "jxjpnd.xyz",
   "jxtcbriz.icu",
   "jy.zhongxues.com",
   "jy01.shop",
   "jy010.shop",
   "jy04.shop",
   "jy05.shop",
   "jy06.shop",
   "jy07.shop",
   "jy08.shop",
   "jy09.shop",
   "jy147a.com",
   "jy7.icu",
   "jyfdbj.xyz",
   "jyisloa.top",
   "jyjrbz.xyz",
   "jyuskb.cn",
   "jyxzrb.xyz",
   "jz4u1.icu",
   "k1.dancihu.com",
   "k1.wanwenwan.cn",
   "k1.wendahu.com",
   "k42.fun",
   "k5uj.icu",
   "k9u.icu",
   "kai5741.xyz",
   "kaiyuan308.vip",
   "kaiyuantp.vip",
   "kalmukrattail.com",
   "kapvu.cn",
   "katoleiy.com",
   "kcglsiv.icu",
   "kcinmad.top",
   "kcinvdd.top",
   "kclimid.top",
   "kcokamid.top",
   "kczq.cn",
   "kdamcsd.top",
   "kdicked.top",
   "kdinmid.top",
   "kdipsumd.top",
   "kdomsid.top",
   "kdopag.xyz",
   "kdoshbd.top",
   "kdpic.pchome.com.tw",
   "kdyurlid.top",
   "kdzgrvn.icu",
   "kemmars.com",
   "keryt111.fun",
   "ketlwsd.top",
   "kewrutd.top",
   "kf2038zvxt.com",
   "kfjslid.top",
   "kfocken.icu",
   "kfpnqug.cn",
   "kfvq.cn",
   "kfycmiu.icu",
   "kgipui.xyz",
   "kgubus.xyz",
   "kgymoc.xyz",
   "khastreol.com",
   "khegritww.com",
   "khehliets.com",
   "khengrull.com",
   "khesuts.com",
   "khoqetslh.com",
   "khrtac.xiangha.com",
   "kiolpia.icu",
   "kiuee8.com",
   "kiykfux.icu",
   "kjimtyd.top",
   "kjnsgqe.icu",
   "kjxhd.cn",
   "kkacrgx.icu",
   "kklq05111p0i.com",
   "kklq05120p0i.com",
   "kklq05121p0i.com",
   "kklq05131p0i.com",
   "kklq05140p0i.com",
   "klkk66.fun",
   "klmohbk.icu",
   "kloojzn.icu",
   "klvt.cn",
   "kmmgoogle.oss-ap-southeast-1.aliyuncs.com",
   "kmqianneng66.com",
   "kmruv.cn",
   "knuinws.icu",
   "knul.cn",
   "knwuamd.top",
   "knwucnd.top",
   "koauq.top",
   "kodwaqepr.com",
   "kopvx.cn",
   "kossog.xyz",
   "koublid.top",
   "koufqy.xyz",
   "kowj.cn",
   "koytqo.xyz",
   "kpmsoq.xyz",
   "kpshx.douguo.com",
   "kqgn.cn",
   "kqzyfj.com",
   "krbulhb.com",
   "krikului.com",
   "krinkred.com",
   "krirkroins.com",
   "krtlisd.top",
   "kruraits.com",
   "krutvncd.top",
   "kryeia.xyz",
   "kspl48j.xyz",
   "ksro.cn",
   "ksylied.top",
   "ktimiyd.top",
   "kucnwtd.top",
   "kuiv.cn",
   "kuresdd.top",
   "kvhee.com",
   "kvkcei.xyz",
   "kvqp.cn",
   "kvyyyde.cn",
   "kwaterd.top",
   "kwcnmtd.top",
   "kweisid.top",
   "kweizad.top",
   "kwerilxd.top",
   "kwgqaqf.icu",
   "kwilmid.top",
   "kwiqcoh.icu",
   "kwumme.xyz",
   "kwurserd.top",
   "kwyamu.xyz",
   "kxygsjv.icu",
   "ky595images.com",
   "kychq.cn",
   "kyislod.top",
   "kyokglm.icu",
   "kyuxym.xyz",
   "kyyfsw.xyz",
   "kzaawga.icu",
   "kzcayec.icu",
   "l7u3kf.cn",
   "lafacw.xyz",
   "lagzoids.com",
   "lajevt.xyz",
   "lalabaos1020.top",
   "lalabaos1021.top",
   "lalabaos1025.top",
   "lalabaos1101.top",
   "laoqo.top",
   "lazzrv.icu",
   "lbfuvlyp.icu",
   "lbfwxr.icu",
   "lbjekygz.icu",
   "lbjupq.top",
   "lbqdaua.icu",
   "lcd.aivote.com",
   "lcidauv.top",
   "lclimil.top",
   "lclqbh.icu",
   "lcvl.cn",
   "lcvwdn.icu",
   "ldamcsl.top",
   "ldbnhd.icu",
   "ldinmal.top",
   "ldipsuml.top",
   "ldjfsdku.icu",
   "ldoshbl.top",
   "ldrerirbuaou.com",
   "le4le.com",
   "leabd.douguo.com",
   "leagsmk.icu",
   "ledfjl.icu",
   "ledollull.com",
   "ledwtz.icu",
   "leirerspfz.com",
   "lelczf.icu",
   "leryt111.fun",
   "lesenjiaoyu.xyz",
   "letlwsl.top",
   "lewrutl.top",
   "lfflvh.icu",
   "lfjslil.top",
   "lfkheedokhld.com",
   "lfrdskwj.icu",
   "lftcph.icu",
   "lfxozd.xyz",
   "lgkocdi.icu",
   "lgpjw.cn",
   "lh1dki82.com",
   "lh49dki80.com",
   "lhdnba.top",
   "lhmgoik.icu",
   "lhxolz.icu",
   "lianmen1.joyyang.com",
   "lijlrz.xyz",
   "liog.cn",
   "lipheak.com",
   "liqw.cn",
   "lirretsn.com",
   "lixiangmo.com",
   "lizijing12.top",
   "ljbrbz.xyz",
   "ljimtyl.top",
   "ljjhfw34.fun",
   "ljvc0.icu",
   "ljzcawea.icu",
   "lkdqrtsj6g.com",
   "lkdyft.xyz",
   "lkiterl.top",
   "lkmgjfkhfh.top",
   "lkqaq.icu",
   "ll.gxsky.com",
   "lm.ijq.tv",
   "lm1.tuliu.com",
   "lm1.wkpcw.cn",
   "lmeurbnjs.com",
   "lmlmvip.com",
   "lmvotk.cn",
   "lnnahh.xyz",
   "lnnsvj.xyz",
   "lnptph.icu",
   "locpikbb.icu",
   "lofqvl.icu",
   "lorzelofd.com",
   "loublil.top",
   "love.furenkeji.com",
   "loveameng.top",
   "lozmtk.cn",
   "lppfnf.icu",
   "lqfctb.icu",
   "lqftuugziloa.com",
   "lqlwjr.icu",
   "lqxzx.com",
   "lrtlisl.top",
   "lrutvncl.top",
   "lsjarh.top",
   "lsjazn.xyz",
   "lsxvnzif.icu",
   "lsyaicl.icu",
   "lsyliel.top",
   "ltimiyl.top",
   "ltmarilsf.com",
   "ltvutlyu.icu",
   "lu.sogou.com",
   "lu.sogoucdn.com",
   "lu2.luyouwang.com",
   "lubrzh.top",
   "lucnmtl.top",
   "lucnwtl.top",
   "lui8426.xyz",
   "lumnxiel.top",
   "lumvkebr.icu",
   "lurefq.com",
   "luresdl.top",
   "lutn.cn",
   "luunels.com",
   "luyarvx.icu",
   "lv.myapks.com",
   "lvcnmtl.top",
   "lvnr.cn",
   "lvnzrh.xyz",
   "lvqo.cn",
   "lvsm.cn",
   "lwcnmtl.top",
   "lweizal.top",
   "lwilmil.top",
   "lwtupzua.icu",
   "lwurserl.top",
   "lwvrv.icu",
   "lxpbdp.xyz",
   "lxsz0w0aw.com",
   "lxting.com",
   "lyislol.top",
   "lyretul.top",
   "lyz.radio366.com",
   "lzov.cn",
   "lzzqfj.xyz",
   "m.aty.sohu.com",
   "m1.27com.com",
   "m1.51kaowang.com",
   "m1.81312.com",
   "m1.darfd.com",
   "m1.jintang114.org",
   "m1.kuanff.com",
   "m1.nn670.com",
   "m1.vodjk.com",
   "m1.we556.com",
   "m2.lelemh.com",
   "m4r.fun",
   "m5.66077.cn",
   "m51.icu",
   "m6d.icu",
   "m8zgls6zt.com",
   "m9s3h265lq.com",
   "ma1.meishij.net",
   "macoms.la",
   "macos.space",
   "magioe.xyz",
   "main.jiukang.org",
   "maiysw.xyz",
   "majile.vip",
   "mall0.qiyipic.com",
   "mamjkg.xyz",
   "manage.wdfans.cn",
   "market.178.com",
   "market.21cn.com",
   "market.duowan.com",
   "matwbp.iask.sina.com.cn",
   "mb.gulongbbs.com",
   "mc.mwgpg.cn",
   "mc.weather.com.cn",
   "mc5e9p8qx.com",
   "mcighme.icu",
   "mckgmkh.icu",
   "mclimix.top",
   "md.tvzhe.com",
   "mdamcsx.top",
   "mdipsumx.top",
   "mdmuky.xyz",
   "mdoshbx.top",
   "mdqikg.xyz",
   "mdzwjra.cn",
   "mecv.cn",
   "meenehboq.com",
   "megydyk.icu",
   "mernrza.com",
   "meryt111.fun",
   "mevedyru.com",
   "mewrutx.top",
   "mfemiac.icu",
   "mfkfkhfhmfkfkhfh.top",
   "mg.32r.com",
   "mg.glwxw.net",
   "mg.xhkvff.cn",
   "mghezaxh.com",
   "mgqtcs.xyz",
   "mhaw.cn",
   "mhdnspro.com",
   "mhwy6.icu",
   "mihoutao1868.github.io",
   "milk.yesky.com.cn",
   "mini.hao123.com",
   "miniye.xjts.cn",
   "miwpkk.xyz",
   "mixer.sina.cn",
   "miycoc.xyz",
   "mjbidlg.icu",
   "mjik.cn",
   "mjimtyx.top",
   "mjvr.cn",
   "mk10ow7zoi.com",
   "mkiterx.top",
   "ml4xbwg73.top",
   "mlcbgw.xyz",
   "mlgowell.com",
   "mlgowell.org",
   "mlstx.cn",
   "mm.jbzj.com",
   "mm.nwell.net",
   "mm.paizi.net",
   "mm.wxc.cc",
   "mm1qj.icu",
   "mmkkkkk.com",
   "mmle.cn",
   "mnnmnn.com",
   "mnpzrgz.xyz",
   "mnrz.cn",
   "mnwor.xuanlishi.com",
   "mo-tuo.com",
   "mo.gushiji.cc",
   "mobantong.oss-cn-hangzhou.aliyuncs.com",
   "molpmh.xyz",
   "momoguoji.xyz",
   "moon.ibytecdn.cn",
   "moqdy.icu",
   "mos05110o9i.com",
   "mos05111o9i.com",
   "mos05120o9i.com",
   "mountain.zhidao.baidu.com",
   "mp83fkx.cn",
   "mpb1.iteye.com",
   "mpn56e.cn",
   "mppanittie.com",
   "mps.wenkuzu.com",
   "mqaoweu.icu",
   "mqcoycx.icu",
   "mqwtgq.xyz",
   "mrtlisx.top",
   "mrutvncx.top",
   "ms.cnbanbao.com",
   "msmcoa.xyz",
   "mstmsbz.com",
   "mtfc8.com",
   "mthhhuq.cn",
   "mtimiyx.top",
   "mttpsy6666.cc",
   "mtwuxss.icu",
   "mucnmtx.top",
   "mucnwtx.top",
   "muiuim.icu",
   "mumnxiex.top",
   "muoy.cn",
   "muresdx.top",
   "muwqiga.icu",
   "mvcngm.xyz",
   "mvcnmtx.top",
   "mvmqos.xyz",
   "mvwitz.xyz",
   "mvxh.cn",
   "mwcnmtx.top",
   "mwerilxx.top",
   "mwgehrudb.com",
   "mwilmix.top",
   "mwqetvn.icu",
   "mwurserx.top",
   "mwzbp.iask.com.cn",
   "mxcmwk.xyz",
   "myabcd.cc",
   "myfenxi.com",
   "myqmgm.xyz",
   "myretux.top",
   "myunion1.qm120.com",
   "myunion1.tupians.com",
   "mzpecui.icu",
   "n.baminw.com.cn",
   "n0211.com",
   "n0244.com",
   "n0255.com",
   "n0399.com",
   "n0488.com",
   "n0499.com",
   "n0544.com",
   "n0566.com",
   "n0611.com",
   "n0622.com",
   "n0633.com",
   "n0644.com",
   "n0ocxl4w5g.top",
   "n2wqmr4lmaummar.xyz",
   "n3567.com",
   "n55cpw.vip",
   "n55ylc001.vip",
   "n5725.com",
   "n6579.com",
   "n7181.com",
   "n72bn5s7uu.top",
   "n7a.icu",
   "n8u.icu",
   "naettarq.com",
   "nagvaxvy.com",
   "nahjzx.xyz",
   "naljjd.top",
   "nalyxg.top",
   "naukreatn.com",
   "nbdtdt.icu",
   "nbfsvreu.icu",
   "nbraenkikrn.com",
   "nbragzui.com",
   "ncjqjp.icu",
   "ncvwnp.icu",
   "ndlwtl.icu",
   "ndysxhs.icu",
   "neldatsy.com",
   "neldipbtg.com",
   "neryt111.fun",
   "nevtrelathgd.com",
   "news.fangdaijisuanqi.com",
   "news.jiukang.org",
   "news.qcyz.cn",
   "nghv.cn",
   "ngjcvn.top",
   "ngxzkaxf.icu",
   "nh7.icu",
   "nhbprf.xyz",
   "nhcdn.cn",
   "nhjn788.fun",
   "nhjnw78.fun",
   "nhur.cn",
   "nhz6q.cn",
   "niecarsg.com",
   "nievolmqn.com",
   "nilipuyn.com",
   "niu05150jd.top",
   "niu05151jd.top",
   "niu05160jd.top",
   "niu05161jd.top",
   "niu05170jd.top",
   "niu05171jd.top",
   "niu05180jd.top",
   "njnhzh.icu",
   "nkdgnsfsk.com",
   "nkjkvn.xyz",
   "nktydx.icu",
   "nl2cq0jr.xyz",
   "nljyjt.icu",
   "nlnlrn.top",
   "nlrsrx.xyz",
   "nlvwdlnhfnnw.com",
   "nlxgjwye.icu",
   "nlzyp.cn",
   "nm2.icu",
   "nmhbmfxh.icu",
   "nmmemzi.icu",
   "nmtcxz.xyz",
   "nmtkbv.icu",
   "nmxxvr.xyz",
   "nmzbrd.icu",
   "nnfbxz.icu",
   "nnglgliginnglgligi.top",
   "nnntxx.icu",
   "nnvjbb.xyz",
   "noafoaji.xyz",
   "nogogey.top",
   "nois5gj.xyz",
   "nonguds.com",
   "norse.mingxiaow.com",
   "noslugut.com",
   "nouusup.icu",
   "npbtnl.xyz",
   "npdbxf.xyz",
   "nqyrywn.icu",
   "nrbwzh.icu",
   "nrgv.cn",
   "nrlupu.top",
   "nroeoxk.icu",
   "nrqrbwi.top",
   "nsfsfn.xyz",
   "ntiutox.icu",
   "ntpnfyga.icu",
   "nuiknnf.icu",
   "nuvaioqds.com",
   "nuxwlc.cn",
   "nvpokyko.icu",
   "nx8.icu",
   "nxcm.cc",
   "nxdefd.icu",
   "nxet1.360doc.cn",
   "nxrajr.xyz",
   "nxxkxr.xyz",
   "nyhdv.com",
   "nyjelh.icu",
   "nzfcvv.xyz",
   "nzoj.cn",
   "nzpvpp.icu",
   "o.027eat.com",
   "o.jy135.com",
   "o.phb123.com",
   "o02220aokk.com",
   "o02231aokk.com",
   "o02251aokk.com",
   "o02260aokk.com",
   "o1.jyjyj.cn",
   "o3t.icu",
   "o4q.fun",
   "o8s.icu",
   "o8zoz.icu",
   "oaiqksi.top",
   "oajv.cn",
   "oakmn.top",
   "oaokes.icu",
   "oauqyw.xyz",
   "obwnaon.icu",
   "oclimik.top",
   "odamcsk.top",
   "odinmak.top",
   "odipsumk.top",
   "odxh.cn",
   "oelj.cn",
   "oeryt111.fun",
   "oewrutk.top",
   "ofjslik.top",
   "ofqvca.xyz",
   "ogfvadunon.com",
   "ohkfmi.xyz",
   "ohqp.cn",
   "ohtusgy.icu",
   "oia04300klq.com",
   "oibihevlr.com",
   "oieo.cn",
   "oiu09.cn",
   "oiuuuc.xyz",
   "ojimtyk.top",
   "ojmv.cn",
   "ok5.fun",
   "okeaxgugq.com",
   "okikwul.icu",
   "okiterk.top",
   "okkkk.com",
   "okmwfq.xyz",
   "okpl04301ai.com",
   "okpl05010ai.com",
   "okpl05011ai.com",
   "okpl05021ai.com",
   "okpl05030ai.com",
   "okpl05040ai.com",
   "okpl05041ai.com",
   "okpp01021.xyz",
   "okpp01030.xyz",
   "okpp01031.xyz",
   "okpp01040.xyz",
   "okpp12311.xyz",
   "okvt.cn",
   "okwan.cn",
   "okwjmii.top",
   "oldh.cn",
   "olgcpwc.icu",
   "olgrae.com",
   "oliver.pub",
   "olkoins.com",
   "olmnvbgufy.top",
   "olqead.com",
   "omgnqu.xyz",
   "omheth.com",
   "ommatht.com",
   "omxwt.cn",
   "on5ga.icu",
   "onchilurg.com",
   "ondraits.com",
   "one.fsylr.com",
   "onjncgq.top",
   "onwnomv.icu",
   "oo3z.icu",
   "ookaso.com",
   "ooublik.top",
   "opdh.cn",
   "opicrutuk.com",
   "opkmio.xyz",
   "opkrerkaidf.com",
   "opqnkw.xyz",
   "oqaejin.icu",
   "oqea.cn",
   "oqidsgkq.com",
   "oqipegjz.icu",
   "orcinhyi.com",
   "orkreats.com",
   "orodsmnu.com",
   "ortlisk.top",
   "orup.cn",
   "orutvnck.top",
   "osdxx.com",
   "oshaq.top",
   "osjt.cn",
   "osujcq.xyz",
   "osyliek.top",
   "otfy.cn",
   "otimiyk.top",
   "oucnmtk.top",
   "ouiokaq.top",
   "oumnxiek.top",
   "ouplc.icu",
   "ouqo05161luj.com",
   "ouqo05170luj.com",
   "ouqo05171luj.com",
   "ouqo05181luj.com",
   "ouresdk.top",
   "ov8ct.icu",
   "ovcnmtk.top",
   "oveakmqk.com",
   "owcnmtk.top",
   "oweisik.top",
   "oweizak.top",
   "owilmik.top",
   "owsrgljb.icu",
   "owurserk.top",
   "oxjb.cn",
   "oxkqeu.xyz",
   "oyretuk.top",
   "ozhmig.cn",
   "ozykeor.icu",
   "p.7060.la",
   "p.junshi881.com",
   "p.junshifuxin.com",
   "p.zol-img.com.cn",
   "p04qzl.cn",
   "p0v2ni.cn",
   "p1.360soucha.com",
   "p1.chinakaoyan.com",
   "p1.qxzsw.com",
   "p1.zhongyoo.com",
   "p2v.fun",
   "p4p.sina.com.cn",
   "p8u.hinet.net",
   "p97387hj.xyz",
   "pa6.fun",
   "pakaujf.icu",
   "panda.kdnet.net",
   "panel-cn.com",
   "panyh123456.cn",
   "pb.shuxigua.com",
   "pbgufjylmzsym.top",
   "pbvdlb.xyz",
   "pcqhe.cn",
   "pcxnrd.xyz",
   "pdnwbwyf.icu",
   "pdochgl.top",
   "pebrihmethwa.com",
   "peclevnl.icu",
   "pefufv.xyz",
   "pekr.cn",
   "penxiangge.com",
   "peryt111.fun",
   "pevpbx.icu",
   "pfbmht.icu",
   "pfhe.cn",
   "pflwta.top",
   "pfvufy.cn",
   "pg-ad-b1.nosdn.127.net",
   "pg2bk.icu",
   "pgcciax.icu",
   "pghglj.icu",
   "pgyfzyv.top",
   "phainoirs.com",
   "pharoilrw.com",
   "phazaeth.com",
   "pheetuth.com",
   "pheidheat.com",
   "pheqae.com",
   "phinathuu.com",
   "phjtxx.xyz",
   "phk.nmkstcrt.xyz",
   "phorralut.com",
   "photo07.xyz",
   "phozeksr.com",
   "phpad.cqnews.net",
   "phuustikd.com",
   "phxdrf.icu",
   "pic.0597kk.com",
   "pic.baihuawen.cn",
   "pic.fengniao.com",
   "pic1.dianshu119.com",
   "pic50.pingguolv.com",
   "picnewsss.com",
   "pics.xgo-img.com.cn",
   "piksrie.icu",
   "piln.cn",
   "pinjzp.icu",
   "pisb.cn",
   "pixoctopus.pixnet.net",
   "pjaihds.icu",
   "pjb9gv9.xyz",
   "pjbbhj.icu",
   "pjcijbv.icu",
   "pjcqzm.cn",
   "pjwk.cn",
   "pkk1.zuimeiniwo.com",
   "pknh27a7j.com",
   "pktfla.top",
   "pkvjrb.icu",
   "pkyjuc.cn",
   "plecnyz.icu",
   "plfwxtgu.icu",
   "pm.poqwua.cn",
   "pmgfwya.icu",
   "pmiskc.cn",
   "pmnyzf.icu",
   "pmwofrq.icu",
   "pmzlnt.xyz",
   "pnez8.rut6m.xyz",
   "pnpbjt.icu",
   "po18ad.com",
   "pofbpx.icu",
   "pofmnj.xyz",
   "poiejdhmkjcnd.top",
   "pojdnf.xyz",
   "poke88.com",
   "political-effort.com",
   "popsvg.xyz",
   "pos.baidu.com",
   "poster.weather.com.cn",
   "poyang.com",
   "ppio12181ios.top",
   "ppio12191ios.top",
   "ppio12200ios.top",
   "pplkrh.xyz",
   "ppxndfgf.icu",
   "pqav.cn",
   "pqfpvb.icu",
   "pqnonh.top",
   "pqzjki.cn",
   "pro.iweihai.cn",
   "prtfpl.xyz",
   "ptrmnx.icu",
   "pub.funshion.com",
   "puhmtt.icu",
   "puwkcqp.icu",
   "pviasld.icu",
   "pvk2e.icu",
   "pvvxfh.top",
   "pw2.fun",
   "pw2ct1.asia",
   "pwchaukoieor.com",
   "pwfqjp.xyz",
   "pwrgcxaj.icu",
   "pwxlbsie.icu",
   "pxhuiben.com",
   "pxqqytk.icu",
   "pxrbnf.icu",
   "pxtjfmv.xyz",
   "pxvbnt.top",
   "pxyjqea.icu",
   "pytexb.icu",
   "pyxytj.icu",
   "pznlpp.xyz",
   "pznnvt.top",
   "pzzedx.icu",
   "q02orc.cn",
   "q1.yyxwzx.com",
   "q1bp.icu",
   "q2usj.icu",
   "q5sn40kmp2.com",
   "q8q.icu",
   "qa6z7kz5r.com",
   "qacdf511.cn",
   "qaemphaels.com",
   "qange.com",
   "qbsday.xyz",
   "qc1.cheshipin.com",
   "qcinvdy.top",
   "qcixkb1.xyz",
   "qclimiy.top",
   "qcogiellq.com",
   "qcvf.ifeng.com",
   "qd.x4399.com",
   "qdamcsy.top",
   "qdasflqe.top",
   "qdheqraln.com",
   "qdickey.top",
   "qdinmay.top",
   "qdipsumy.top",
   "qdjsiyt.icu",
   "qdn4ydsg3s.com",
   "qdoeki.xyz",
   "qdoshby.top",
   "qdqppsl.top",
   "qdzyspjx.com",
   "qebgcdcjr000.fun",
   "qedgcxi.cn",
   "qeeocy.xyz",
   "qekgcdcjr000.fun",
   "qeknikny.com",
   "qeogcdcjr000.fun",
   "qeryt111.fun",
   "qetlwsy.top",
   "qeugcdcjr000.fun",
   "qewruty.top",
   "qfjsliy.top",
   "qgaxkkv.top",
   "qgg7e.icu",
   "qhaccid.com",
   "qhatarsl.com",
   "qhestrad.com",
   "qhihoins.com",
   "qhunetsq.com",
   "qidzwhfp.icu",
   "qifake.com",
   "qighodetfg.com",
   "qiji1.jdwx.info",
   "qimaf.com",
   "qimsgi.icu",
   "qiu4592.xyz",
   "qiuxl11.cn",
   "qiwqaagnaell.com",
   "qiyeb.iaskbus.com",
   "qiyegongqiu1.qiyegongqiu.com",
   "qjimtyy.top",
   "qjlo.cn",
   "qjoges.xyz",
   "qjuy.cn",
   "qjwvwu.xyz",
   "qkax.cn",
   "qkgllif.icu",
   "qkitery.top",
   "ql.uzuzuz.com",
   "qm2.icu",
   "qmbdta.cn",
   "qmgria.cn",
   "qnhi.cn",
   "qnhoqullbea.com",
   "qnki.cn",
   "qnqtgyq.icu",
   "qnvwjpr.icu",
   "qnwuamy.top",
   "qnwucny.top",
   "qo2.fun",
   "qogonsuqq.com",
   "qogrux.com",
   "qonbibff.icu",
   "qoubliy.top",
   "qouvxliy.top",
   "qovith.com",
   "qovunx.com",
   "qphkuua.icu",
   "qpqp05100oki.com",
   "qpqp05101oki.com",
   "qpyrqg.xyz",
   "qqganna.icu",
   "qqhuhu.com",
   "qqosk05010llo.com",
   "qqosk05011llo.com",
   "qqosk05020llo.com",
   "qqosk05021llo.com",
   "qqosk05030llo.com",
   "qqosk05031llo.com",
   "qqosk05040llo.com",
   "qqosk05041llo.com",
   "qqryt111.fun",
   "qqxi6.icu",
   "qrmozsc.icu",
   "qronay.xyz",
   "qrwcss.xyz",
   "qsko05060mas.com",
   "qsko05061mas.com",
   "qsoc.cn",
   "qsyliey.top",
   "qtbo.cn",
   "qtimiyy.top",
   "qtroytj33.fun",
   "qtthehnor.com",
   "qucnmty.top",
   "qucnwty.top",
   "qudajie.com",
   "qujishu.com",
   "quresdy.top",
   "quwkke.xyz",
   "quyr.cn",
   "qvcnmty.top",
   "qvir.cn",
   "qvonje.cn",
   "qvxtzi.xyz",
   "qwcnmty.top",
   "qwcpme.icu",
   "qwe0231141.bj.bcebos.com",
   "qweisiy.top",
   "qweizay.top",
   "qwerhao3.com",
   "qwilmiy.top",
   "qwoofao.top",
   "qwsanan.top",
   "qwti.cn",
   "qwursery.top",
   "qxaz2xcw.com",
   "qxwoiv.com",
   "qyisloy.top",
   "qywbslk.top",
   "qzorwe.xyz",
   "r.99waiyu.com",
   "r0j.fun",
   "r4u.icu",
   "r5twojylmzsym.top",
   "ra1.xyz",
   "ra10.xyz",
   "ra5.xyz",
   "rabc1.iteye.com",
   "rajf.cn",
   "rajxjj.icu",
   "rakkuxw.com",
   "rayajmp.icu",
   "rbift.icu",
   "rbkmzhc.icu",
   "rbsr0.icu",
   "rbzupn.icu",
   "rc.ie13.com",
   "rcdwhp.xyz",
   "rcilgeill.com",
   "rdbd.xsread.com",
   "rdllzz.icu",
   "rdoq.cn",
   "rdsgick.icu",
   "rdut.cn",
   "rdxqbp.xyz",
   "re.taotaosou.com",
   "reacdf311.cn",
   "rebojf.xyz",
   "reisyxy.icu",
   "reke.at.sohu.com",
   "relgrads.com",
   "renohj.xyz",
   "renrenkanpian.com",
   "reqwevf3.fun",
   "reryt111.fun",
   "resource.baomihua.com",
   "retrieval-bd.duote.com",
   "rewrwrt4.fun",
   "rfgsdgg.top",
   "rgju.cn",
   "rgme.cn",
   "rgmmeff.icu",
   "rgtghulduk.com",
   "rhdifs.top",
   "rhndvagz.icu",
   "rhzofr.icu",
   "ribghr.icu",
   "richh.cn",
   "ridirre.com",
   "riemutmh.com",
   "riht.cn",
   "rinl.cn",
   "riscats.com",
   "riym.cn",
   "rjvzjn.top",
   "rjwpwod.icu",
   "rk6h3.icu",
   "rklzpo.com",
   "rktjxj.icu",
   "rkwxfi.xyz",
   "rmioswx.icu",
   "rmtxdn.icu",
   "rnwenpn.icu",
   "rodmfv.xyz",
   "rojj.cn",
   "roqairs.com",
   "roxwusak.icu",
   "rpeutxu.icu",
   "rpfuvj.icu",
   "rptdhu.top",
   "rpvqhicca.com",
   "rqhajf.icu",
   "rqroytj33.fun",
   "rqvrbf.icu",
   "rrkouuz.icu",
   "rrptnkao.icu",
   "rrxapb.icu",
   "rsohvot.xyz",
   "rswqfiy.top",
   "rsyepnq.icu",
   "rtfgvz.icu",
   "rtroytj33.fun",
   "ruancq.xyz",
   "rubmdu.top",
   "rudhjah.top",
   "ruqaks.com",
   "rusnuiyu.com",
   "ruvgbv.icu",
   "rvgtaai.top",
   "rvnaxwqe.icu",
   "rvtfwryz.icu",
   "rvxmlj.icu",
   "rvxo.cn",
   "rvxsvwqf.icu",
   "rwbqll.top",
   "rwdjrn.icu",
   "rwix.cn",
   "rxfygd.cn",
   "rxys.cn",
   "rykhukxt.icu",
   "ryqgdrh.icu",
   "rythtg.top",
   "rzcruzullr.com",
   "s.zixuntop.com",
   "s1.dugoogle.com",
   "s1.hanlinzhijia.com",
   "s1.pipishu.com",
   "s1.tuzhaozhao.com",
   "s1.wesiedu.com",
   "s31u.com",
   "s7vf.cn",
   "s83.fun",
   "sa.sina.cn",
   "sachaits.com",
   "saddarue.com",
   "saelphol.com",
   "sahqoo.com",
   "sai7348.xyz",
   "saizih.com",
   "saktuddo.com",
   "salary.xiao84.com",
   "same.chinadaily.com.cn",
   "same.eastmoney.com",
   "samoryinaner.com",
   "sanme2.taisantech.com",
   "satfyxbt.icu",
   "sauyv.top",
   "sbbd1.qulishi.com",
   "sbmhqe.xyz",
   "sbovgy.xyz",
   "sbpb1.chuiyue.com",
   "sbpb1.qulishi.com",
   "sbqg7jylmzsym.top",
   "sc126.com",
   "scesqoikq.com",
   "scigzetg.com",
   "scihuns.com",
   "scinmab.top",
   "scinvdb.top",
   "scjtfh.xyz",
   "sckfcn.cn",
   "sckyf.com",
   "sclimib.top",
   "scoev.cn",
   "scohmallt.com",
   "scoldak.com",
   "sconat.com",
   "screddoit.com",
   "screiltol.com",
   "screspoy.com",
   "script-bd.baixing.net",
   "script302.top",
   "scrorlaets.com",
   "scroscoi.com",
   "scrugokl.com",
   "sdamcsb.top",
   "sdd.hi1718.com",
   "sdfewed.com",
   "sdfscftg.com",
   "sdgsheh.top",
   "sdickeb.top",
   "sdipsumb.top",
   "sdnc.top",
   "sdoshbb.top",
   "sdss99.fun",
   "sduaiy.icu",
   "sdwrghcv.top",
   "sdyurlib.top",
   "setlwsb.top",
   "sewrutb.top",
   "sfesdef6.fun",
   "sfile.top",
   "sfjslib.top",
   "sg7.pw",
   "sgadkc.xyz",
   "sgg.southcn.com",
   "sgozmks.icu",
   "sgsosi.xyz",
   "sh5.icu",
   "sh996.dftoutiao.com",
   "shaenphiks.com",
   "shangwenchao4.cn",
   "shaorgs.cn",
   "shaotgs.cn",
   "shaquevip.oss-cn-zhangjiakou.aliyuncs.com",
   "share.gzdsw.com",
   "shatielsu.com",
   "shbxugs.cn",
   "shbxukj.cn",
   "shbzdkj.cn",
   "shbzegs.cn",
   "shbzgkj.cn",
   "shbzhgs.cn",
   "shbzhkj.cn",
   "shbzigs.cn",
   "shbzikj.cn",
   "shbzjgs.cn",
   "shbzjkj.cn",
   "shbzkgs.cn",
   "shbzkkj.cn",
   "shbzlkj.cn",
   "shbzngs.cn",
   "shbznkj.cn",
   "shbzogs.cn",
   "shbzokj.cn",
   "shbzpgs.cn",
   "shbzqgs.cn",
   "shbzqkj.cn",
   "shedranfd.com",
   "shelluiqy.com",
   "shestieh.com",
   "shili.downxia.com",
   "shili.wanyx.com",
   "shiyaokejishanghai.com",
   "sholphot.com",
   "sholxorw.com",
   "shouldercommandmentlimitless.com",
   "show.kc.taotaosou.com",
   "showkkkp.top",
   "shudi8.com",
   "shuucerz.com",
   "shzzzz.dftoutiao.com",
   "siconoi.com",
   "sikapo.top",
   "sikaq.top",
   "sikncs.com",
   "sikvoilst.com",
   "sinkrersf.com",
   "sioq.cn",
   "siqc.cn",
   "sirrors.com",
   "sivxobpn.icu",
   "sjalipa.cn",
   "sjbaiduadv1.redou.com",
   "sjezce.xyz",
   "sjimtyb.top",
   "sjluuom.icu",
   "sjmlmk.xyz",
   "skaumbp.icu",
   "sksbgm.xyz",
   "sky.dunsuan.com",
   "sm-cloud.yunsafe.top",
   "smuc.cnnfootballclub.com",
   "sn9.icu",
   "sncop.uioozpxq.com",
   "snjfasp.com",
   "snnmgdt.icu",
   "snueirk.icu",
   "snwuamb.top",
   "snwucnb.top",
   "so.auto999.cn",
   "so03311koaq.com",
   "so04010koaq.com",
   "so04030koaq.com",
   "sodenneyg.com",
   "sodhef.com",
   "sokars.com",
   "sonkransme.com",
   "sopqvhe.cn",
   "sotunet.com",
   "soublib.top",
   "sowsuwm.icu",
   "sp.dnqc.com",
   "spcode.baidu.com",
   "spkh.cn",
   "spoaven.top",
   "spoh.cn",
   "sqif.cn",
   "sqszcg.top",
   "sravga.xyz",
   "srmsii.xyz",
   "srootshare.com",
   "srtb.msn.cn",
   "srtlisb.top",
   "srutvncb.top",
   "ss.ting55.com",
   "ssb.ah499.com",
   "ssgg.chazidian.com",
   "sslir.icu",
   "ssp.21ic.com",
   "ssp.hinet.net",
   "ssp.kdnet.net",
   "ssp.moeli.net",
   "ssp.zf313.com",
   "ssqxuy.icu",
   "sssvd.china.com",
   "ssydquy.top",
   "ssylieb.top",
   "st-fly.b-cdn.net",
   "staitcfile.org",
   "staivoiks.com",
   "star-seo.oss-ap-northeast-1.aliyuncs.com",
   "starredvs.com",
   "static-cn.plista.com",
   "static-ssp.yidianzixun.com",
   "static.gaomaer.cn",
   "static.ichehome.com",
   "static.meijiacun.com",
   "static.rongkao.com",
   "static.wjxcdn.com",
   "stemedntm.com",
   "sterkisg.com",
   "stgxau.icu",
   "stigzeal.com",
   "stildell.com",
   "stildreans.com",
   "stimiyb.top",
   "stnew.xyz",
   "stogmos.com",
   "stongors.com",
   "stragmik.com",
   "strakuty.com",
   "strakvad.com",
   "straldrier.com",
   "stralotsb.com",
   "strelgrell.com",
   "strenots.com",
   "strilqoill.com",
   "stroveiks.com",
   "struhuts.com",
   "stunkrins.com",
   "sub.powerapple.com",
   "sucnwtb.top",
   "sugilip.cn",
   "super.cat898.com",
   "super.kdnet.net",
   "suresdb.top",
   "suzalsln.com",
   "sv2fo.icu",
   "sv5nm.icu",
   "svcnmtb.top",
   "svjj.cn",
   "svnf.cn",
   "swad332.fun",
   "swarku.xyz",
   "swaterb.top",
   "swcnmtb.top",
   "sweisib.top",
   "sweizab.top",
   "swerilxb.top",
   "swilmib.top",
   "swurserb.top",
   "sx.fakjkwp.cn",
   "syfgtby.cn",
   "syislob.top",
   "sykzow.xyz",
   "synacast.com",
   "synergyat.work",
   "syshwc.xyz",
   "sz88.oss-cn-shenzhen.aliyuncs.com",
   "szapaqi.cn",
   "szhgmd.com",
   "szxf4.icu",
   "t0sfe1.com",
   "t1.612.com",
   "t1.xuefen.com.cn",
   "t2s.fun",
   "t6.china-xian.com",
   "t7t.icu",
   "tad.suning.com",
   "tarvrf.xyz",
   "tbbfdr.icu",
   "tbunkrolo.com",
   "tbyfz.xyz",
   "tc911.vip",
   "tcdkjy.top",
   "tcinvdi.top",
   "tciqgx.xyz",
   "tclimii.top",
   "td86hsmlmggym.top",
   "tdamcsi.top",
   "tdfqvx.xyz",
   "tdinmai.top",
   "tdipsumi.top",
   "tdoshbi.top",
   "tdpujn.xyz",
   "tdzqoewz.icu",
   "tech.jiukang.org",
   "teeniaole.com",
   "tehxzz.xyz",
   "telecome.cn",
   "teryt111.fun",
   "teslaamg.obs.cn-east-3.myhuaweicloud.com",
   "tetlwsi.top",
   "tewruti.top",
   "tezlpl.icu",
   "tf.360.cn",
   "tfcdn.jingmiuyyds.com",
   "tfzah.icu",
   "tgb1l.icu",
   "tghrfv.icu",
   "tgjxzf.top",
   "thacreks.com",
   "thaincoth.com",
   "thampheth.com",
   "thangrurs.com",
   "thaqne.com",
   "theta.sogoucdn.com",
   "thetestpage.39.net",
   "theweeklydonut.org",
   "thimhudlop.com",
   "thnuvgme.icu",
   "thonkoirs.com",
   "threkuth.com",
   "thricrulnf.com",
   "thriseds.com",
   "throxul.com",
   "thruksyq.com",
   "thrumulr.com",
   "thruudrad.com",
   "thrzbf.xyz",
   "thunnqyo.com",
   "thustilpn.com",
   "ti4la.icu",
   "tiboha.top",
   "tixoilll.com",
   "tjimtyi.top",
   "tjuspyk.icu",
   "tjvcffap.icu",
   "tk.504pk.com",
   "tkiteri.top",
   "tljrvn.icu",
   "tmdqlk.top",
   "tmea116.oss-cn-beijing.aliyuncs.com",
   "tmjzlr.icu",
   "tmoclbf.icu",
   "tmqhageaip.com",
   "tmvirr.icu",
   "tndbnriz.icu",
   "tnfno.icu",
   "tnlixn.icu",
   "tns.simba.taobao.com",
   "tnwuami.top",
   "tnwucni.top",
   "tnzjrj.xyz",
   "toazdkl.top",
   "togmoxwnw.com",
   "tongj.xilu.com",
   "tooreldretpl.com",
   "top2099.com",
   "torkeauwu.com",
   "toublii.top",
   "touvxlii.top",
   "tovbus.cn",
   "towmfs.com",
   "tp.sgcn.com",
   "tp1902abd.com",
   "tp4sul.jwzd.com.cn",
   "tpjw.cn",
   "tpkv.cn",
   "tqanmatx.icu",
   "tqbrnd.xyz",
   "tqeferty33.fun",
   "tqjojh.icu",
   "tqphaqoye.com",
   "traukvan.com",
   "treferty33.fun",
   "treimphens.com",
   "trellq.com",
   "treqonwyp.com",
   "tridroin.com",
   "trimmoits.com",
   "trjfoagf.icu",
   "trlptm.top",
   "trohycv.top",
   "tronkuks.com",
   "trorqaeao.com",
   "trpyceq.cn",
   "trutvnci.top",
   "truuhmoen.com",
   "truxedku.com",
   "ts166.net",
   "tsbrzz.icu",
   "tt.biquge.la",
   "tt123.eastday.com",
   "ttad125.com",
   "ttdgbh.top",
   "ttdpxh.xyz",
   "tteferty33.fun",
   "ttgbnmk.top",
   "ttimiyi.top",
   "ttroytj33.fun",
   "tttppp.oss-cn-guangzhou.aliyuncs.com",
   "tu0379199038.cc",
   "tu1500919341.cc",
   "tu2024020388.com",
   "tu3168509469.cc",
   "tu3921276844.cc",
   "tu4038097360.cc",
   "tu5551976196.cc",
   "tu6.icu",
   "tu6767109513.cc",
   "tubingacater.com",
   "tucnmti.top",
   "tucnwti.top",
   "tudxhzj.cn",
   "tufzdj.xyz",
   "tuhmkjce.icu",
   "tui07.shop",
   "tukveks.com",
   "tupian6666.com",
   "tupian88888.com",
   "tupian9999.com",
   "turesdi.top",
   "tuvrutsnf.com",
   "tuxpfiok.icu",
   "tuyv.cn",
   "tvcnmti.top",
   "tvgkatu.icu",
   "tvpqnh.xyz",
   "tw0ihhb04.com",
   "twcnmti.top",
   "tweisii.top",
   "tweizai.top",
   "twerilxi.top",
   "twilmii.top",
   "twlcyc.cn",
   "two.fsylr.com",
   "twurseri.top",
   "twxftd.icu",
   "twzui6.com",
   "tx99y.net",
   "txhfgwgkwt7.asia",
   "txhfgwgkwt8.asia",
   "txmeeqz.icu",
   "txnczz.icu",
   "txvq.cn",
   "tyaduqq.icu",
   "tyaqzjp.icu",
   "tyisloi.top",
   "tyretui.top",
   "tzethaungot.com",
   "tztmqvga.icu",
   "tzyzlow.cn",
   "u.qxen.com",
   "u0056.com",
   "u0057.com",
   "u0062.com",
   "u0065.com",
   "u0067.com",
   "u0071.com",
   "u0075.com",
   "u0078.com",
   "u0079.com",
   "u0081.com",
   "u0082.com",
   "u0083.com",
   "u1.2048sj.com",
   "u1.idongde.com",
   "u1.qyxxpd.com",
   "u1010.com",
   "u1011.com",
   "u1033.com",
   "u1055.com",
   "u1077.com",
   "u1099.com",
   "u1102.com",
   "u22011.com",
   "u22066.com",
   "u22088.com",
   "u22099.com",
   "u25011.com",
   "u25022.com",
   "u33011.com",
   "u408n6z4f.top",
   "u40pdqw.com",
   "u4ccj.icu",
   "u55011.com",
   "u57.icu",
   "u5ps5.icu",
   "u6u.icu",
   "u6zsr2xn1.com",
   "u7wnylbb28.top",
   "u7y.pw",
   "u833ij.com",
   "ua2.icu",
   "uaiosio.top",
   "uaiqp.top",
   "uaoaig.xyz",
   "uaqdgrfr.icu",
   "uaqe.cn",
   "ub1.job592.com",
   "ubmcmm.baidustatic.com",
   "ubmcvideo.baidustatic.com",
   "ubudhal.com",
   "uc9.suinidai.com.cn",
   "uclimit.top",
   "ucmx.cn",
   "udamcst.top",
   "udd1i5.zhihu.com",
   "udeias.xyz",
   "udiab1.jianshu.com",
   "udinmat.top",
   "udipsumt.top",
   "udolgy.xyz",
   "udoshbt.top",
   "udswai.xyz",
   "udyi.cn",
   "ue8im.com",
   "uegsjnk.com",
   "uektedsni.com",
   "uenqeotul.com",
   "ueqo.cn",
   "uerbgnkas.com",
   "uessnah.icu",
   "uetlwst.top",
   "uewotga.top",
   "uewrutt.top",
   "uewzjy.xyz",
   "ufgl.cn",
   "ufiidvv.icu",
   "ufjslit.top",
   "uftcfo.xyz",
   "ugajiwft.icu",
   "uhi02121uik.xyz",
   "uhi02130uik.xyz",
   "uhityllhn.com",
   "uhmcjdc.icu",
   "uhuf56.fun",
   "uhyf.cn",
   "uiakq.top",
   "uicdns.xyz",
   "uivc.cn",
   "ujimtyt.top",
   "ujmz.cn",
   "ujovcb.cn",
   "uk0.icu",
   "ukitert.top",
   "ukkiftx.icu",
   "ulad.cn",
   "uldaens.com",
   "uloscw.xyz",
   "um5xcgngmart.xyz",
   "umwcyw.xyz",
   "un.ubaike.cn",
   "un1.lawyernet.cn",
   "undm.qibulo.com",
   "union-wifi.com",
   "union.china.com.cn",
   "union.yihaodian.com",
   "uniway.cn.com",
   "untitled.dwstatic.com",
   "unwuamt.top",
   "unwucnt.top",
   "uojx.cn",
   "uoqc.cn",
   "uoublit.top",
   "uouvxlit.top",
   "uowr.cn",
   "uposnmb.icu",
   "upufkg.icu",
   "upyzqf.cn",
   "uqcktxp.icu",
   "uqkcqk.icu",
   "uqykeq.xyz",
   "urkt.cn",
   "urpkktc.icu",
   "urtlist.top",
   "urutvnct.top",
   "usejj.makepolo.cn",
   "usejj.wangkl.com",
   "usgowell.com",
   "usgowell.org",
   "uskecsx.icu",
   "usyliet.top",
   "utbyvyl.icu",
   "utewyc.xyz",
   "utimiyt.top",
   "uu09cjylmzsym.top",
   "uu1.3gu.com",
   "uu11881.com",
   "uu22112.com",
   "uu22332.com",
   "uu22662.com",
   "uu3192uu.com",
   "uu8811uu.com",
   "uuaisp.com",
   "uuajq.top",
   "uucatiqnd.com",
   "uucnmtt.top",
   "uucnwtt.top",
   "uuiaoq.top",
   "uumnxiet.top",
   "uuqrisuy.com",
   "uuresdt.top",
   "uusjaq.top",
   "uuso05072qhs.xyz",
   "uuso05080qhs.xyz",
   "uuso05081qhs.xyz",
   "uuso05082qhs.xyz",
   "uutytp.com",
   "uuysiaq.com",
   "uv4.fun",
   "uvcnmtt.top",
   "uvekyvs.icu",
   "uvoisbg.xyz",
   "uvwnkmf.icu",
   "uvyuqzx.cn",
   "uwcnmtt.top",
   "uweisit.top",
   "uweizat.top",
   "uwerpyh.cn",
   "uwilmit.top",
   "uwsaqoi.icu",
   "uwursert.top",
   "uwxez.com",
   "uxieks.com",
   "uyislot.top",
   "uypg.cn",
   "uyretut.top",
   "uyyquln.icu",
   "uziisk.icu",
   "v1.19purify.com",
   "v1.kwpewga.cn",
   "v1.phb123.com",
   "v1.taksh.cn",
   "v1.wphonelife.com",
   "v4p.fun",
   "vahmimb.com",
   "vaykjwn.top",
   "vbiakpu.icu",
   "vbjzdl.top",
   "vbllxaaj.icu",
   "vcaqexl.com",
   "vcdfsf99.fun",
   "vcxv73.fun",
   "vcxv787.fun",
   "vdfvdf33q.fun",
   "vdhf042.fun",
   "vdpwuxmo.icu",
   "vdsdsf2.fun",
   "vecggfp.icu",
   "vegaingi.com",
   "veilengh.com",
   "veryt111.fun",
   "vezeqzyb.com",
   "vfdvdfv77.fun",
   "vfdvdg67.fun",
   "vftrfmia.icu",
   "vftvbx.xyz",
   "vfvdvd99.fun",
   "vfvrld.xyz",
   "vgfj.cn",
   "vgnhigankih.com",
   "vgxbpf.xyz",
   "vgxj.cn",
   "vh8.icu",
   "vhid.cn",
   "vhje.cn",
   "vhrhnh.icu",
   "vhxzfz.icu",
   "vhzivz.xyz",
   "video231.oss-cn-beijing.aliyuncs.com",
   "vinoinqih.com",
   "vinsgcs.com",
   "vip.panggugu.com",
   "vitqzd.icu",
   "vjharl.xyz",
   "vjml.cn",
   "vjvj.vj24co.com",
   "vjzqfh.icu",
   "vjzvgvgz.icu",
   "vkbxaixl.icu",
   "vldp.cn",
   "vljkjx.top",
   "vmcnl.xyz",
   "vmjr.cn",
   "vmlrxs.top",
   "vmxvcjuf.icu",
   "vnbbrx.top",
   "vnuuh.icu",
   "vnwu.cn",
   "vokzqgjp.icu",
   "vopzhl.icu",
   "vpdnjl.xyz",
   "vpydjogaytpg.xyz",
   "vqaj6smlmtpym.top",
   "vqle.cn",
   "vqlwoy.xyz",
   "vqnjrz.top",
   "vqqf.cn",
   "vraataidz.com",
   "vragridsn.com",
   "vraqnathr.com",
   "vrdfxioe.icu",
   "vrelai.com",
   "vreqnait.com",
   "vrevvaids.com",
   "vriesziy.com",
   "vrinqaell.com",
   "vrinqop.icu",
   "vrosqutsgh.com",
   "vrow.cn",
   "vrulqil.com",
   "vruzexzl.com",
   "vryoacs.icu",
   "vsjavu.top",
   "vsojfsoj.com",
   "vsqovxf.icu",
   "vtbe.cn",
   "vtbfgnf00.fun",
   "vtbkhl.icu",
   "vtdgfisz.icu",
   "vthruucceod.com",
   "vtjbnb.xyz",
   "vtqhelleano.com",
   "vtrrxqbi.xyz",
   "vudqth.icu",
   "vuhf.cn",
   "vuirssd.icu",
   "vulitd.xyz",
   "vunqrotm.com",
   "vupload.duowan.com",
   "vv1.pyhfxdm.cn",
   "vvadz.cc",
   "vvfgjzwa.icu",
   "vvttpn.xyz",
   "vvv.ieduw.com",
   "vwvatp.xyz",
   "vwvj.cn",
   "vxcvd67.fun",
   "vxdrfr.xyz",
   "vxky.cn",
   "vxpnld.icu",
   "vyrpoe.cn",
   "vytn.cn",
   "vzdkngmf.icu",
   "vzttq.brfvyrrp.com",
   "w.xiaopiaoyou.com",
   "w0054.com",
   "w0057.com",
   "w0079.com",
   "w0082.com",
   "w11.zhongkaohelp.com",
   "w18.9939.com",
   "w3.ting55.com",
   "w59g.icu",
   "w7044.com",
   "w94.1qlgi.top",
   "w9uwz5966.com",
   "wap001.bytravel.cn",
   "wap1.laogu.wang",
   "wbe4.cn",
   "wbgafrr.icu",
   "wbkdsg.xyz",
   "wbqhehokmy.com",
   "wcdfxj.xyz",
   "wcinvde.top",
   "wclimie.top",
   "wcsmvmf.icu",
   "wcwkcus.top",
   "wdamcse.top",
   "wdickee.top",
   "wdinmae.top",
   "wdipsume.top",
   "wdoshbe.top",
   "wdxxx.top",
   "weacdf211.cn",
   "weacdf411.cn",
   "weagehn.icu",
   "web.900.la",
   "weitietl.com",
   "wenhua.jiaoshou.com",
   "wenxue.weimeifan.net",
   "wenxue.youzhicn.com",
   "weod.cn",
   "weryt111.fun",
   "wetlwse.top",
   "wew.dushiwenxue.net",
   "wewrute.top",
   "wf7.icu",
   "wfijsc.xyz",
   "wfjslie.top",
   "wfsmya.xyz",
   "whfpbc.99.com.cn",
   "whgh1.icu",
   "whrwlxg.icu",
   "wi1f.icu",
   "wigk.cn",
   "wigqae.icu",
   "wiixqm.xyz",
   "wiiytwd.icu",
   "wildwist.com",
   "wiwlqc.xyz",
   "wj.jiancai365.cn",
   "wjimtye.top",
   "wkabios.icu",
   "wkitere.top",
   "wkzw.me",
   "wl.uqwjdhgv.top",
   "wlberlaiw.com",
   "wliksa.icu",
   "wlkukrv.icu",
   "wlouqsz.xyz",
   "wlwgloo.icu",
   "wlwgloo.top",
   "wm.mipcdn.com",
   "wm.szdushi.com.cn",
   "wmbd.gamersky.com",
   "wmcbld.top",
   "wmeng.feihuadns.com",
   "wmol.cn",
   "wmykyw.icu",
   "wn6y.cn",
   "wneia.iaskhot.com",
   "wnmoobz.icu",
   "wnojded.icu",
   "wnootzc.icu",
   "wnstug.xyz",
   "wnvu.cn",
   "wnwuame.top",
   "wnwucne.top",
   "wopvmmy.cn",
   "woublie.top",
   "wouvxlie.top",
   "wowad.wow-classic.com",
   "wpmdeo.xyz",
   "wpsbaq.xyz",
   "wpuiuwh.icu",
   "wqrv.cn",
   "wqzmed.cn",
   "wr.yiyouliao.com",
   "wrdamoe.icu",
   "wrsikq.xyz",
   "wrth.cn",
   "wrutvnce.top",
   "ws.wenshenxiu.com",
   "wsgayq.xyz",
   "wsgnihbh.icu",
   "wswxsk.xyz",
   "wsyliee.top",
   "wt6.icu",
   "wtrotilloye.com",
   "wtroytj33.fun",
   "wubizigeng.com",
   "wucnmte.top",
   "wucnwte.top",
   "wuiqiq.xyz",
   "wuisaq.top",
   "wuliao.chzsport.cn",
   "wuliao.epro.sogou.com",
   "wuliao.juqingba.cn",
   "wumd.cn",
   "wuresde.top",
   "wusfa.xyz",
   "wvcnmte.top",
   "wvwqywz.cn",
   "wwcnmte.top",
   "wweisie.top",
   "wweizae.top",
   "wwilmie.top",
   "wwmnga.icu",
   "wwok04281kl.com",
   "wwok04291kl.com",
   "wwok04300kl.com",
   "wwursere.top",
   "www5.oss-cn-hangzhou.aliyuncs.com",
   "wxfdmri.xyz",
   "wxjuobn1026.top",
   "wxmhau.xyz",
   "wxsicu.xyz",
   "wy12cewh4.com",
   "wyisloe.top",
   "wyvpkmbj.icu",
   "wyvw.cn",
   "wyzq.rehuwang.com",
   "wzjs1.oss-accelerate.aliyuncs.com",
   "x.yaohuo.me",
   "x0or8.icu",
   "x0y081e.xyz",
   "x1.52aoteman.com",
   "x4d.icu",
   "xa7j.icu",
   "xadulxs.cn",
   "xaiqrania.com",
   "xamniksq.com",
   "xbbhwggj.icu",
   "xbfebqya.icu",
   "xbfk.cn",
   "xbqm.cn",
   "xbtw.com",
   "xc.macd.cn",
   "xc.mydrivers.com",
   "xcf-bd-js.chuimg.com",
   "xcwdcynb.icu",
   "xdea.cn",
   "xdyjt.com",
   "xebetp.icu",
   "xeccotftw.com",
   "xedlxeuz.icu",
   "xehodv.xyz",
   "xehyjx.icu",
   "xeryt111.fun",
   "xevaix.com",
   "xevzdl.xyz",
   "xfqynrp.cn",
   "xfxvpt.icu",
   "xg8mbvu3x8.com",
   "xggcyef.icu",
   "xh33g.net",
   "xhlkvx.xyz",
   "xhm.pub",
   "xianliao.voto",
   "xiaopinwo.com",
   "xiaoshuotxt668.org",
   "xiaoshuoyun.cn",
   "xielloltv.com",
   "xilele.com",
   "ximhirsew.com",
   "xinchl.xyz",
   "xinju.cc",
   "xitongku.cc",
   "xiuska.top",
   "xj-oss.com",
   "xjpmlf.xyz",
   "xjtosdof.icu",
   "xjvunf.top",
   "xjwhtz10.com",
   "xjwhtz2.com",
   "xjwhtz3.com",
   "xjwhtz4.com",
   "xjwhtz5.com",
   "xjwhtz6.com",
   "xjwhtz7.com",
   "xjwhtz8.com",
   "xjwhtz9.com",
   "xkesqbp.icu",
   "xkgttas.icu",
   "xklv.cn",
   "xliuits.icu",
   "xlmdtiyqbkygtfkh.com",
   "xlnlvf.top",
   "xluz.cn",
   "xlxehr.xyz",
   "xmhszb.xyz",
   "xmlgzr.xyz",
   "xmm.wxc.cc",
   "xmvxo.xyz",
   "xn--2ss830adjbqy7h.xn--fiqs8s",
   "xn--mts60is5y5uk.com",
   "xn--sssy7vrppusjyv0a.com",
   "xn--swt207gl1hzc.net",
   "xn--w9q675dm1p7em.net",
   "xn--wgvp78a61swpe6zdozj.cn",
   "xn--xhq326aj6yqpw.com",
   "xn--xhq326apqhcx0d.cn",
   "xn860wu.vlxue.cn",
   "xnbuapwp.icu",
   "xnqboqc.icu",
   "xoceonsl.com",
   "xoqsxdpx.xyz",
   "xpicj0.icu",
   "xpicj6.cc",
   "xpicj8.cc",
   "xpj08.oss-cn-beijing.aliyuncs.com",
   "xpjcg.oss-accelerate.aliyuncs.com",
   "xplbxx.icu",
   "xpxi.cn",
   "xqrydt.icu",
   "xrlzhk.top",
   "xs.houyi.baofeng.net",
   "xs6po.icu",
   "xsrezl.icu",
   "xsti.cn",
   "xtdvvp.icu",
   "xtrkhv.xyz",
   "xu6.icu",
   "xuakn.icu",
   "xudaiklj.com",
   "xue.zbyw.cn",
   "xueaaaw.cn",
   "xuexi.hydcd.com",
   "xufyxhiu.icu",
   "xukanvyl.com",
   "xuldtcip.icu",
   "xulizui6.com",
   "xulkervf.com",
   "xunqrutsl.com",
   "xutvbt.icu",
   "xuugnuits.com",
   "xuxwvh.xyz",
   "xvvfpsmp.icu",
   "xvzcfh.xyz",
   "xwbmjb.xyz",
   "xwdsp.com",
   "xwma.cn",
   "xwtylm.top",
   "xwvnhe.cn",
   "xx3691b.com",
   "xxaks01080sspao.xyz",
   "xxaks01081sspao.xyz",
   "xxaks01091sspao.xyz",
   "xxqmtod.icu",
   "xxsmad5.com",
   "xxsmad6.com",
   "xxsmtz1.com",
   "xxsmtz10.com",
   "xxsmtz2.com",
   "xxsmtz3.com",
   "xxsmtz4.com",
   "xxsmtz5.com",
   "xxsmtz6.com",
   "xxsmtz7.com",
   "xxsmtz8.com",
   "xxsmtz9.com",
   "xxxx68xxxx.com",
   "xxxx88xxxx.com",
   "xxxx96xxxx.com",
   "xylhwdu.com",
   "xysefte.icu",
   "xytcboyz.icu",
   "y.photoint.net",
   "y0mwy.icu",
   "y0o.fun",
   "y1.junshitt.com",
   "y1.spreton.com",
   "y1n1n3e0v.com",
   "y4l.icu",
   "y66xvgo5i.chuimg.com",
   "y7ts.icu",
   "yaaumqa.top",
   "yaltchoaiz.com",
   "yao7392.xyz",
   "yasorlbeu.com",
   "yatemy.cn",
   "ybcnvqf.cn",
   "ycgfdf.cn",
   "ycgmnpp.icu",
   "yckamq.xyz",
   "ycq.cab",
   "ycuhky.xyz",
   "ycwuoq.xyz",
   "ydxdg.xyz",
   "yellowjm.com",
   "yerhfnytky.top",
   "yeryt111.fun",
   "yeuviq.icu",
   "yfaqgk.xyz",
   "yfasjfk.icu",
   "yfoega.xyz",
   "yghalathio.com",
   "ygipjqf.icu",
   "ygoibya.icu",
   "yhgfsdad.top",
   "yhimpnr.icu",
   "yhtpsy8888.cc",
   "yi.ximizi.com",
   "yijfdsu.cn",
   "yijiuningyia.gushiwen.org",
   "yimc.cn",
   "yimh.cn",
   "yin1.zgpingshu.com",
   "yinyouapp.com",
   "yiucfif.icu",
   "yiwckti.icu",
   "yj2nf.icu",
   "yje912.cn",
   "yjwxegq.icu",
   "ykcsldm.icu",
   "ykkhihg.cn",
   "yktj.yzz.cn",
   "ykwykw.xyz",
   "ykxwn.com",
   "yl04z4v.cn",
   "ymauoo.xyz",
   "ymdxl.com",
   "ymewsu.xyz",
   "ymgranque.com",
   "ymmiyun.com",
   "ymwjwe.xyz",
   "yn0mbg4p1.com",
   "ynzhby.com",
   "yong.chazidian.com",
   "yoqqiev.top",
   "ypkiog.xyz",
   "yptqys.tianqistatic.com",
   "yqlxkzs.cn",
   "yqlzccxn.icu",
   "yqqv.cn",
   "yqrsdfh.top",
   "yrccils0spqnkc3.xyz",
   "yruadj.top",
   "ys2000.cdn.bcebos.com",
   "ysavom.icu",
   "yssryr.cn",
   "yt-adp.nosdn.127.net",
   "yt-adp.ws.126.net",
   "ytghtq.xyz",
   "ytoeyxz.icu",
   "ytqeavc.icu",
   "ytqvuq.icu",
   "ytroytj33.fun",
   "yu.dlxxjsh.top",
   "yuanzunxs1.com",
   "yuayku.xyz",
   "yuelmodqhrw.com",
   "yugjwgg.icu",
   "yugqqqq.icu",
   "yukbsa.xyz",
   "yuqmok.xyz",
   "yuqnyudug.com",
   "yuuaos.xyz",
   "yuwenbin.host",
   "yuwqsk.xyz",
   "ywg.jobui.com",
   "ywokwlx.icu",
   "yx1.managershare.com",
   "yxamkm.xyz",
   "yxjcyxy.icu",
   "yxqmryq.top",
   "yxrmbjw.icu",
   "yxvyqyy.icu",
   "yy17173.dtime.com",
   "yylady.cn",
   "yzldy.info",
   "z.grfyw.com",
   "z.nowscore.com",
   "z.tudouxy01.com",
   "z1.chezhuzhinan.com",
   "z1.cwbaike.com",
   "z1.o8h7d.cn",
   "z1.pclady.com.cn",
   "z1hihu.xmcimg.com",
   "z3zex.icu",
   "z4v.icu",
   "z8t.icu",
   "z9k7.icu",
   "z9uvpwarkk1mnpf.xyz",
   "zabpgtjh.icu",
   "zaeqrath.com",
   "zai1648.xyz",
   "zaiqnethl.com",
   "zalnouiy.com",
   "zantainet.com",
   "zavgrj.icu",
   "zbislaernv.com",
   "zbldxf.icu",
   "zcck60eqyw.world",
   "zcdfnl.top",
   "zcfhi.cn.com",
   "zcnmjb.icu",
   "zcrddj.icu",
   "zcypmsp.icu",
   "zdscdkc.icu",
   "zeddjv.xyz",
   "zeryt111.fun",
   "zevwrl.top",
   "zfwgn.icu",
   "zg.mmyuer.com",
   "zgisp.net",
   "zgm1.com",
   "zhangqifeng12.top",
   "zhengliyqq.com",
   "zhengzhou12.top",
   "zhibo128x1.xyz",
   "zhihu.xmcimg.com",
   "zibjls.top",
   "zikeke7.com",
   "zio8.icu",
   "ziqniduy.com",
   "zisu.cn.com",
   "ziweuu.com",
   "zjen.cn",
   "zjib0.icu",
   "zjliloveyou.ixiunv.com",
   "zjplnz.xyz",
   "zk.91post.com",
   "zkdefuiz.icu",
   "zktats.top",
   "zlclgzs.cn",
   "zlgame.top",
   "zlzgfj.icu",
   "zmbmoxij.icu",
   "zmpgln.icu",
   "zmrmbc.xyz",
   "zmvopcio.icu",
   "znlvhnej.icu",
   "znnfzx.xyz",
   "zodoth.com",
   "zofmhx.icu",
   "zogzoldop.com",
   "zokzavnea.com",
   "zoltrl.xyz",
   "zoom.zshu.net",
   "zq.lansedir.com",
   "zqgixxp.icu",
   "zqifmyt.icu",
   "zqkxlf.com",
   "zqntbc.top",
   "zr3.icu",
   "zrkksps.icu",
   "zs.rzijjeb.cn",
   "zsjxwj.com",
   "zt2088.com",
   "ztdbfz.top",
   "ztgha.xyz",
   "zthxobgk.icu",
   "ztlkngyj.icu",
   "ztyumn.ifeng.com",
   "ztzdvv.xyz",
   "zumneojf.icu",
   "zuowen.hydcd.com",
   "zvhlzb.xyz",
   "zvvsjz.top",
   "zwdrjdyf.icu",
   "zwgqzgo.icu",
   "zwlxnj.xyz",
   "zx.docin.com",
   "zxiws.cn",
   "zxpaa.xyz",
   "zxqiwe.cn",
   "zyfnbl.xyz",
   "zylizz.xyz",
   "zyrnbh.xyz",
   "zzohucf.icu",
   "zztxfj.xyz"
  ],
  "resourceTypes": [
   "main_frame"
  ]
 },
 "id": 1,
 "priority": 29
}
]
