[
{
 "action": {
  "redirect": {
   "regexSubstitution": "/strictblock.html#\\0"
  },
  "type": "redirect"
 },
 "condition": {
  "regexFilter": "^https?://.*",
  "requestDomains": [
   "213.8.137.51",
   "a.walla.co.il",
   "ads.one.co.il",
   "adserv.mako.co.il",
   "alipim.net",
   "atardrushim.com",
   "avoda-mehabait.co.il",
   "banners.news1.co.il",
   "exposeboxwallashops.blob.core.windows.net",
   "fringantlarn8.live",
   "hasdarot.cc",
   "hasdarot.club",
   "hasdarot.co",
   "hasdarot.com",
   "hasdarot.info",
   "hasdarot.life",
   "hasdarot.live",
   "hasdarot.me",
   "hasdarot.net",
   "hasdarot.pro",
   "hasdarot.space",
   "hasdarot.tv",
   "hasdarot.vip",
   "hasdarot.xyz",
   "isdarot.com",
   "jor-el.net",
   "lauyn.info",
   "losittooday.info",
   "mporli.info",
   "pinukim.net",
   "saphiretelavivisrael.com",
   "sdarot-il.org",
   "sdarot-tv.org",
   "sdarot.cc",
   "sdarotil.top",
   "sdc.mako.co.il",
   "seret.live",
   "totalmedia2.ynet.co.il",
   "tvfeel.cc",
   "wrtm.walla.co.il"
  ],
  "resourceTypes": [
   "main_frame"
  ]
 },
 "id": 1,
 "priority": 29
}
]
