[
{"action":{"redirect":{"regexSubstitution":"/strictblock.html#\\0"},"type":"redirect"},"condition":{"regexFilter":"^https?://.*","requestDomains":["ad-clcount.com","ad-count.jp","ad-drop.jp","ad-hatena.com","ad-optima.com","ad-seek.jp","ad.abema.io","ad.api.yyapi.net","ad.atown.jp","ad.datadeliver.net","ad.ddo.jp","ad.eloan.co.jp","ad.firestorage.jp","ad.gunosy.com","ad.jp.ap.valuecommerce.com","ad.land.to","ad.mdmd.info","ad.moo-mam-tai.com","ad.net-tool.jp","ad.orange-park.jp","ad.owlair.net","ad.rarure.com","ad.unique1static.jp","ad.woman.mynavi.jp","ad.xrea.com","ad1.girls-affiliate.com","adandhub.com","adcdn.goo.ne.jp","addeluxe.jp","addlv.smt.docomo.ne.jp","adf.shinobi.jp","adingo.jp.eimg.jp","adleap.jp","adm.shinobi.jp","adp.homes.co.jp","adpicker.net","adreq.eagle-insight.com","ads-connect.com","ads.mediams.mb.softbank.jp","ads.metropolis.co.jp","ads.museum.or.jp","ads.nicovideo.jp","ads.pipaffiliates.com","ads.world-fusigi.net","adsby.2bet.co.jp","adserv2.suumo.jp","adtechjp.com","advert.punyu.com","advg.jp","advortex.cloud","affiliate-script-pr.firebaseapp.com","agilemedia.jp","aimg.fc2.com","ala.durasite.net","amawidget.yutbr.com","amazonlogistics.jp","andhub.jp","antennash.com","api.ad-platform.jmty.jp","api.primecaster.net","araklet.mediagene.co.jp","asia-northeast1-affiliate-pr.cloudfunctions.net","askfollow.us","asp.m-live.jp","assistads.net","asumi.shinobi.jp","ax.xrea.com","bance.jp","bartinkizogrenciyurdu.com","best-lucky-cat.xyz","boost-next.co.jp","bra.almado.jp","candy-network.com","caprofitx.com","carrier202205.tokyo","cdj-dap.s3-ap-northeast-1.amazonaws.com","cdn.alistcloud.com","cdn.lodeo.io","click-count.info","cnt.affiliate.fc2.com","creative-klepon-3f0ecb.netlify.app","creative.live.tktube.com","d1yt8zt4633tzi.cloudfront.net","d2swpuhpwp3khd.cloudfront.net","d830x8j3o1b2k.cloudfront.net","divscripty.net","dlp4luwpus5kr.cloudfront.net","doubleclick.ne.jp","dynamic.rakuten.co.jp","effulgent-stroopwafel-efb9ce.netlify.app","eisys-bcs.jp","enmusubimail000.com","expdirclk.com","freeadd.me","genieedmp.com","genieesspv.jp","geotg.jp","getallmedia.com","gmossp-sp.jp","googleailesi.com","gs-ad.jp","gsspcln.jp","gusion.space","hydrangeao.com","indexad.net","infohimatalk77.net","jpshopes.com","js.click-plus.net","js.kabutocho-dsp.net","js.medi-8.net","js.mediams.mb.softbank.jp","js.mulan.cloud","js.winc-ad.com","kok.eroterest.net","koukoku.red","ladsp.jp","lamp-shade.net","link-medias.com","liveads.jp","maio.jp","managedweb.net","mbada.nan.co.jp","mbadv.nan.co.jp","media-rep.com","media.ad-lps.net","media5.fc2.com","mediad.co.jp","mediba.jp","mhub.work","mid-round.com","moba8.net","monetize-ssp.com","more-followers.com","moro-douga.link","myiads.com","nectarineple.com","nkis.nikkei.com","okbp.xyz","ov.yahoo.co.jp","partner.become.co.jp","ploud-crew.net","prime-ever.com","primead.jp","r-ad.linkshare.jp","ranmaotome.com","recruitbox.media.iid.jp","redirectvoluum.com","s-ad.rmp.rakuten.co.jp","safemy-ios.com","sb-hip-happy.ourservice.jp","sda.seesaa.jp","seedapp-creative.s3.amazonaws.com","smac-ad.com","smart-below.com","snapdragonox.com","socdm.com","sokmil-ad.com","thepsusiwho.com","tracer.jp","track2.cross-system.com","trading-ad.net","trigs-sockets.com","twitob.com","twitterfollowers.site","unddeliv.com","v2st.shinobi.jp","valueclick.jp","waqool.com","widget-view.dmm.co.jp","widget-view.dmm.com","widget.cybershop-affiliate.jp","yads.c.yimg.jp","yads.yahoo.co.jp","yads.yjtag.yahoo.co.jp","zxcvbnmasdfghjklqwertyuiop.work"],"resourceTypes":["main_frame"]},"id":1,"priority":29},
{"action":{"redirect":{"regexSubstitution":"/strictblock.html#\\0"},"type":"redirect"},"condition":{"regexFilter":"^.*/index\\.php\\?main_page=product_info\\S*?&cpath=.*","requestDomains":["asia","bar","beauty","best","biz","bond","buzz","cam","cfd","click","cloud","club","cyou","fit","fun","gay","homes","icu","ink","life","live","ltd","me","mom","monster","my","one","online","pics","pro","qpon","quest","rest","ru.com","sa.com","sbs","shop","site","skin","space","store","tokyo","top","website","wiki","work","xyz","za.com"],"resourceTypes":["main_frame"]},"id":2,"priority":29},
{"action":{"redirect":{"regexSubstitution":"/strictblock.html#\\0"},"type":"redirect"},"condition":{"regexFilter":"^.*/index\\.php\\?main_page=product_info&products_id=.*","requestDomains":["asia","bar","beauty","best","biz","bond","buzz","cam","cfd","click","cloud","club","cyou","fit","fun","gay","homes","icu","ink","life","live","ltd","me","mom","monster","my","one","online","pics","pro","qpon","quest","rest","ru.com","sa.com","sbs","shop","site","skin","space","store","tokyo","top","website","wiki","work","xyz","za.com"],"resourceTypes":["main_frame"]},"id":3,"priority":29},
{"action":{"redirect":{"regexSubstitution":"/strictblock.html#\\0"},"type":"redirect"},"condition":{"regexFilter":"^.*/brand/detail/m\\S*?\\.html\\?zenid=.*","requestDomains":["cfd","fun","shop","space","top","xyz"],"resourceTypes":["main_frame"]},"id":4,"priority":29},
{"action":{"redirect":{"regexSubstitution":"/strictblock.html#\\0"},"type":"redirect"},"condition":{"regexFilter":"^.*/shopping/item/m\\S*?/\\?zenid=.*","requestDomains":["cfd","fun","shop","space","top","xyz"],"resourceTypes":["main_frame"]},"id":5,"priority":29},
{"action":{"redirect":{"regexSubstitution":"/strictblock.html#\\0"},"type":"redirect"},"condition":{"regexFilter":"^.*/mall/\\S*?\\.html\\?zenid=.*","requestDomains":["cfd","fun","shop","space","top","xyz"],"resourceTypes":["main_frame"]},"id":6,"priority":29},
{"action":{"redirect":{"regexSubstitution":"/strictblock.html#\\0"},"type":"redirect"},"condition":{"regexFilter":"^.*/mart/\\S*?\\.html\\?zenid=.*","requestDomains":["cfd","fun","shop","space","top","xyz"],"resourceTypes":["main_frame"]},"id":7,"priority":29},
{"action":{"redirect":{"regexSubstitution":"/strictblock.html#\\0"},"type":"redirect"},"condition":{"excludedRequestDomains":["ocam.live"],"regexFilter":"^.*/index\\.php\\?route=product/product&product_id=.*","requestDomains":["cyou","life","live","shop","xyz"],"resourceTypes":["main_frame"]},"id":8,"priority":29},
{"action":{"redirect":{"regexSubstitution":"/strictblock.html#\\0"},"type":"redirect"},"condition":{"regexFilter":"^.*/\\?ac=\\S*?&ic=.*","requestDomains":["com","fun","online","site"],"resourceTypes":["main_frame"]},"id":9,"priority":29},
{"action":{"redirect":{"regexSubstitution":"/strictblock.html#\\0"},"type":"redirect"},"condition":{"regexFilter":"^.*\\.asp\\?ac=\\S*?&ic=.*","requestDomains":["com","fun","online","site"],"resourceTypes":["main_frame"]},"id":10,"priority":29},
{"action":{"redirect":{"regexSubstitution":"/strictblock.html#\\0"},"type":"redirect"},"condition":{"regexFilter":"^http://t-\\S*?/cz/.*","requestDomains":["monster","online","space"],"resourceTypes":["main_frame"]},"id":11,"priority":29},
{"action":{"redirect":{"regexSubstitution":"/strictblock.html#\\0"},"type":"redirect"},"condition":{"regexFilter":"^.*/ap/signin/openid\\.pape\\.max_auth_age=0&openid\\.return_to=https%3a%2f%2fwww\\.amazon\\.co\\.jp.*","requestDomains":["cn","top","xyz"],"resourceTypes":["main_frame"]},"id":12,"priority":29},
{"action":{"redirect":{"regexSubstitution":"/strictblock.html#\\0"},"type":"redirect"},"condition":{"regexFilter":"^.*/ja/payment/$","requestDomains":["co.in","co.za"],"resourceTypes":["main_frame"]},"id":13,"priority":29},
{"action":{"redirect":{"regexSubstitution":"/strictblock.html#\\0"},"type":"redirect"},"condition":{"regexFilter":"^.*://eki-net-\\S*?\\.\\S*?/perosnal_member/.*","requestDomains":["cn","net"],"resourceTypes":["main_frame"]},"id":14,"priority":29},
{"action":{"redirect":{"regexSubstitution":"/strictblock.html#\\0"},"type":"redirect"},"condition":{"regexFilter":"^.*/\\?rfunccode=\\S*?&nextfunc=.*","requestDomains":["cn","top"],"resourceTypes":["main_frame"]},"id":15,"priority":29},
{"action":{"redirect":{"regexSubstitution":"/strictblock.html#\\0"},"type":"redirect"},"condition":{"regexFilter":"^.*-co-jp\\.com/sbi4sec/.*","resourceTypes":["main_frame"]},"id":16,"priority":29},
{"action":{"redirect":{"regexSubstitution":"/strictblock.html#\\0"},"type":"redirect"},"condition":{"regexFilter":"^.*://eki-\\S*?\\.com/perosnal_member/.*","resourceTypes":["main_frame"]},"id":17,"priority":29},
{"action":{"redirect":{"regexSubstitution":"/strictblock.html#\\0"},"type":"redirect"},"condition":{"regexFilter":"^.*://apple-\\S*?\\.com/account_int/.*","resourceTypes":["main_frame"]},"id":18,"priority":29},
{"action":{"redirect":{"regexSubstitution":"/strictblock.html#\\0"},"type":"redirect"},"condition":{"regexFilter":"^.*\\.cn/qubkxecpca/.*","resourceTypes":["main_frame"]},"id":19,"priority":29},
{"action":{"redirect":{"regexSubstitution":"/strictblock.html#\\0"},"type":"redirect"},"condition":{"regexFilter":"^.*://www-dmm\\.\\S*?\\.com/rajklnc/.*","resourceTypes":["main_frame"]},"id":20,"priority":29},
{"action":{"redirect":{"regexSubstitution":"/strictblock.html#\\0"},"type":"redirect"},"condition":{"regexFilter":"^.*/rms/client/lo0101001\\.php.*","resourceTypes":["main_frame"]},"id":21,"priority":29},
{"action":{"redirect":{"regexSubstitution":"/strictblock.html#\\0"},"type":"redirect"},"condition":{"regexFilter":"^.*\\?ph0nq=010.*","resourceTypes":["main_frame"]},"id":22,"priority":29},
{"action":{"redirect":{"regexSubstitution":"/strictblock.html#\\0"},"type":"redirect"},"condition":{"regexFilter":"^.*\\?ph0ne=\\(050\\)-.*","resourceTypes":["main_frame"]},"id":23,"priority":29},
{"action":{"redirect":{"regexSubstitution":"/strictblock.html#\\0"},"type":"redirect"},"condition":{"regexFilter":"^.*://dhl-\\S*?/portal_login_exp/getquotetab/.*","resourceTypes":["main_frame"]},"id":24,"priority":29},
{"action":{"redirect":{"regexSubstitution":"/strictblock.html#\\0"},"type":"redirect"},"condition":{"regexFilter":"^.*\\.com/etgate/accountdata\\?redirecttoken=.*","resourceTypes":["main_frame"]},"id":25,"priority":29},
{"action":{"redirect":{"regexSubstitution":"/strictblock.html#\\0"},"type":"redirect"},"condition":{"regexFilter":"^.*\\.top/aple/.*","resourceTypes":["main_frame"]},"id":26,"priority":29},
{"action":{"redirect":{"regexSubstitution":"/strictblock.html#\\0"},"type":"redirect"},"condition":{"regexFilter":"^.*://eki-net\\.\\S*?/co\\.jp/.*","resourceTypes":["main_frame"]},"id":27,"priority":29},
{"action":{"redirect":{"regexSubstitution":"/strictblock.html#\\0"},"type":"redirect"},"condition":{"regexFilter":"^.*/\\?a=\\S*?&i=random\\S*?&t=.*","resourceTypes":["main_frame"]},"id":28,"priority":29},
{"action":{"redirect":{"regexSubstitution":"/strictblock.html#\\0"},"type":"redirect"},"condition":{"regexFilter":"^.*/\\?a=\\S*?&i=imgcode_\\S*?&t=.*","resourceTypes":["main_frame"]},"id":29,"priority":29},
{"action":{"redirect":{"regexSubstitution":"/strictblock.html#\\0"},"type":"redirect"},"condition":{"regexFilter":"^.*\\?t=jpn_adultmain\\.txt&cid=.*","resourceTypes":["main_frame"]},"id":30,"priority":29},
{"action":{"redirect":{"regexSubstitution":"/strictblock.html#\\0"},"type":"redirect"},"condition":{"regexFilter":"^.*://icloud-apple-\\S*?\\.net/account_int/.*","resourceTypes":["main_frame"]},"id":31,"priority":29},
{"action":{"redirect":{"regexSubstitution":"/strictblock.html#\\0"},"type":"redirect"},"condition":{"regexFilter":"^.*://ekl-net\\.\\S*?\\.shop/update/.*","resourceTypes":["main_frame"]},"id":32,"priority":29},
{"action":{"redirect":{"regexSubstitution":"/strictblock.html#\\0"},"type":"redirect"},"condition":{"regexFilter":"^.*\\.com/smartphone/v_act_login\\.html.*","resourceTypes":["main_frame"]},"id":33,"priority":29},
{"action":{"redirect":{"regexSubstitution":"/strictblock.html#\\0"},"type":"redirect"},"condition":{"regexFilter":"^.*\\.com/its/v_act_login\\.html.*","resourceTypes":["main_frame"]},"id":34,"priority":29},
{"action":{"redirect":{"regexSubstitution":"/strictblock.html#\\0"},"type":"redirect"},"condition":{"regexFilter":"^.*://v-point\\.\\S*?\\.com/\\?lyapp=.*","resourceTypes":["main_frame"]},"id":35,"priority":29},
{"action":{"redirect":{"regexSubstitution":"/strictblock.html#\\0"},"type":"redirect"},"condition":{"regexFilter":"^.*://www\\.aeon\\.co\\.jp\\.\\S*?\\.\\S*?/auth/realms/msweb/protocol/openid-connect/authclient/.*","resourceTypes":["main_frame"]},"id":36,"priority":29},
{"action":{"redirect":{"regexSubstitution":"/strictblock.html#\\0"},"type":"redirect"},"condition":{"regexFilter":"^.*://icloud\\.apple\\.\\S*?\\.cn/account_int/.*","resourceTypes":["main_frame"]},"id":37,"priority":29},
{"action":{"redirect":{"regexSubstitution":"/strictblock.html#\\0"},"type":"redirect"},"condition":{"regexFilter":"^.*\\.com/top/client/select_\\S*?\\.php$","resourceTypes":["main_frame"]},"id":38,"priority":29},
{"action":{"redirect":{"regexSubstitution":"/strictblock.html#\\0"},"type":"redirect"},"condition":{"regexFilter":"^.*/all/firstselect\\.php\\?.*","resourceTypes":["main_frame"]},"id":39,"priority":29},
{"action":{"redirect":{"regexSubstitution":"/strictblock.html#\\0"},"type":"redirect"},"condition":{"regexFilter":"^.*://viewsnet-\\S*?\\.cn/first_jalsuica-default/.*","resourceTypes":["main_frame"]},"id":40,"priority":29},
{"action":{"redirect":{"regexSubstitution":"/strictblock.html#\\0"},"type":"redirect"},"condition":{"regexFilter":"^.*://ucscard-\\S*?\\.cn/netserve_login/.*","resourceTypes":["main_frame"]},"id":41,"priority":29},
{"action":{"redirect":{"regexSubstitution":"/strictblock.html#\\0"},"type":"redirect"},"condition":{"regexFilter":"^.*://jap\\.\\S*?/pop/jp-.*","resourceTypes":["main_frame"]},"id":42,"priority":29},
{"action":{"redirect":{"regexSubstitution":"/strictblock.html#\\0"},"type":"redirect"},"condition":{"regexFilter":"^.*/jp-mason-goo-dynamic/\\?.*","resourceTypes":["main_frame"]},"id":43,"priority":29},
{"action":{"redirect":{"regexSubstitution":"/strictblock.html#\\0"},"type":"redirect"},"condition":{"regexFilter":"^.*/\\?p=\\(0101\\)-.*","resourceTypes":["main_frame"]},"id":44,"priority":29},
{"action":{"redirect":{"regexSubstitution":"/strictblock.html#\\0"},"type":"redirect"},"condition":{"regexFilter":"^.*\\.cn/bot/bot\\.php$","resourceTypes":["main_frame"]},"id":45,"priority":29},
{"action":{"redirect":{"regexSubstitution":"/strictblock.html#\\0"},"type":"redirect"},"condition":{"regexFilter":"^.*://jap\\.\\S*?/\\?cep=.*","resourceTypes":["main_frame"]},"id":46,"priority":29},
{"action":{"redirect":{"regexSubstitution":"/strictblock.html#\\0"},"type":"redirect"},"condition":{"regexFilter":"^.*://s3\\.\\S*?\\.amazonaws\\.com/\\S*?\\.\\S*?\\.\\S*?\\.\\S*?\\.\\S*?\\.\\S*?\\.\\S*?/index\\.html.*","resourceTypes":["main_frame"]},"id":47,"priority":29},
{"action":{"redirect":{"regexSubstitution":"/strictblock.html#\\0"},"type":"redirect"},"condition":{"regexFilter":"^.*://web-mbservice\\.\\S*?\\.\\S*?\\.top/login(?:[^%.0-9a-z_-]|$).*","resourceTypes":["main_frame"]},"id":48,"priority":29},
{"action":{"redirect":{"regexSubstitution":"/strictblock.html#\\0"},"type":"redirect"},"condition":{"regexFilter":"^.*\\.cn/member/login\\.php\\?aid=net-service.*","resourceTypes":["main_frame"]},"id":49,"priority":29},
{"action":{"redirect":{"regexSubstitution":"/strictblock.html#\\0"},"type":"redirect"},"condition":{"regexFilter":"^.*\\.cn/ap/signin\\?openid\\.\\S*?&openid\\.return_to=https%3a%2f%2fwww\\.amazon\\.co\\.jp.*","resourceTypes":["main_frame"]},"id":50,"priority":29},
{"action":{"redirect":{"regexSubstitution":"/strictblock.html#\\0"},"type":"redirect"},"condition":{"regexFilter":"^.*/0040/b/b/b/c100/kbc11bn000b000(?:[^%.0-9a-z_-]|$).*","resourceTypes":["main_frame"]},"id":51,"priority":29},
{"action":{"redirect":{"regexSubstitution":"/strictblock.html#\\0"},"type":"redirect"},"condition":{"regexFilter":"^.*\\.cn/pc/wctxnbcw2101\\.doa\\.php.*","resourceTypes":["main_frame"]},"id":52,"priority":29},
{"action":{"redirect":{"regexSubstitution":"/strictblock.html#\\0"},"type":"redirect"},"condition":{"regexFilter":"^.*\\.cn/phone/wctxnbcw2101\\.doa\\.php.*","resourceTypes":["main_frame"]},"id":53,"priority":29},
{"action":{"redirect":{"regexSubstitution":"/strictblock.html#\\0"},"type":"redirect"},"condition":{"regexFilter":"^.*://rakuten\\.\\S*?/rms/nid/logini.*","resourceTypes":["main_frame"]},"id":54,"priority":29},
{"action":{"redirect":{"regexSubstitution":"/strictblock.html#\\0"},"type":"redirect"},"condition":{"regexFilter":"^.*://s3\\.\\S*?-1\\.amazonaws\\.com/\\S*?\\.z13\\.web\\.core\\.windows\\.net/\\S*?-\\S*?-\\S*?-\\S*?-\\S*?-\\S*?/\\S*?/index\\.html$","resourceTypes":["main_frame"]},"id":55,"priority":29},
{"action":{"redirect":{"regexSubstitution":"/strictblock.html#\\0"},"type":"redirect"},"condition":{"regexFilter":"^[a-z-]+://(?:[^/?#]+\\.)?s3\\.ap-southeast-1\\.amazonaws\\.com/\\S*?\\.html\\.html$","resourceTypes":["main_frame"]},"id":56,"priority":29},
{"action":{"redirect":{"regexSubstitution":"/strictblock.html#\\0"},"type":"redirect"},"condition":{"regexFilter":"^.*/m08myr0hotline0jp07/.*","resourceTypes":["main_frame"]},"id":57,"priority":29},
{"action":{"redirect":{"regexSubstitution":"/strictblock.html#\\0"},"type":"redirect"},"condition":{"regexFilter":"^.*/w08myr0hotline0jp07/.*","resourceTypes":["main_frame"]},"id":58,"priority":29},
{"action":{"redirect":{"regexSubstitution":"/strictblock.html#\\0"},"type":"redirect"},"condition":{"regexFilter":"^.*://kuronekoyam\\S*?\\.top/jp.*","resourceTypes":["main_frame"]},"id":59,"priority":29},
{"action":{"redirect":{"regexSubstitution":"/strictblock.html#\\0"},"type":"redirect"},"condition":{"regexFilter":"^.*-co-jp-\\S*?\\.com/reg/login.*","resourceTypes":["main_frame"]},"id":60,"priority":29},
{"action":{"redirect":{"regexSubstitution":"/strictblock.html#\\0"},"type":"redirect"},"condition":{"regexFilter":"^.*-go-jp\\.com/.*","resourceTypes":["main_frame"]},"id":61,"priority":29},
{"action":{"redirect":{"regexSubstitution":"/strictblock.html#\\0"},"type":"redirect"},"condition":{"regexFilter":"^[a-z-]+://(?:[^/?#]+\\.)?web\\.core\\.windows\\.net/merrx01\\S*?/index\\.html.*","resourceTypes":["main_frame"]},"id":62,"priority":29},
{"action":{"redirect":{"regexSubstitution":"/strictblock.html#\\0"},"type":"redirect"},"condition":{"regexFilter":"^.*/index\\.html\\?num=0101\\+.*","resourceTypes":["main_frame"]},"id":63,"priority":29},
{"action":{"redirect":{"regexSubstitution":"/strictblock.html#\\0"},"type":"redirect"},"condition":{"regexFilter":"^.*\\.top/index2\\.html$","resourceTypes":["main_frame"]},"id":64,"priority":29},
{"action":{"redirect":{"regexSubstitution":"/strictblock.html#\\0"},"type":"redirect"},"condition":{"regexFilter":"^[a-z-]+://(?:[^/?#]+\\.)?z13\\.web\\.core\\.windows\\.net/\\S*?-\\S*?-\\S*?-\\S*?-\\S*?-\\S*?-\\S*?/index\\.html.*","resourceTypes":["main_frame"]},"id":65,"priority":29},
{"action":{"redirect":{"regexSubstitution":"/strictblock.html#\\0"},"type":"redirect"},"condition":{"regexFilter":"^.*\\.co\\.jp\\.\\S*?\\.cn/t_.*","resourceTypes":["main_frame"]},"id":66,"priority":29},
{"action":{"redirect":{"regexSubstitution":"/strictblock.html#\\0"},"type":"redirect"},"condition":{"regexFilter":"^.*://ac\\S*?\\.top/t_\\S*?\\?token=.*","resourceTypes":["main_frame"]},"id":67,"priority":29},
{"action":{"redirect":{"regexSubstitution":"/strictblock.html#\\0"},"type":"redirect"},"condition":{"regexFilter":"^[a-z-]+://(?:[^/?#]+\\.)?z13\\.web\\.core\\.windows\\.net/index\\.html(?:[^%.0-9a-z_-]|$).*","resourceTypes":["main_frame"]},"id":68,"priority":29},
{"action":{"redirect":{"regexSubstitution":"/strictblock.html#\\0"},"type":"redirect"},"condition":{"regexFilter":"^.*\\.life/shopping/item/m\\S*?/.*","resourceTypes":["main_frame"]},"id":69,"priority":29},
{"action":{"redirect":{"regexSubstitution":"/strictblock.html#\\0"},"type":"redirect"},"condition":{"regexFilter":"^.*\\.php\\?nbvvvsa(?:[^%.0-9a-z_-]|$).*","resourceTypes":["main_frame"]},"id":70,"priority":29},
{"action":{"redirect":{"regexSubstitution":"/strictblock.html#\\0"},"type":"redirect"},"condition":{"regexFilter":"^.*://rakuten-card\\.\\S*?\\.cn/mobile/login\\.php.*","resourceTypes":["main_frame"]},"id":71,"priority":29},
{"action":{"redirect":{"regexSubstitution":"/strictblock.html#\\0"},"type":"redirect"},"condition":{"regexFilter":"^[a-z-]+://(?:[^/?#]+\\.)?web\\.core\\.windows\\.net/\\S*?security0\\S*?/index\\.html.*","resourceTypes":["main_frame"]},"id":72,"priority":29},
{"action":{"redirect":{"regexSubstitution":"/strictblock.html#\\0"},"type":"redirect"},"condition":{"regexFilter":"^.*\\.com/shopping/item/m\\S*?/\\?zenid=.*","resourceTypes":["main_frame"]},"id":73,"priority":29},
{"action":{"redirect":{"regexSubstitution":"/strictblock.html#\\0"},"type":"redirect"},"condition":{"regexFilter":"^.*\\.com/mart/detail/m\\S*?\\?zenid=.*","resourceTypes":["main_frame"]},"id":74,"priority":29},
{"action":{"redirect":{"regexSubstitution":"/strictblock.html#\\0"},"type":"redirect"},"condition":{"regexFilter":"^.*\\.com/mart/pri/m\\S*?\\.html\\?zenid=.*","resourceTypes":["main_frame"]},"id":75,"priority":29},
{"action":{"redirect":{"regexSubstitution":"/strictblock.html#\\0"},"type":"redirect"},"condition":{"regexFilter":"^.*\\.top/nc/bbs22\\.php.*","resourceTypes":["main_frame"]},"id":76,"priority":29},
{"action":{"redirect":{"regexSubstitution":"/strictblock.html#\\0"},"type":"redirect"},"condition":{"regexFilter":"^.*\\?bcda=\\(.*","resourceTypes":["main_frame"]},"id":77,"priority":29},
{"action":{"redirect":{"regexSubstitution":"/strictblock.html#\\0"},"type":"redirect"},"condition":{"regexFilter":"^.*/\\?bcda=\\+.*","resourceTypes":["main_frame"]},"id":78,"priority":29},
{"action":{"redirect":{"regexSubstitution":"/strictblock.html#\\0"},"type":"redirect"},"condition":{"regexFilter":"^[a-z-]+://(?:[^/?#]+\\.)?azurestaticapps\\.net/\\S*?=\\(0101\\)-.*","resourceTypes":["main_frame"]},"id":79,"priority":29},
{"action":{"redirect":{"regexSubstitution":"/strictblock.html#\\0"},"type":"redirect"},"condition":{"regexFilter":"^.*://rakuten\\.\\S*?\\.cn/\\S*?/login\\.php(?:[^%.0-9a-z_-]|$).*","resourceTypes":["main_frame"]},"id":80,"priority":29},
{"action":{"redirect":{"regexSubstitution":"/strictblock.html#\\0"},"type":"redirect"},"condition":{"regexFilter":"^.*://jp-\\S*?-\\S*?\\.s3\\.ap-\\S*?\\.amazonaws\\.com/\\S*?-\\S*?-\\S*?-\\S*?-\\S*?-\\S*?-\\S*?/index\\.html.*","resourceTypes":["main_frame"]},"id":81,"priority":29},
{"action":{"redirect":{"regexSubstitution":"/strictblock.html#\\0"},"type":"redirect"},"condition":{"regexFilter":"^.*/\\?start=\\(0101\\)-.*","resourceTypes":["main_frame"]},"id":82,"priority":29},
{"action":{"redirect":{"regexSubstitution":"/strictblock.html#\\0"},"type":"redirect"},"condition":{"regexFilter":"^.*://amzone\\.co\\.jp\\..*","resourceTypes":["main_frame"]},"id":83,"priority":29},
{"action":{"redirect":{"regexSubstitution":"/strictblock.html#\\0"},"type":"redirect"},"condition":{"regexFilter":"^.*/\\?\\S*?=\\+81\\(050\\)-.*","resourceTypes":["main_frame"]},"id":84,"priority":29},
{"action":{"redirect":{"regexSubstitution":"/strictblock.html#\\0"},"type":"redirect"},"condition":{"regexFilter":"^.*\\?m=000&t=000&ip=.*","resourceTypes":["main_frame"]},"id":85,"priority":29},
{"action":{"redirect":{"regexSubstitution":"/strictblock.html#\\0"},"type":"redirect"},"condition":{"regexFilter":"^.*/g\\?visitorid=\\S*?&extra_data2=$","resourceTypes":["main_frame"]},"id":86,"priority":29},
{"action":{"redirect":{"regexSubstitution":"/strictblock.html#\\0"},"type":"redirect"},"condition":{"regexFilter":"^[a-z-]+://(?:[^/?#]+\\.)?amplifyapp\\.com/\\S*?=\\(0101\\)-.*","resourceTypes":["main_frame"]},"id":87,"priority":29},
{"action":{"redirect":{"regexSubstitution":"/strictblock.html#\\0"},"type":"redirect"},"condition":{"regexFilter":"^.*\\.xyz/loginone\\.php\\?do\\?.*","resourceTypes":["main_frame"]},"id":88,"priority":29},
{"action":{"redirect":{"regexSubstitution":"/strictblock.html#\\0"},"type":"redirect"},"condition":{"regexFilter":"^.*\\.cfd/\\S*?\\?_t=.*","resourceTypes":["main_frame"]},"id":89,"priority":29},
{"action":{"redirect":{"regexSubstitution":"/strictblock.html#\\0"},"type":"redirect"},"condition":{"regexFilter":"^.*\\.com/ibg/client/\\S*?\\.php$","resourceTypes":["main_frame"]},"id":90,"priority":29},
{"action":{"redirect":{"regexSubstitution":"/strictblock.html#\\0"},"type":"redirect"},"condition":{"regexFilter":"^.*://tokyodisney\\.\\S*?\\.com/\\S*?\\?lang=ja(?:[^%.0-9a-z_-]|$).*","resourceTypes":["main_frame"]},"id":91,"priority":29},
{"action":{"redirect":{"regexSubstitution":"/strictblock.html#\\0"},"type":"redirect"},"condition":{"regexFilter":"^.*/\\?type=lp001&afl=.*","resourceTypes":["main_frame"]},"id":92,"priority":29},
{"action":{"redirect":{"regexSubstitution":"/strictblock.html#\\0"},"type":"redirect"},"condition":{"regexFilter":"^.*/\\?wt=\\S*?&adv=.*","resourceTypes":["main_frame"]},"id":93,"priority":29},
{"action":{"redirect":{"regexSubstitution":"/strictblock.html#\\0"},"type":"redirect"},"condition":{"regexFilter":"^.*://amazon-co-jp\\.\\S*?\\.com/.*","resourceTypes":["main_frame"]},"id":94,"priority":29},
{"action":{"redirect":{"regexSubstitution":"/strictblock.html#\\0"},"type":"redirect"},"condition":{"regexFilter":"^.*\\.xyz/\\S*?\\.apk$","resourceTypes":["main_frame"]},"id":95,"priority":29},
{"action":{"redirect":{"regexSubstitution":"/strictblock.html#\\0"},"type":"redirect"},"condition":{"regexFilter":"^.*\\.com/chrome\\.apk$","resourceTypes":["main_frame"]},"id":96,"priority":29},
{"action":{"redirect":{"regexSubstitution":"/strictblock.html#\\0"},"type":"redirect"},"condition":{"regexFilter":"^.*n\\.lat/login$","resourceTypes":["main_frame"]},"id":97,"priority":29},
{"action":{"redirect":{"regexSubstitution":"/strictblock.html#\\0"},"type":"redirect"},"condition":{"regexFilter":"^.*\\.cn/auth/login\\.php\\?/realms/msweb/protocol/openid-connect/auth\\?client_id=moneysiteweb&redirect_uri=https://www\\.aeon\\.co\\.jp/.*","resourceTypes":["main_frame"]},"id":98,"priority":29},
{"action":{"redirect":{"regexSubstitution":"/strictblock.html#\\0"},"type":"redirect"},"condition":{"regexFilter":"^.*/\\?phone=\\(0101\\)-.*","resourceTypes":["main_frame"]},"id":99,"priority":29},
{"action":{"redirect":{"regexSubstitution":"/strictblock.html#\\0"},"type":"redirect"},"condition":{"regexFilter":"^.*://www\\.eki-net\\.\\S*?\\.com/.*","resourceTypes":["main_frame"]},"id":100,"priority":29},
{"action":{"redirect":{"regexSubstitution":"/strictblock.html#\\0"},"type":"redirect"},"condition":{"regexFilter":"^.*://\\S*?\\.\\S*?\\.xyz/jp\\.html(?:[^%.0-9a-z_-]|$).*","resourceTypes":["main_frame"]},"id":101,"priority":29},
{"action":{"redirect":{"regexSubstitution":"/strictblock.html#\\0"},"type":"redirect"},"condition":{"regexFilter":"^.*\\.net/funccode\\.php$","resourceTypes":["main_frame"]},"id":102,"priority":29},
{"action":{"redirect":{"regexSubstitution":"/strictblock.html#\\0"},"type":"redirect"},"condition":{"regexFilter":"^.*\\.com/funccode\\.php$","resourceTypes":["main_frame"]},"id":103,"priority":29},
{"action":{"redirect":{"regexSubstitution":"/strictblock.html#\\0"},"type":"redirect"},"condition":{"regexFilter":"^.*\\.co\\.jp\\.\\S*?\\.com/login$","resourceTypes":["main_frame"]},"id":104,"priority":29},
{"action":{"redirect":{"regexSubstitution":"/strictblock.html#\\0"},"type":"redirect"},"condition":{"regexFilter":"^.*/index\\.php\\?signin=openid\\.pape\\.max_auth_age0&openid\\.return_to=https%3a%2f%2fwww\\.offfffff\\.co\\.jp%2f.*","resourceTypes":["main_frame"]},"id":105,"priority":29},
{"action":{"redirect":{"regexSubstitution":"/strictblock.html#\\0"},"type":"redirect"},"condition":{"regexFilter":"^.*://www\\.eki\\.\\S*?\\.\\S*?\\.com/.*","resourceTypes":["main_frame"]},"id":106,"priority":29},
{"action":{"redirect":{"regexSubstitution":"/strictblock.html#\\0"},"type":"redirect"},"condition":{"regexFilter":"^.*://www\\.etc\\.\\S*?\\.\\S*?\\.com/.*","resourceTypes":["main_frame"]},"id":107,"priority":29},
{"action":{"redirect":{"regexSubstitution":"/strictblock.html#\\0"},"type":"redirect"},"condition":{"regexFilter":"^.*\\.cn/webdesk/www/index\\.php.*","resourceTypes":["main_frame"]},"id":108,"priority":29},
{"action":{"redirect":{"regexSubstitution":"/strictblock.html#\\0"},"type":"redirect"},"condition":{"regexFilter":"^.*\\.co\\.jp\\.\\S*?\\.cn/ai/.*","resourceTypes":["main_frame"]},"id":109,"priority":29},
{"action":{"redirect":{"regexSubstitution":"/strictblock.html#\\0"},"type":"redirect"},"condition":{"regexFilter":"^.*://www2\\.etc-\\S*?\\.com/.*","resourceTypes":["main_frame"]},"id":110,"priority":29},
{"action":{"redirect":{"regexSubstitution":"/strictblock.html#\\0"},"type":"redirect"},"condition":{"regexFilter":"^.*://www2\\.etc-\\S*?\\.net/.*","resourceTypes":["main_frame"]},"id":111,"priority":29},
{"action":{"redirect":{"regexSubstitution":"/strictblock.html#\\0"},"type":"redirect"},"condition":{"regexFilter":"^.*://www2\\.etc-\\S*?\\.icu/.*","resourceTypes":["main_frame"]},"id":112,"priority":29},
{"action":{"redirect":{"regexSubstitution":"/strictblock.html#\\0"},"type":"redirect"},"condition":{"regexFilter":"^.*/bin/logincamp\\.php\\?.*","resourceTypes":["main_frame"]},"id":113,"priority":29},
{"action":{"redirect":{"regexSubstitution":"/strictblock.html#\\0"},"type":"redirect"},"condition":{"regexFilter":"^.*\\.com/reg_new(?:[^%.0-9a-z_-]|$).*","resourceTypes":["main_frame"]},"id":114,"priority":29},
{"action":{"redirect":{"regexSubstitution":"/strictblock.html#\\0"},"type":"redirect"},"condition":{"regexFilter":"^.*://one\\.\\S*?/top\\.php(?:[^%.0-9a-z_-]|$).*","resourceTypes":["main_frame"]},"id":115,"priority":29},
{"action":{"redirect":{"regexSubstitution":"/strictblock.html#\\0"},"type":"redirect"},"condition":{"regexFilter":"^.*://two\\.\\S*?/top\\.php(?:[^%.0-9a-z_-]|$).*","resourceTypes":["main_frame"]},"id":116,"priority":29},
{"action":{"redirect":{"regexSubstitution":"/strictblock.html#\\0"},"type":"redirect"},"condition":{"regexFilter":"^.*://thr\\.\\S*?/top\\.php(?:[^%.0-9a-z_-]|$).*","resourceTypes":["main_frame"]},"id":117,"priority":29},
{"action":{"redirect":{"regexSubstitution":"/strictblock.html#\\0"},"type":"redirect"},"condition":{"regexFilter":"^.*://fou\\.\\S*?/top\\.php(?:[^%.0-9a-z_-]|$).*","resourceTypes":["main_frame"]},"id":118,"priority":29},
{"action":{"redirect":{"regexSubstitution":"/strictblock.html#\\0"},"type":"redirect"},"condition":{"regexFilter":"^.*://fiv\\.\\S*?/top\\.php(?:[^%.0-9a-z_-]|$).*","resourceTypes":["main_frame"]},"id":119,"priority":29},
{"action":{"redirect":{"regexSubstitution":"/strictblock.html#\\0"},"type":"redirect"},"condition":{"regexFilter":"^.*://six\\.\\S*?/top\\.php(?:[^%.0-9a-z_-]|$).*","resourceTypes":["main_frame"]},"id":120,"priority":29},
{"action":{"redirect":{"regexSubstitution":"/strictblock.html#\\0"},"type":"redirect"},"condition":{"regexFilter":"^.*://sev\\.\\S*?/top\\.php(?:[^%.0-9a-z_-]|$).*","resourceTypes":["main_frame"]},"id":121,"priority":29},
{"action":{"redirect":{"regexSubstitution":"/strictblock.html#\\0"},"type":"redirect"},"condition":{"regexFilter":"^.*://red\\.\\S*?/top\\.php(?:[^%.0-9a-z_-]|$).*","resourceTypes":["main_frame"]},"id":122,"priority":29},
{"action":{"redirect":{"regexSubstitution":"/strictblock.html#\\0"},"type":"redirect"},"condition":{"regexFilter":"^.*://ora\\.\\S*?/top\\.php(?:[^%.0-9a-z_-]|$).*","resourceTypes":["main_frame"]},"id":123,"priority":29},
{"action":{"redirect":{"regexSubstitution":"/strictblock.html#\\0"},"type":"redirect"},"condition":{"regexFilter":"^.*://yel\\.\\S*?/top\\.php(?:[^%.0-9a-z_-]|$).*","resourceTypes":["main_frame"]},"id":124,"priority":29},
{"action":{"redirect":{"regexSubstitution":"/strictblock.html#\\0"},"type":"redirect"},"condition":{"regexFilter":"^.*://gre\\.\\S*?/top\\.php(?:[^%.0-9a-z_-]|$).*","resourceTypes":["main_frame"]},"id":125,"priority":29},
{"action":{"redirect":{"regexSubstitution":"/strictblock.html#\\0"},"type":"redirect"},"condition":{"regexFilter":"^.*://blu\\.\\S*?/top\\.php(?:[^%.0-9a-z_-]|$).*","resourceTypes":["main_frame"]},"id":126,"priority":29},
{"action":{"redirect":{"regexSubstitution":"/strictblock.html#\\0"},"type":"redirect"},"condition":{"regexFilter":"^.*://vio\\.\\S*?/top\\.php(?:[^%.0-9a-z_-]|$).*","resourceTypes":["main_frame"]},"id":127,"priority":29},
{"action":{"redirect":{"regexSubstitution":"/strictblock.html#\\0"},"type":"redirect"},"condition":{"regexFilter":"^.*://pur\\.\\S*?/top\\.php(?:[^%.0-9a-z_-]|$).*","resourceTypes":["main_frame"]},"id":128,"priority":29},
{"action":{"redirect":{"regexSubstitution":"/strictblock.html#\\0"},"type":"redirect"},"condition":{"regexFilter":"^.*://whi\\.\\S*?/top\\.php(?:[^%.0-9a-z_-]|$).*","resourceTypes":["main_frame"]},"id":129,"priority":29},
{"action":{"redirect":{"regexSubstitution":"/strictblock.html#\\0"},"type":"redirect"},"condition":{"regexFilter":"^.*://bla\\.\\S*?/top\\.php(?:[^%.0-9a-z_-]|$).*","resourceTypes":["main_frame"]},"id":130,"priority":29},
{"action":{"redirect":{"regexSubstitution":"/strictblock.html#\\0"},"type":"redirect"},"condition":{"regexFilter":"^.*/member/sendmail\\.php\\?direct_user_cd=\\S*?&direct_password=.*","resourceTypes":["main_frame"]},"id":131,"priority":29},
{"action":{"redirect":{"regexSubstitution":"/strictblock.html#\\0"},"type":"redirect"},"condition":{"regexFilter":"^http://\\S*?/j/mmenu\\.php.*","resourceTypes":["main_frame"]},"id":132,"priority":29},
{"action":{"redirect":{"regexSubstitution":"/strictblock.html#\\0"},"type":"redirect"},"condition":{"regexFilter":"^.*\\.com/index/category\\?category_id=\\S*?&coll_id=.*","resourceTypes":["main_frame"]},"id":133,"priority":29},
{"action":{"redirect":{"regexSubstitution":"/strictblock.html#\\0"},"type":"redirect"},"condition":{"regexFilter":"^.*\\.com/index/detail\\.html\\?sno=.*","resourceTypes":["main_frame"]},"id":134,"priority":29},
{"action":{"redirect":{"regexSubstitution":"/strictblock.html#\\0"},"type":"redirect"},"condition":{"regexFilter":"^.*/\\?phone=\\(050\\)-.*","resourceTypes":["main_frame"]},"id":135,"priority":29},
{"action":{"redirect":{"regexSubstitution":"/strictblock.html#\\0"},"type":"redirect"},"condition":{"regexFilter":"^.*(?:[^%.0-9a-z_-]|$)phone=050-.*","resourceTypes":["main_frame"]},"id":136,"priority":29},
{"action":{"redirect":{"regexSubstitution":"/strictblock.html#\\0"},"type":"redirect"},"condition":{"regexFilter":"^.*/\\?type=adult&adcode=.*","resourceTypes":["main_frame"]},"id":137,"priority":29},
{"action":{"redirect":{"regexSubstitution":"/strictblock.html#\\0"},"type":"redirect"},"condition":{"regexFilter":"^.*/\\?type=female1$","resourceTypes":["main_frame"]},"id":138,"priority":29},
{"action":{"redirect":{"regexSubstitution":"/strictblock.html#\\0"},"type":"redirect"},"condition":{"regexFilter":"^.*/\\?type=female2$","resourceTypes":["main_frame"]},"id":139,"priority":29},
{"action":{"redirect":{"regexSubstitution":"/strictblock.html#\\0"},"type":"redirect"},"condition":{"regexFilter":"^.*/\\?type=female3$","resourceTypes":["main_frame"]},"id":140,"priority":29},
{"action":{"redirect":{"regexSubstitution":"/strictblock.html#\\0"},"type":"redirect"},"condition":{"regexFilter":"^.*/\\?type=female4$","resourceTypes":["main_frame"]},"id":141,"priority":29},
{"action":{"redirect":{"regexSubstitution":"/strictblock.html#\\0"},"type":"redirect"},"condition":{"regexFilter":"^.*/\\?type=female5$","resourceTypes":["main_frame"]},"id":142,"priority":29},
{"action":{"redirect":{"regexSubstitution":"/strictblock.html#\\0"},"type":"redirect"},"condition":{"regexFilter":"^.*/lps/index\\?ad_cd=\\S*?&lp_cd=.*","resourceTypes":["main_frame"]},"id":143,"priority":29},
{"action":{"redirect":{"regexSubstitution":"/strictblock.html#\\0"},"type":"redirect"},"condition":{"regexFilter":"^http://\\S*?/log_index\\.php.*","resourceTypes":["main_frame"]},"id":144,"priority":29},
{"action":{"redirect":{"regexSubstitution":"/strictblock.html#\\0"},"type":"redirect"},"condition":{"regexFilter":"^.*/regist_execute\\.html.*","resourceTypes":["main_frame"]},"id":145,"priority":29},
{"action":{"redirect":{"regexSubstitution":"/strictblock.html#\\0"},"type":"redirect"},"condition":{"regexFilter":"^.*/step1\\.php\\?msg=\\S*?&cnv=\\S*?&cnt=.*","resourceTypes":["main_frame"]},"id":146,"priority":29},
{"action":{"redirect":{"regexSubstitution":"/strictblock.html#\\0"},"type":"redirect"},"condition":{"regexFilter":"^.*/index\\.php\\?cpno=.*","resourceTypes":["main_frame"]},"id":147,"priority":29},
{"action":{"redirect":{"regexSubstitution":"/strictblock.html#\\0"},"type":"redirect"},"condition":{"regexFilter":"^.*/ec2_index\\.html\\?cpno=.*","resourceTypes":["main_frame"]},"id":148,"priority":29},
{"action":{"redirect":{"regexSubstitution":"/strictblock.html#\\0"},"type":"redirect"},"condition":{"regexFilter":"^.*/ec2_result\\.html\\?cpno=.*","resourceTypes":["main_frame"]},"id":149,"priority":29},
{"action":{"redirect":{"regexSubstitution":"/strictblock.html#\\0"},"type":"redirect"},"condition":{"regexFilter":"^.*_ap/signin\\S*?\\?_encoding=utf8&openid\\.assoc_handle=jpflex&openid\\.claimed_id=&action=sign-in&path=home&ref_=nav_account&signin=1&useredirectonsuccess=1$","resourceTypes":["main_frame"]},"id":150,"priority":29},
{"action":{"redirect":{"regexSubstitution":"/strictblock.html#\\0"},"type":"redirect"},"condition":{"regexFilter":"^.*\\.com/regist\\.php\\?step=1&cp=.*","resourceTypes":["main_frame"]},"id":151,"priority":29},
{"action":{"redirect":{"regexSubstitution":"/strictblock.html#\\0"},"type":"redirect"},"condition":{"regexFilter":"^.*\\.com/regist\\.php\\?\\S*?/1$","resourceTypes":["main_frame"]},"id":152,"priority":29},
{"action":{"redirect":{"regexSubstitution":"/strictblock.html#\\0"},"type":"redirect"},"condition":{"regexFilter":"^.*://eki\\S*?\\.\\S*?\\.com/personal/member/login/index\\.php\\?onetimeaccessid=.*","resourceTypes":["main_frame"]},"id":153,"priority":29},
{"action":{"redirect":{"regexSubstitution":"/strictblock.html#\\0"},"type":"redirect"},"condition":{"regexFilter":"^.*\\.com/ae/login\\.php\\?openid\\.pape\\.max_auth_age=0&openid\\.return_to=%.*","resourceTypes":["main_frame"]},"id":154,"priority":29},
{"action":{"redirect":{"regexSubstitution":"/strictblock.html#\\0"},"type":"redirect"},"condition":{"regexFilter":"^[a-z-]+://(?:[^/?#]+\\.)?dialyblog\\.com/gooddeai/.*","resourceTypes":["main_frame"]},"id":155,"priority":29},
{"action":{"redirect":{"regexSubstitution":"/strictblock.html#\\0"},"type":"redirect"},"condition":{"regexFilter":"^[a-z-]+://(?:[^/?#]+\\.)?kuronekoyemato\\..*","resourceTypes":["main_frame"]},"id":156,"priority":29},
{"action":{"redirect":{"regexSubstitution":"/strictblock.html#\\0"},"type":"redirect"},"condition":{"regexFilter":"^[a-z-]+://(?:[^/?#]+\\.)?sites\\.google\\.com/view/8loomy-love/halaman-muka.*","resourceTypes":["main_frame"]},"id":157,"priority":29},
{"action":{"redirect":{"regexSubstitution":"/strictblock.html#\\0"},"type":"redirect"},"condition":{"regexFilter":"^[a-z-]+://(?:[^/?#]+\\.)?blob\\.core\\.windows\\.net/\\S*?/xdsxwrxxokisawachjp/index\\.html.*","resourceTypes":["main_frame"]},"id":158,"priority":29},
{"action":{"redirect":{"regexSubstitution":"/strictblock.html#\\0"},"type":"redirect"},"condition":{"regexFilter":"^[a-z-]+://(?:[^/?#]+\\.)?52\\.25\\.25\\.125/img\\.php\\?adid=.*","resourceTypes":["main_frame"]},"id":159,"priority":29}
]
