[
{
 "action": {
  "redirect": {
   "regexSubstitution": "/strictblock.html#\\0"
  },
  "type": "redirect"
 },
 "condition": {
  "regexFilter": "^https?://.*",
  "requestDomains": [
   "10bet.com",
   "a.sitel.com.mk",
   "acadv.net",
   "ad.mox.tv",
   "adexchange.mk",
   "adocean.pl",
   "ads.1cm.com.mk",
   "ads.360stepeni.mk",
   "ads.365.mk",
   "ads.com.mk",
   "ads.crnobelo.mk",
   "ads.deca.mk",
   "ads.ekipa.mk",
   "ads.emedia.mk",
   "ads.ereklama.mk",
   "ads.exdynsrv.com",
   "ads.faktor.mk",
   "ads.fakulteti.mk",
   "ads.fashionel.mk",
   "ads.fokus.mk",
   "ads.foxit.mk",
   "ads.grouper.mk",
   "ads.idividi.com.mk",
   "ads.it.mk",
   "ads.kafepauza.mk",
   "ads.kajgana.com",
   "ads.kanal77.mk",
   "ads.lokalno.mk",
   "ads.mkd.mk",
   "ads.mpm.com.mk",
   "ads.nexage.com",
   "ads.novatv.mk",
   "ads.plusinfo.mk",
   "ads.popularno.mk",
   "ads.press24.mk",
   "ads.programattik.com",
   "ads.pubmatic.com",
   "ads.puls24.mk",
   "ads.skopjeinfo.mk",
   "ads.sport1.mk",
   "ads.sportclub.mk",
   "ads.stankov.me",
   "ads.studenti.mk",
   "ads.tocka.com.mk",
   "ads.trendolend.mk",
   "ads.vrabotuvanje.com.mk",
   "adsdms.mk",
   "adserver.mk",
   "adserver.neotel.mk",
   "adservice.google.mk",
   "advertiseserve.com",
   "adxbid.info",
   "adxpremium.services",
   "aplikacii.com",
   "baneri.24fudbal.com.mk",
   "bid.aero",
   "bttrack.com",
   "clevernt.com",
   "clickattack.mk",
   "cm.adskeeper.co.uk",
   "coinmedia.tk",
   "d.agkn.com",
   "doubleclick.net",
   "ds-aksb-a.akamaihd.net",
   "eadsrv.com",
   "easyads.bg",
   "free.xjs.lol",
   "hipersushiads.com",
   "httpool.com",
   "httpool.com.mk",
   "ib.adnxs.com",
   "ireklama.mk",
   "jsc.adskeeper.co.uk",
   "keepaneye.mk",
   "keepaneyeadmk.hit.gemius.pl",
   "keepaneyegdemk.hit.gemius.pl",
   "lacmus.mk",
   "live.acads.net",
   "load77.exelator.com",
   "loadm.exelator.com",
   "marketgid.com",
   "marketing.centar.com.mk",
   "marketing.utrinskivesnik.mk",
   "mas.nth.ch",
   "match.adsrvr.org",
   "match.taboola.com",
   "mgid.com",
   "midas-network.com",
   "mobi-promo.com",
   "mozzart.ideaplus.mk",
   "n.ads-adnow.com",
   "n.ads1-adnow.com",
   "n.ads2-adnow.com",
   "n.ads3-adnow.com",
   "n.ads4-adnow.com",
   "n.ads5-adnow.com",
   "nativemedia.rs",
   "net-ads.mk",
   "onesignal.com",
   "pixel.onaudience.com",
   "pixel.quantserve.com",
   "pubpress.net",
   "r.denar.mk",
   "reklami.daily.mk",
   "reklami.gbccom.com.mk",
   "rev.balkanmediagroup.com",
   "revcontent.com",
   "revive.futura.net.mk",
   "rtb.mfadsrvr.com",
   "s-img.adskeeper.co.uk",
   "s.pubmine.com",
   "s0.2mdn.net",
   "s1.adform.net",
   "s2blosh.com",
   "sa.daily.mk",
   "servicer.adskeeper.co.uk",
   "serving-sys.com",
   "smartadserver.com",
   "st-n.ads1-adnow.com",
   "st-n.ads2-adnow.com",
   "st-n.ads3-adnow.com",
   "st-n.ads4-adnow.com",
   "st-n.ads5-adnow.com",
   "st-n.gsasd.info",
   "static.off.mk",
   "storygize.net",
   "tags.bluekai.com",
   "toboads.com",
   "tv21macedonia.xyz",
   "vdads2019.com",
   "vionservices.com",
   "www.mktrack.com",
   "x.bidswitch.net"
  ],
  "resourceTypes": [
   "main_frame"
  ]
 },
 "id": 1,
 "priority": 29
}
]
