[
{"action":{"redirect":{"regexSubstitution":"/strictblock.html#\\0"},"type":"redirect"},"condition":{"regexFilter":"^https?://.*","requestDomains":["102.112.2o7.net","24-news.online","65.21.200.49","790northsierrabonita.com","85.159.213.158","a2ics.eu","acc-inf.com","acc-ntfix.com","accessmyretur.com","ad.shareholders.dk","addmoviesnow.com","adext.inkclub.com","adgangsikret.com","adidasko.com","aib-loginsecure.com","airmaxskobillige.com","aktienboard.com","aktivalia-ntflx.com","app-netfiix.com","asoloskonorge.com","assassinfitness.com","bamboobotanica.com","banner.3loops.com","be-lnfo.com","be-sms.com","betzykrisesenter.no","bilborsen.webannonse.no","billing-invalid.com","billingservice02-myinfo.com","binance-bedring.com","bitcoinevolutionaustraliareview.com","borgerpost-mitdk.com","bov-userid-application.com","bov-userid.com","brightertrade.com","brigitteheilmann.dk","brugerverificering.com","businessonline-webchat.com","byra-altinn.com","ca-srvpayment.com","campbell-living.com","camperskonorge.com","campingnews.dk","channawars.com","chase-verify-activity.com","cinefique.com","cionialessio.it","citra2010oslo.no","city-parking-ssl1.com","clarks-dk.com","clarksskonorge.com","clientnetflixcenter.com","co-accountswitch.com","co-switchaccount.com","com-dk.com","comm-bankverify.com","connection-info.com","coralls.com","cphspaogwellness.dk","daradis.com","desidert.no","dhl-aus-id.com","dhl-trackng.com","digitalbrevpost.com","digitalemitdportal.com","digiter.no","directdigital-services.com","disney-abonnements.com","disney-facturations.com","disneyplus-tv.com","ditsunde.dk","dkfodboldstore.com","dkgaborsneakers.com","dplus-pixar.com","drakternorge.com","drbrand.herokuapp.com","drcarolyngroff.com","drmdanmark.com","dundeehills.group","dunjakke-no.com","e-boksinfor.com","e-interactransfer.com","earnifi-claiming.com","easydisplay.no","easywebauthentication-td.com","ebanking-userid.com","eccodanmarkwebbutik.com","eccolabgroup.com","eccoskonorge.com","economywatch.com","edksundportal.com","elderlyscissors.com","eltlnorsgogle.is-a-cpa.com","eportalsundhed.com","esundinfo-dk.com","fakturalosning.com","fancywoman.dk","fartuelt.dk","fjallraventilbud.com","flix-area.com","flix-request.com","fornyeportalen.com","fotballsko-salg.com","fr135.net","fredensborg-orredfiskeri.dk","fredfiber.no","gaborskonorge.com","galerijajava.ba","gateway-kraken.com","geometra-bologna.it","gmailsetupinfo.com","godtdsamaritansk.com","gogle.net","gsport.com","gtm.findroommate.dk","hagebakken.no","haglofstilbud.com","havfruen4220.dk","hcliips.com","helpnet-device.com","helsehjelp.over-blog.com","hernoclothing.com","hitecskonorge.com","hoka-one-one.cc","hoka-sko.com","hokanorgeno.com","hokaonenorge.com","hokaoneone","hokaskooutlet.co.no","hokasnorgeno.com","hunter-danmark.com","hunternorge.co","hunternorgeno.com","hunterstovlersalg.com","idj.no","indtoll.com","indtollswebt.com","informationer.nu","innboks.info","intrumtunnistus.com","irb.dk","is-a-personaltrainer.com","itmitsikkert-nu.com","itsme-support.com","jakkesalgs.com","jakkeshopdanmark.com","jakkeshopnorge.com","jakkesnorge.com","jensapoteker.com","jimmychoostore.top","jordannorge.top","jordantilbud.com","jordantilbuddanmark.com","k-yw.com","keensandalertilbud.com","kjaerra.no","kohlershop.dk","kontrast1.no","kvkregister.com","levering-myups.com","lib.idg.no","linkednordersalenavigate.com","linkshe.com","liveshopdealz.com","lnfoskonto.com","logg-inn.online","look-like-star.myshopify.com","marked.no","marson.footeo.com","martenssalg.com","marvelouskaunas.club","mbtnorge.com","mdb.nu","melding.link","mijnups-pakket.com","min-altinnboks.com","min-borgerepost.com","minaltinn-info.com","minaltinninfo.com","minbrugerpost.com","minsikreboks.com","minsundhed-tjek.com","missed-id.com","mit-digitalopna.com","mitborgere.com","mitborgereportal.com","mitdigitalborger-post.com","miteinfo-nu.com","mitld-forholdsregler.com","mobilepay-finland.com","mobilidentitet.com","mobilpay-fi.com","mobiltrygheden.com","mobilunderskriv.com","modificationdesignate.com","moteshoes.com","mrcal365.com","mxdesign.dk","my-netflixssl1.com","my-subscriptions.net","my02-billinghelp.com","myaccount-billing-details.com","myaccountneftlixssl1.com","mycraftypad.com","myups-pakket.com","myups.express","myupsdelivery-ssl1.com","nemlogindigitalbrevkasse.com","netfiix-abo.com","netfiix-app.com","netfiixtv.com","netflix-bhr.com","netflx-tv.com","netfx-acc.com","netfx-pagos.com","newzeninfotech.com","ney-acc.com","nflix-management.com","nflix-reactivacion.com","niupaiba.com","no-aut.co","no-bekreft.com","no-confir.com","no-erne.com","no-erne.live","no-nye.live","no-renovere.com","no-sikkerhet.com","no-update.live","no-updater.live","nodrakts.com","nofotballshop.com","nofotballstore.com","nordeninterior.weebly.com","norfotball.com","norge-adidas.com","norgefotball.com","norgeshoes.com","norgeskotilbud.com","norskmatkultur.no","norskoffroadteknikk.no","norskposten.com","ntfx-acc.com","nyematoghelse.no","nyhetsnett.no","ocgadgets.com","ocgadgetss.myshopify.com","off-whitedanmark.com","off-whitenorge.com","offerleads.club","oflike.com","onetime-bonus.com","online-connection-review.com","onlinehelpcenetre.com","oofosnorgeoutlet.com","optankning.com","oslo-tannlegene.no","ozarkvillage.net","p-stn.net","palladiumskobutikk.com","palladiumskodk.com","parajumperssalg.com","parking-onlinepayment.com","parking-ticket2024.com","parkpay-reminder.com","parkpay-tickt.com","parkticket-pay.com","pay-ticket2024.com","payement-renew.me","paynow-ticket.com","pearlandcarpetcleaner.com","pensjonistferie.no","pestseminars.com","pjs.outlet.com","popeurope.com","portalsikkerhet.com","postuksus.com","premosupplements.com","printablemagic.com","privatedagplejere.dk","probenefit.net","pt-netfiix.com","quiksilverdanmark.com","quiksilvernorge.com","quiksilvertilbud.com","rebill-netflix.com","recover-dk.com","regions-services.com","regions-verification.com","replicapatekphilippe.com","replicarolexyachtmaster.com","report-action.com","reschdl-myups1.com","reschedule-myups.com","restore0-2account-service.com","ri-myorder.com","rigspolitiet.com","rnbinance.com","rumendia.com","s.free.fr","saaq-click.com","safe-secured-transfer.com","salomomnorgeoutlet.com","salomon-danmark.net","salomonbutikdanmark.com","salomonidanmark.com","salomonoutletnorge.com","santandersecurept.com","saucony-dk.com","secureaccountcredentials.com","secureriches.com","securmarksykkel.no","sessionpaused-requestexpired.com","sikker-digitaipost.com","sikker-vlpps.com","sikkeradmin.com","sikkerbekreftelse.com","sikkerinngang.com","sikkerportal-altinn.com","sikkerportal-boks.com","sikkertapotek.com","sikkertilgang-altinn.com","sitey.me","skaatteenok.com","skechersskosalg-norge.com","sky.gs","smallrise.com","smarthouseforum.ru","smsb.co","sobrilleverandoridanmark.wordpress.com","sociale-assurance.com","speedcrossnettbutikk.com","spotfy-regulation.com","srilanka.no","ssbeveragedistribution.com","ssl-app.com","sslh1-myparkingticket.com","sslnetflix.com","start-myaltinn.com","static-dscn.net","storustovu.dk","sundhed-einfoportal.com","sundhed-tjek.com","sundhedportaldk.com","superbinvest.com","svindel.info","tachyoniums.eu.com","tax-binance.com","techsantandersecure.com","tekuon.com","tevadanmarkshop.com","tevanorgeshop.com","thecoolgirl.no","topshineauto.no","trackingfindups.com","trackingpackage.express","trafikkskoleapp.no","trmff.wpengine.com","tromselementbygg.no","tsbconnect-verification.com","tsbsecurity-online.com","tv-netfiix.com","ultimate-tech-products.myshopify.com","um-bs.com","ups-packaging.delivery","ups-rescheduledelivery.com","ups-upsnow.com","ups1-reschdl.com","upsbezahlung.com","upsreschedule-uy.com","usaa-verify.com","user-amazon-id.com","usps-fast.club","valspe.com.br","vanssnorge.com","vat-reschedule.com","verification-no.com","vidcopa.me","vmfodboldtoj.com","vossblues.no","webavisen.gl","wf-securelogin.com","wirexapp.africa.com","wisehelpcentre.com","wolverineskonorge.com","www-presse-fotos-dk.filesusr.com","wxqgx123.com","y6.no","yttersiden.no"],"resourceTypes":["main_frame"]},"id":1,"priority":29},
{"action":{"redirect":{"regexSubstitution":"/strictblock.html#\\0"},"type":"redirect"},"condition":{"regexFilter":"^.*/begrensede-tilbudet/.*","resourceTypes":["main_frame"]},"id":2,"priority":29},
{"action":{"redirect":{"regexSubstitution":"/strictblock.html#\\0"},"type":"redirect"},"condition":{"regexFilter":"^.*/bli-avbrutt-bor-du-oppdater/.*","resourceTypes":["main_frame"]},"id":3,"priority":29},
{"action":{"redirect":{"regexSubstitution":"/strictblock.html#\\0"},"type":"redirect"},"condition":{"regexFilter":"^.*/dnb11111(?:[^%.0-9a-z_-]|$).*","resourceTypes":["main_frame"]},"id":4,"priority":29},
{"action":{"redirect":{"regexSubstitution":"/strictblock.html#\\0"},"type":"redirect"},"condition":{"regexFilter":"^.*/kiwierbjudanden1/.*","resourceTypes":["main_frame"]},"id":5,"priority":29},
{"action":{"redirect":{"regexSubstitution":"/strictblock.html#\\0"},"type":"redirect"},"condition":{"regexFilter":"^.*/norgesecure/.*","resourceTypes":["main_frame"]},"id":6,"priority":29},
{"action":{"redirect":{"regexSubstitution":"/strictblock.html#\\0"},"type":"redirect"},"condition":{"regexFilter":"^.*/pakkerlevering/.*","resourceTypes":["main_frame"]},"id":7,"priority":29},
{"action":{"redirect":{"regexSubstitution":"/strictblock.html#\\0"},"type":"redirect"},"condition":{"regexFilter":"^.*\\.gratis-reisebilletter\\..*","resourceTypes":["main_frame"]},"id":8,"priority":29},
{"action":{"redirect":{"regexSubstitution":"/strictblock.html#\\0"},"type":"redirect"},"condition":{"regexFilter":"^[a-z-]+://(?:[^/?#]+\\.)?coop\\.no\\..*","resourceTypes":["main_frame"]},"id":9,"priority":29},
{"action":{"redirect":{"regexSubstitution":"/strictblock.html#\\0"},"type":"redirect"},"condition":{"regexFilter":"^[a-z-]+://(?:[^/?#]+\\.)?danskebank\\.no\\..*","resourceTypes":["main_frame"]},"id":10,"priority":29},
{"action":{"redirect":{"regexSubstitution":"/strictblock.html#\\0"},"type":"redirect"},"condition":{"regexFilter":"^[a-z-]+://(?:[^/?#]+\\.)?djurs\\.com-\\S*?\\..*","resourceTypes":["main_frame"]},"id":11,"priority":29},
{"action":{"redirect":{"regexSubstitution":"/strictblock.html#\\0"},"type":"redirect"},"condition":{"regexFilter":"^[a-z-]+://(?:[^/?#]+\\.)?dnb\\.no\\..*","resourceTypes":["main_frame"]},"id":12,"priority":29},
{"action":{"redirect":{"regexSubstitution":"/strictblock.html#\\0"},"type":"redirect"},"condition":{"regexFilter":"^[a-z-]+://(?:[^/?#]+\\.)?elkjop\\.no\\..*","resourceTypes":["main_frame"]},"id":13,"priority":29},
{"action":{"redirect":{"regexSubstitution":"/strictblock.html#\\0"},"type":"redirect"},"condition":{"regexFilter":"^[a-z-]+://(?:[^/?#]+\\.)?finn\\.no\\..*","resourceTypes":["main_frame"]},"id":14,"priority":29},
{"action":{"redirect":{"regexSubstitution":"/strictblock.html#\\0"},"type":"redirect"},"condition":{"regexFilter":"^[a-z-]+://(?:[^/?#]+\\.)?flysas-no\\..*","resourceTypes":["main_frame"]},"id":15,"priority":29},
{"action":{"redirect":{"regexSubstitution":"/strictblock.html#\\0"},"type":"redirect"},"condition":{"regexFilter":"^[a-z-]+://(?:[^/?#]+\\.)?komplett\\.no\\..*","resourceTypes":["main_frame"]},"id":16,"priority":29},
{"action":{"redirect":{"regexSubstitution":"/strictblock.html#\\0"},"type":"redirect"},"condition":{"regexFilter":"^[a-z-]+://(?:[^/?#]+\\.)?nordea\\.no\\..*","resourceTypes":["main_frame"]},"id":17,"priority":29},
{"action":{"redirect":{"regexSubstitution":"/strictblock.html#\\0"},"type":"redirect"},"condition":{"regexFilter":"^[a-z-]+://(?:[^/?#]+\\.)?nordnet\\.no\\..*","resourceTypes":["main_frame"]},"id":18,"priority":29},
{"action":{"redirect":{"regexSubstitution":"/strictblock.html#\\0"},"type":"redirect"},"condition":{"regexFilter":"^[a-z-]+://(?:[^/?#]+\\.)?norwegian\\.com\\..*","resourceTypes":["main_frame"]},"id":19,"priority":29},
{"action":{"redirect":{"regexSubstitution":"/strictblock.html#\\0"},"type":"redirect"},"condition":{"regexFilter":"^[a-z-]+://(?:[^/?#]+\\.)?posten\\.no\\..*","resourceTypes":["main_frame"]},"id":20,"priority":29},
{"action":{"redirect":{"regexSubstitution":"/strictblock.html#\\0"},"type":"redirect"},"condition":{"regexFilter":"^[a-z-]+://(?:[^/?#]+\\.)?postnord\\.no\\..*","resourceTypes":["main_frame"]},"id":21,"priority":29},
{"action":{"redirect":{"regexSubstitution":"/strictblock.html#\\0"},"type":"redirect"},"condition":{"regexFilter":"^[a-z-]+://(?:[^/?#]+\\.)?sbanken\\.no\\..*","resourceTypes":["main_frame"]},"id":22,"priority":29},
{"action":{"redirect":{"regexSubstitution":"/strictblock.html#\\0"},"type":"redirect"},"condition":{"regexFilter":"^[a-z-]+://(?:[^/?#]+\\.)?shell\\.no\\..*","resourceTypes":["main_frame"]},"id":23,"priority":29},
{"action":{"redirect":{"regexSubstitution":"/strictblock.html#\\0"},"type":"redirect"},"condition":{"regexFilter":"^[a-z-]+://(?:[^/?#]+\\.)?skatteetaten\\.no\\..*","resourceTypes":["main_frame"]},"id":24,"priority":29},
{"action":{"redirect":{"regexSubstitution":"/strictblock.html#\\0"},"type":"redirect"},"condition":{"regexFilter":"^[a-z-]+://(?:[^/?#]+\\.)?sparebank1\\.no\\..*","resourceTypes":["main_frame"]},"id":25,"priority":29},
{"action":{"redirect":{"regexSubstitution":"/strictblock.html#\\0"},"type":"redirect"},"condition":{"regexFilter":"^[a-z-]+://(?:[^/?#]+\\.)?tusenfryd-com\\..*","resourceTypes":["main_frame"]},"id":26,"priority":29},
{"action":{"redirect":{"regexSubstitution":"/strictblock.html#\\0"},"type":"redirect"},"condition":{"regexFilter":"^[a-z-]+://(?:[^/?#]+\\.)?vg\\.no\\..*","resourceTypes":["main_frame"]},"id":27,"priority":29},
{"action":{"redirect":{"regexSubstitution":"/strictblock.html#\\0"},"type":"redirect"},"condition":{"regexFilter":"^[a-z-]+://(?:[^/?#]+\\.)?vipps-sikkerhet\\..*","resourceTypes":["main_frame"]},"id":28,"priority":29},
{"action":{"redirect":{"regexSubstitution":"/strictblock.html#\\0"},"type":"redirect"},"condition":{"regexFilter":"^.*/\\?finn\\.no/login.*","resourceTypes":["main_frame"]},"id":29,"priority":29},
{"action":{"redirect":{"regexSubstitution":"/strictblock.html#\\0"},"type":"redirect"},"condition":{"regexFilter":"^.*danmarks\\.com(?:[^%.0-9a-z_-]|$).*","resourceTypes":["main_frame"]},"id":30,"priority":29},
{"action":{"redirect":{"regexSubstitution":"/strictblock.html#\\0"},"type":"redirect"},"condition":{"regexFilter":"^.*norgno\\.com(?:[^%.0-9a-z_-]|$).*","resourceTypes":["main_frame"]},"id":31,"priority":29},
{"action":{"redirect":{"regexSubstitution":"/strictblock.html#\\0"},"type":"redirect"},"condition":{"regexFilter":"^.*norges\\.com(?:[^%.0-9a-z_-]|$).*","resourceTypes":["main_frame"]},"id":32,"priority":29},
{"action":{"redirect":{"regexSubstitution":"/strictblock.html#\\0"},"type":"redirect"},"condition":{"regexFilter":"^.*norgebutikk\\.com(?:[^%.0-9a-z_-]|$).*","resourceTypes":["main_frame"]},"id":33,"priority":29},
{"action":{"redirect":{"regexSubstitution":"/strictblock.html#\\0"},"type":"redirect"},"condition":{"regexFilter":"^.*norgestore\\.com(?:[^%.0-9a-z_-]|$).*","resourceTypes":["main_frame"]},"id":34,"priority":29},
{"action":{"redirect":{"regexSubstitution":"/strictblock.html#\\0"},"type":"redirect"},"condition":{"regexFilter":"^.*norge-no\\.com(?:[^%.0-9a-z_-]|$).*","resourceTypes":["main_frame"]},"id":35,"priority":29},
{"action":{"redirect":{"regexSubstitution":"/strictblock.html#\\0"},"type":"redirect"},"condition":{"regexFilter":"^.*norgestores\\.com(?:[^%.0-9a-z_-]|$).*","resourceTypes":["main_frame"]},"id":36,"priority":29},
{"action":{"redirect":{"regexSubstitution":"/strictblock.html#\\0"},"type":"redirect"},"condition":{"regexFilter":"^.*skobutikks\\.com(?:[^%.0-9a-z_-]|$).*","resourceTypes":["main_frame"]},"id":37,"priority":29},
{"action":{"redirect":{"regexSubstitution":"/strictblock.html#\\0"},"type":"redirect"},"condition":{"regexFilter":"^.*butikksoslo\\.com(?:[^%.0-9a-z_-]|$).*","resourceTypes":["main_frame"]},"id":38,"priority":29},
{"action":{"redirect":{"regexSubstitution":"/strictblock.html#\\0"},"type":"redirect"},"condition":{"regexFilter":"^[a-z-]+://(?:[^/?#]+\\.)?paypal\\.\\S*?\\.no$","resourceTypes":["main_frame"]},"id":39,"priority":29},
{"action":{"redirect":{"regexSubstitution":"/strictblock.html#\\0"},"type":"redirect"},"condition":{"regexFilter":"^[a-z-]+://(?:[^/?#]+\\.)?paypal\\.\\S*?\\.no/.*","resourceTypes":["main_frame"]},"id":40,"priority":29},
{"action":{"redirect":{"regexSubstitution":"/strictblock.html#\\0"},"type":"redirect"},"condition":{"regexFilter":"^[a-z-]+://(?:[^/?#]+\\.)?kongeparken\\.com-.*","resourceTypes":["main_frame"]},"id":41,"priority":29},
{"action":{"redirect":{"regexSubstitution":"/strictblock.html#\\0"},"type":"redirect"},"condition":{"regexFilter":"^[a-z-]+://(?:[^/?#]+\\.)?kiwi\\.com-.*","resourceTypes":["main_frame"]},"id":42,"priority":29},
{"action":{"redirect":{"regexSubstitution":"/strictblock.html#\\0"},"type":"redirect"},"condition":{"regexFilter":"^[a-z-]+://(?:[^/?#]+\\.)?getmail-no\\..*","resourceTypes":["main_frame"]},"id":43,"priority":29},
{"action":{"redirect":{"regexSubstitution":"/strictblock.html#\\0"},"type":"redirect"},"condition":{"regexFilter":"^[a-z-]+://(?:[^/?#]+\\.)?elkjop\\S*?\\.club(?:[^%.0-9a-z_-]|$).*","resourceTypes":["main_frame"]},"id":44,"priority":29},
{"action":{"redirect":{"regexSubstitution":"/strictblock.html#\\0"},"type":"redirect"},"condition":{"regexFilter":"^.*/css/\\S*?sparebank1\\.no(?:[^%.0-9a-z_-]|$).*","resourceTypes":["main_frame"]},"id":45,"priority":29},
{"action":{"redirect":{"regexSubstitution":"/strictblock.html#\\0"},"type":"redirect"},"condition":{"regexFilter":"^[a-z-]+://(?:[^/?#]+\\.)?faarup\\.com-\\S*?\\..*","resourceTypes":["main_frame"]},"id":46,"priority":29},
{"action":{"redirect":{"regexSubstitution":"/strictblock.html#\\0"},"type":"redirect"},"condition":{"regexFilter":"^[a-z-]+://(?:[^/?#]+\\.)?legoland\\.com-\\S*?\\..*","resourceTypes":["main_frame"]},"id":47,"priority":29},
{"action":{"redirect":{"regexSubstitution":"/strictblock.html#\\0"},"type":"redirect"},"condition":{"regexFilter":"^[a-z-]+://(?:[^/?#]+\\.)?ekstrabiadet\\..*","resourceTypes":["main_frame"]},"id":48,"priority":29},
{"action":{"redirect":{"regexSubstitution":"/strictblock.html#\\0"},"type":"redirect"},"condition":{"regexFilter":"^[a-z-]+://(?:[^/?#]+\\.)?fintechnow\\S*?\\.buzz(?:[^%.0-9a-z_-]|$).*","resourceTypes":["main_frame"]},"id":49,"priority":29},
{"action":{"redirect":{"regexSubstitution":"/strictblock.html#\\0"},"type":"redirect"},"condition":{"regexFilter":"^[a-z-]+://(?:[^/?#]+\\.)?wealthnews\\S*?\\.xyz(?:[^%.0-9a-z_-]|$).*","resourceTypes":["main_frame"]},"id":50,"priority":29},
{"action":{"redirect":{"regexSubstitution":"/strictblock.html#\\0"},"type":"redirect"},"condition":{"regexFilter":"^[a-z-]+://(?:[^/?#]+\\.)?norge\\.\\S*?\\.icu(?:[^%.0-9a-z_-]|$).*","resourceTypes":["main_frame"]},"id":51,"priority":29},
{"action":{"redirect":{"regexSubstitution":"/strictblock.html#\\0"},"type":"redirect"},"condition":{"regexFilter":"^[a-z-]+://(?:[^/?#]+\\.)?euronews\\S*?\\.buzz(?:[^%.0-9a-z_-]|$).*","resourceTypes":["main_frame"]},"id":52,"priority":29},
{"action":{"redirect":{"regexSubstitution":"/strictblock.html#\\0"},"type":"redirect"},"condition":{"regexFilter":"^[a-z-]+://(?:[^/?#]+\\.)?softwaredaily\\S*?\\.monster(?:[^%.0-9a-z_-]|$).*","resourceTypes":["main_frame"]},"id":53,"priority":29},
{"action":{"redirect":{"regexSubstitution":"/strictblock.html#\\0"},"type":"redirect"},"condition":{"regexFilter":"^[a-z-]+://(?:[^/?#]+\\.)?stalknews\\S*?\\.buzz(?:[^%.0-9a-z_-]|$).*","resourceTypes":["main_frame"]},"id":54,"priority":29},
{"action":{"redirect":{"regexSubstitution":"/strictblock.html#\\0"},"type":"redirect"},"condition":{"regexFilter":"^[a-z-]+://(?:[^/?#]+\\.)?goldupdates\\S*?\\.xyz(?:[^%.0-9a-z_-]|$).*","resourceTypes":["main_frame"]},"id":55,"priority":29},
{"action":{"redirect":{"regexSubstitution":"/strictblock.html#\\0"},"type":"redirect"},"condition":{"regexFilter":"^[a-z-]+://(?:[^/?#]+\\.)?sikre-vipps-konto\\..*","resourceTypes":["main_frame"]},"id":56,"priority":29},
{"action":{"redirect":{"regexSubstitution":"/strictblock.html#\\0"},"type":"redirect"},"condition":{"regexFilter":"^.*/cop-no/index\\.htm.*","resourceTypes":["main_frame"]},"id":57,"priority":29},
{"action":{"redirect":{"regexSubstitution":"/strictblock.html#\\0"},"type":"redirect"},"condition":{"regexFilter":"^.*/survey/heldige(?:[^%.0-9a-z_-]|$).*","resourceTypes":["main_frame"]},"id":58,"priority":29},
{"action":{"redirect":{"regexSubstitution":"/strictblock.html#\\0"},"type":"redirect"},"condition":{"regexFilter":"^[a-z-]+://(?:[^/?#]+\\.)?sites\\.google\\.\\S*?/halaman-muka(?:[^%.0-9a-z_-]|$).*","resourceTypes":["main_frame"]},"id":59,"priority":29},
{"action":{"redirect":{"regexSubstitution":"/strictblock.html#\\0"},"type":"redirect"},"condition":{"regexFilter":"^[a-z-]+://(?:[^/?#]+\\.)?sites\\.google\\.com/view/truls-svendsen(?:[^%.0-9a-z_-]|$).*","resourceTypes":["main_frame"]},"id":60,"priority":29},
{"action":{"redirect":{"regexSubstitution":"/strictblock.html#\\0"},"type":"redirect"},"condition":{"regexFilter":"^[a-z-]+://(?:[^/?#]+\\.)?signup-\\S*?vpns\\.com(?:[^%.0-9a-z_-]|$).*","resourceTypes":["main_frame"]},"id":61,"priority":29},
{"action":{"redirect":{"regexSubstitution":"/strictblock.html#\\0"},"type":"redirect"},"condition":{"regexFilter":"^[a-z-]+://(?:[^/?#]+\\.)?telenors\\.\\S*?\\.cx(?:[^%.0-9a-z_-]|$).*","resourceTypes":["main_frame"]},"id":62,"priority":29},
{"action":{"redirect":{"regexSubstitution":"/strictblock.html#\\0"},"type":"redirect"},"condition":{"regexFilter":"^.*-sparebank1\\.\\S*?\\.net(?:[^%.0-9a-z_-]|$).*","resourceTypes":["main_frame"]},"id":63,"priority":29},
{"action":{"redirect":{"regexSubstitution":"/strictblock.html#\\0"},"type":"redirect"},"condition":{"regexFilter":"^[a-z-]+://(?:[^/?#]+\\.)?com/vg\\.no$","resourceTypes":["main_frame"]},"id":64,"priority":29},
{"action":{"redirect":{"regexSubstitution":"/strictblock.html#\\0"},"type":"redirect"},"condition":{"regexFilter":"^[a-z-]+://(?:[^/?#]+\\.)?minklubshop\\.dk/dk(?:[^%.0-9a-z_-]|$).*","resourceTypes":["main_frame"]},"id":65,"priority":29},
{"action":{"redirect":{"regexSubstitution":"/strictblock.html#\\0"},"type":"redirect"},"condition":{"regexFilter":"^[a-z-]+://(?:[^/?#]+\\.)?cx/nordea$","resourceTypes":["main_frame"]},"id":66,"priority":29},
{"action":{"redirect":{"regexSubstitution":"/strictblock.html#\\0"},"type":"redirect"},"condition":{"regexFilter":"^[a-z-]+://(?:[^/?#]+\\.)?cx/sparebank.*","resourceTypes":["main_frame"]},"id":67,"priority":29},
{"action":{"redirect":{"regexSubstitution":"/strictblock.html#\\0"},"type":"redirect"},"condition":{"regexFilter":"^[a-z-]+://(?:[^/?#]+\\.)?cx/sbanken$","resourceTypes":["main_frame"]},"id":68,"priority":29},
{"action":{"redirect":{"regexSubstitution":"/strictblock.html#\\0"},"type":"redirect"},"condition":{"regexFilter":"^.*norgesalg\\.com(?:[^%.0-9a-z_-]|$).*","resourceTypes":["main_frame"]},"id":69,"priority":29},
{"action":{"redirect":{"regexSubstitution":"/strictblock.html#\\0"},"type":"redirect"},"condition":{"regexFilter":"^.*salgnorge\\.com(?:[^%.0-9a-z_-]|$).*","resourceTypes":["main_frame"]},"id":70,"priority":29},
{"action":{"redirect":{"regexSubstitution":"/strictblock.html#\\0"},"type":"redirect"},"condition":{"regexFilter":"^[a-z-]+://(?:[^/?#]+\\.)?easypark-.*","resourceTypes":["main_frame"]},"id":71,"priority":29},
{"action":{"redirect":{"regexSubstitution":"/strictblock.html#\\0"},"type":"redirect"},"condition":{"regexFilter":"^.*://old\\.sermitsiaq\\.ag(?:[^%.0-9a-z_-]|$).*","resourceTypes":["main_frame"]},"id":72,"priority":29},
{"action":{"redirect":{"regexSubstitution":"/strictblock.html#\\0"},"type":"redirect"},"condition":{"regexFilter":"^.*://robot\\.ekstrabladet\\.dk(?:[^%.0-9a-z_-]|$).*","resourceTypes":["main_frame"]},"id":73,"priority":29},
{"action":{"redirect":{"regexSubstitution":"/strictblock.html#\\0"},"type":"redirect"},"condition":{"regexFilter":"^.*-med\\.footeo\\.com(?:[^%.0-9a-z_-]|$).*","resourceTypes":["main_frame"]},"id":74,"priority":29},
{"action":{"redirect":{"regexSubstitution":"/strictblock.html#\\0"},"type":"redirect"},"condition":{"regexFilter":"^.*medisin\\S*?\\.over-blog\\.com(?:[^%.0-9a-z_-]|$).*","resourceTypes":["main_frame"]},"id":75,"priority":29},
{"action":{"redirect":{"regexSubstitution":"/strictblock.html#\\0"},"type":"redirect"},"condition":{"regexFilter":"^[a-z-]+://(?:[^/?#]+\\.)?xanax\\S*?\\.over-blog\\.com(?:[^%.0-9a-z_-]|$).*","resourceTypes":["main_frame"]},"id":76,"priority":29}
]
