[
{
 "action": {
  "redirect": {
   "regexSubstitution": "/strictblock.html#\\0"
  },
  "type": "redirect"
 },
 "condition": {
  "regexFilter": "^https?://.*",
  "requestDomains": [
   "079301eaff0975107716716fd1cb0dcd.com",
   "0p1ohj2f5f.ru",
   "120x600b",
   "1463.info",
   "193.200.64.24",
   "1p3opxwwet.ru",
   "1qe.info",
   "1qi.info",
   "1wiipr.xyz",
   "2022welcome.com",
   "206.54.181.250",
   "23oct2023.site",
   "2ad.wtf",
   "2track.info",
   "3ez1ja1uq3.ru",
   "3lucosy.com",
   "468.vologdainfo.ru",
   "468x60ba",
   "4mlhn1ocg4.com",
   "6c5xnntfvi.com",
   "6rn05mmbct.ru",
   "6t5n9h77m8.com",
   "728banne",
   "728x90px",
   "768x60.gif",
   "7kprtners.com",
   "a.ava.com.ua",
   "a.jurnalu.ru",
   "a.kubik3.ru",
   "a2nn5eri7ce.com",
   "abqjst.com",
   "ad.cub.red",
   "ad.hutor.ru",
   "ad2.rambler.ru",
   "ad2the.net",
   "ad3.rambler.ru",
   "adbn.ru",
   "adghndou0sdh.ru",
   "adiam.tech",
   "admulti.com",
   "ads.digitalcaramel.com",
   "ads.go2net.com.ua",
   "ads.people-group.net",
   "ads2.pbxware.ru",
   "adtscriptshark.com",
   "adv.vz.ru",
   "advscdn.com",
   "advwomennews.ru",
   "adwadvert.com.ua",
   "afficent.com",
   "affiliate.astraweb.com",
   "affiliates.a2hosting.com",
   "aglurj.com",
   "aigenstud.com",
   "aj2517.bid",
   "all-audio.pro",
   "almosto.com",
   "alsmdb.com",
   "api-fangarma.utyug.media",
   "api.native-track.com",
   "appcodedark.com",
   "appcodepnik",
   "appscriptduck.com",
   "appscriptshark.com",
   "aprelite.com",
   "armablek.shop",
   "audiotouch.info",
   "b.ddestiny.ru",
   "b.we-are-anon.com",
   "backromy.com",
   "ban.mirorgazma.ru",
   "banner.lbs.km.ru",
   "banners.getiton.com",
   "bannet.fryazino.net",
   "basenews7.com",
   "batecrowle.click",
   "bc-news.net",
   "bcdjcjjhgfiejgfjhah.world",
   "bestdealfor1.life",
   "bestssrv.com",
   "betemolgar.com",
   "bidster.net",
   "bjiuck.com",
   "blessdi.com",
   "bmmwa.info",
   "bn.ohah.ru",
   "bn.orthodoxy.ru",
   "bngdyn.com",
   "bngtrak.com",
   "bolayaros.com",
   "brocode1s.com",
   "brocode3s.com",
   "builthuosefor.com",
   "burningpushing.info",
   "bvbypswhds.com",
   "bzgmcqqfxd.com",
   "camadmin.ru",
   "cashprom.ru",
   "cau1aighae.com",
   "cchbdata.net",
   "cchdbond.com",
   "cdn-t.b5c1d2e8c9982e3b965a27ac72ru7284cc.com",
   "cdn-t.vb24131crasosnemesis.com",
   "cdn.alfasense.net",
   "cdn.dmtgvn.com",
   "cdn.dsmstats.com",
   "cdn.neon.click",
   "cdn.smachnakittchen.com",
   "cdn.sov.stream",
   "cdn.tameti.com",
   "cdn7.network",
   "chicgar.info",
   "clairpixum.com",
   "click.ad1.ru",
   "click.zmctrack.net",
   "clickatdcode.com",
   "clicksfordsm.com",
   "clicktroute.com",
   "clickwhitecode.com",
   "cmcxmh.com",
   "cnb.cnews.ru",
   "coml.be",
   "contactsin.com",
   "context.hotline.ua",
   "couptoug.net",
   "crackac.com",
   "d1mib12jcgwmnv.cloudfront.net",
   "dallworldnews.ru",
   "damgurwdblf.xyz",
   "ddyipu.com",
   "debitcrebit669.com",
   "dn3hksy6kf.com",
   "dominantroute.com",
   "dosawes.com",
   "dotofverse.com",
   "dpjrba.com",
   "dqwzhseasq.com",
   "dr5.biz",
   "dyaconiconelino.com",
   "ec2-44-233-143-239.us-west-2.compute.amazonaws.com",
   "eehhabacgieacfjeaacg.world",
   "ehmqlr.com",
   "ejevika.com",
   "ejxosoryso.ru",
   "enfreine.com",
   "eozjqg.com",
   "esdykv.com",
   "estiques.com",
   "et-code.ru",
   "evlsn.com",
   "exad.smi2.ru",
   "exfjpw.com",
   "fcepahafyq.com",
   "ferdarius.com",
   "fft.delovoemesto.ru",
   "fnasmpygwa.com",
   "fpzpmx.com",
   "fquqhe.com",
   "ftylpm.com",
   "futureocto.com",
   "fuyviz.com",
   "fuzvjy.com",
   "fvtyhe.com",
   "fzgrpqktmq.com",
   "g4p.redtram.com",
   "gaveasword.com",
   "get2.fun",
   "getb.7ya.ru",
   "gibevay.ru",
   "gimnsr.com",
   "givemelink.cc",
   "go.17r.pro",
   "go.media-x.ru",
   "go.ukrleads.com",
   "go.xl.ua",
   "go.zdos.ru",
   "gocheewimtie.xyz",
   "gredinatib.org",
   "h5r2dzdwqk.com",
   "hdbcome.com",
   "hfnuqljjnt.com",
   "hgbn.rocks",
   "hhdjcabafaejaibaaaeg.world",
   "hhooyivpxq.com",
   "hsgdyq.com",
   "hunterers.com",
   "i.j2j.ru",
   "iceprogs.ru",
   "igbfwa.com",
   "ijkcmm.com",
   "imgg.dt00.net",
   "infostuet.com",
   "ippcodeblack.com",
   "ippcodepink.com",
   "ippscriptbear.com",
   "ippstuet.com",
   "ippunet.site",
   "ipvertnet.com",
   "irxybq.com",
   "isatonabench.com",
   "isrv07.com",
   "istmvh.com",
   "iwe.ktvgv.com",
   "iwrcoct.info",
   "ixcbqp.com",
   "jcyjly.com",
   "jdmodr.com",
   "jelfmtsr5i.ru",
   "jlxsgk.com",
   "jlzbnl.com",
   "kapitalrus.ru",
   "kasfas.com",
   "kejasosy.com",
   "kertzmann.com",
   "kissedthetrain.com",
   "klonedaset.org",
   "knowens.com",
   "kremchtiv.shopo",
   "kwtyuv.com",
   "kyccmn.com",
   "laimroll.ru",
   "lenta.sparrow.ru",
   "leonases.shopo",
   "llet787bww.com",
   "llyvjs.com",
   "lodenbud.com",
   "login.tracking101.com",
   "loneday.com",
   "lusupodum.com",
   "lydiz.com",
   "lzbgeg.com",
   "m-setup.net",
   "m81jmqmn.ru",
   "markreptiloid.com",
   "maxrilla.com",
   "mdvkn.com",
   "mediapays.info",
   "mediatraffic.com.ua",
   "mezima.com",
   "mibmcbm.com",
   "mikellli.com",
   "miradres.com",
   "mobatory.com",
   "mobdrom.ru",
   "moneymaiker.ru",
   "mrbasic.com",
   "mrgreekroad.com",
   "mrrvmp.com",
   "mshues.com",
   "mxzijg.com",
   "myroledance.com",
   "mytizer.ru",
   "n1307adserv.xyz",
   "n3owhe6qa4.com",
   "na0z0thlap.com",
   "nachalos.shopo",
   "nanthou.life",
   "native-cdn.com",
   "naucaish.net",
   "ndegj3peoh.com",
   "network-t.net",
   "newrotatormarch23.bid",
   "news-molixo.cc",
   "news.truth.delivery",
   "nkstkp.com",
   "nostalgia.onego.ru",
   "nwhoxwpuj6.com",
   "o1qry0qq83.com",
   "o4svlxhjun.xyz",
   "octolinkcom.me",
   "oiya.ru",
   "openssp.ru",
   "opnbwg.com",
   "ouhastay.net",
   "ouo3ophlpm.ru",
   "ouqyid.com",
   "paintejuke.com",
   "partners.agoda.com",
   "partners.vsemayki.ru",
   "pastrentroom.com",
   "pb.plat.services",
   "pdayyocpnvh.ru",
   "pgusgyzdfpj.ru",
   "pheasantnt.com",
   "phytotyper.com",
   "pianis.shop",
   "pjkyxrd15e.ru",
   "pkoqeg.com",
   "pmi1yarhxx.com",
   "popadon.com",
   "portoteamo.com",
   "post.rmbn.ru",
   "prestich.shop",
   "prft1pub.com",
   "prod.html5-ads.vk-apps.com",
   "proppellerads.ru",
   "puklisi.ru",
   "pushadv.biz",
   "pwsviu.com",
   "pxpfnbe1t1.com",
   "qdrmui.com",
   "qeclsl.com",
   "qgmwby.com",
   "qhdhtd.com",
   "qprskl.com",
   "r9ljguu1k4.ru",
   "rb.rfn.ru",
   "rb.sport-express.ru",
   "rbfive.bid",
   "rbfour.bid",
   "rbthre.work",
   "rchkup.com",
   "rcvlink.com",
   "refpahrwzjlv.top",
   "retagapp.com",
   "retharitus.com",
   "rfpozf.com",
   "riamiavid.com",
   "riseup-t-code.com",
   "roomrentpast.com",
   "rot.rusoul.ru",
   "rqnvci.com",
   "rtb.trade",
   "s.cummerata.link",
   "s.holder.com.ua",
   "s2517.com",
   "sarafan.fun",
   "serl.mooo.com",
   "servetraff.com",
   "servw.bid",
   "setka.media",
   "sheisnotateacher.com",
   "showsclick.com",
   "shvhse.com",
   "skcrtxr.com",
   "slopeac.com",
   "smatr.net",
   "snsv.ru",
   "socdem-enrich.getshop.tv",
   "sofq.site",
   "sparelli.com",
   "spitter.pauk.ru",
   "spots.ru",
   "spytrack.tic.ru",
   "srvd2204.com",
   "ssrv7.com",
   "stat.hdvbua.pro",
   "stcvhf.com",
   "steamac.com",
   "streetuptowind.com",
   "stteeruptowind.com",
   "suprion.ru",
   "svc.kartinka.com.ua",
   "swfly744.info",
   "tailstories.biz",
   "talktomeplease.biz",
   "tat3ayogh6.com",
   "teachmeiwnd.com",
   "temporarympay.com",
   "tg.mybb.ru",
   "thagrechulo.com",
   "tifsuc.com",
   "timefeathered.fun",
   "tizergun.net",
   "tizermy.net",
   "tm-core.net",
   "tmserver-2.net",
   "tobaltoyon.com",
   "tr.samoresim.ru",
   "tracker.pushmeback.com",
   "trutheyesstab.com",
   "tsr.zlatoff.ru",
   "tzbirdcod.com",
   "uchmuk.com",
   "ufouxbwn.com",
   "ugyyod.com",
   "ulyvjty4rd.com",
   "umyeon.com",
   "undere.com",
   "unhwav.com",
   "untily.com",
   "uredy.top",
   "us.a1.yimg.com",
   "us.i1.yimg.com",
   "usesentry.com",
   "uuidksinc.net",
   "v.cdn4.life",
   "v.strosin.biz",
   "vasia.bluentated.racing",
   "vast.videocdn.tv",
   "video.agenteimmobiliare.info",
   "video.begun.ru",
   "videohead.tech",
   "videotouch88.info",
   "vidigital.ru",
   "vidustal.com",
   "virnews.club",
   "vjdciu.com",
   "vk-ads.ru",
   "vkwaeo.com",
   "vnrvss.com",
   "voidnetwork.cloud",
   "vqfqo.us",
   "vqhrqt.com",
   "vst.dfn-network.pro",
   "vvdrhe.win",
   "vyocqq.com",
   "w716eb02n9.ru",
   "webmedia.co.il",
   "weednewspro.com",
   "wensonk.com",
   "wishesen.com",
   "wisokykulas.bid",
   "world-2012.info",
   "wrapper.bracdn.online",
   "wsp.marketgid.com",
   "www.mir-stalkera.ru",
   "www2.bubblesmedia.ru",
   "xjwzbo.com",
   "xn--u1aaw.xn--p1ai",
   "xveenk.com",
   "xvnitu.com",
   "ynlfpyeifc.com",
   "yxhouwezb.site",
   "z.cdn.trafficdok.com",
   "zpcode11.com",
   "zpgetworker11.com",
   "zslhmw.com",
   "zszhfffyd.ru",
   "ztvzfq.com",
   "zxwnlg.com",
   "zykumw.com",
   "zzfoms.com"
  ],
  "resourceTypes": [
   "main_frame"
  ]
 },
 "id": 1,
 "priority": 29
},
{
 "action": {
  "redirect": {
   "regexSubstitution": "/strictblock.html#\\0"
  },
  "type": "redirect"
 },
 "condition": {
  "regexFilter": "^[a-z-]+://(?:[^/?#]+\\.)?slotscity\\.ua/registration\\?refcode=.*",
  "resourceTypes": [
   "main_frame"
  ]
 },
 "id": 2,
 "priority": 29
}
]
