[
{"action":{"redirect":{"regexSubstitution":"/strictblock.html#\\0"},"type":"redirect"},"condition":{"regexFilter":"^https?://.*","requestDomains":["1-x-bet.com","100bankiv.com.ua","10goxbet.com","11goxbet.com","13goxbet.com","15jokerua.top","1webs.top","1win.pro","1x.games","1xbet-new.com","1xbet.ci","1xbet.com","1xbet.com.mx","1xbet.kz","1xbet.mobi","1xbet.ng","1xbett.mobi","1xbit-ua.com","1xslot-ua.com","1xslot.com","21wiz.com","24helpuapay.com","24helpukr.com","25shop.space","3ds-check.top","3ds-connect.top","3ds-fastpay.online","3ds-opllata.site","3ds-payswallet.online","3ds-payz.site","3ds-ua.top","777originals.org","7goxbet.com","888starz.bet","8slottica.com","97jokerua.top","a4.censor.net","accaunt-ua.fun","account-guard.site","account-saver.com","account-viewer.com","accounts-ukr.com","ad.luxnet.ua","ad.mox.tv","adpartner.pro","adriver.ru","ads-twitter.com","ads.informator.ua","adtelligent.com","agenteimmobiliare.info","ahome.uno","aid24-ua.online","aid24-ua.pw","aid24-ua.site","aid24-ua.space","aid24-ua.website","aidforukraine.za.com","air-pro-ua.store","aixcdn.com","aj1907.online","alcohol-ukraine.com","analytics.shareaholic.com","analytics.tiktok.com","analytics.trbna.com","analytics.webpushr.com","api.median-ads.com","apple-ukraine.online","asprobet.com","astekbet.com","au-ukr.net","avon-registration.com","avon-ua.site","avto-dok.online","avto-dokyment.online","awsmall.net","awsvip.cc","azinoplay.online","b-twinner.com","backblk.com","bank-uagov.online","bankid.support","banners.doc.ua","banstat.nadavi.net","bc.game","be-ukr.net","be2fun.pro","best-store-ua.online","bestcrutches.com","bestshopukrain.fun","bet-boom.com","bet-match1.io","bet-match1.net","bet2casino.fun","bet2fun.lol","bet2fun.online","bet2fun.pro","bet2fun.pw","bet2fun.world","bet2fun.xyz","bet2fun1.fun","bet2fun1.online","bet2fun2.online","bet2fun3.online","bet2fun4.online","bet2fun5.online","bet2fun6.online","bet2fun7.online","bet2fun8.online","betandyou.com","betandyou1.com","betandyou2.com","betbet2fun.com","betmatch2win.com","bettwo.fun","betwinner-371307.top","betwinner-india.com","betwinner-ua.com","betwinner-ukraine.com","betwinner.com","betwinner1.com","betwinner2.com","betwinner3.com","betwinner4.com","betwinner5.com","betwinner6.com","betwinner7.com","betworld247.com","bg-ukr.net","bigsales-ua.store","bitcoinukraine.xyz","bitfinexgroup.com","bitshopping.net","bitz.io","bitz1.vip","bitz2.vip","bitz6.vip","bk-1x-bet.com","blockchain4ukraine.com","bonanzagame21.com","boompari.xyz","bs-market.store","btcinvesta.com","btcukraine.xyz","buddy1.bet","buy-ua.com.ua","c.bigmir.net","c.mgid.com","captcha-challenge.com","carcover-ua.store","carcover-ua.uno","card-ua.cloud","card-ua.pro","card-ua.shop","cashalot.bet","cashpayforukrainepeople.business","casino-elslots.net","casino-joker-20.com","casinoaviator.com","casinos-vip.net","cazino-vip.org","champblack.com","champclub.net","championcasino.net","chcplay.net","chervonaikra-ua.fun","childrens-fund-ukraine.com","chipstars.bet","clarity.ms","click.zfctrack.net","click.znctrack.net","clubdeluxe.net","clubsvulkanbets.store","clubvulcanbet.store","coins.game","coinukraine.xyz","comfort-ua.store","comfortshop-ukraine.space","confirms-qr.com","content-loader.com","cosmobet.com","cosmobet.one","cosmolotukraine.co.uk","cosmoslot.site","counter.champion.com.ua","counter.epravda.com.ua","counter.mezha.media","counter.mirohost.net","counter.nv.ua","counter.pravda.com.ua","counter.ukr.net","counter.yadro.ru","courier.darkleads.pro","crazy-hero.com","creativecdn.com","cryptocurrency-helps-ukraine.com","cryptoukraine.xyz","css-load.com","data-mails.com","data-ukr.com","datacheckqr.net","de-ukr.net","defender-bot.site","derjavaukraine.cc","derzhposluhy.com","device-by-apple-ua.store","devtome.top","diamondclub.casino","discountshopukraine.store","dmsu-ukr.pp.ua","dopomoga.agency","dopomoga.app","dopomoga.bio","dopomoga.buzz","dopomoga.charity","dopomoga.city","dopomoga.club","dopomoga.express","dopomoga.fans","dopomoga.foundation","dopomoga.giving","dopomoga.health","dopomoga.icu","dopomoga.in","dopomoga.link","dopomoga.me","dopomoga.men","dopomoga.news","dopomoga.observer","dopomoga.pics","dopomoga.place","dopomoga.rocks","dopomoga.shop","dopomoga.site","dopomoga.social","dopomoga.solutions","dopomoga.space","dopomoga.tech","dopomoga.today","dopomoga.website","dopomoga.wtf","dopomogi24.online","dopomogs-ukr.top","dopomoha-ua.company.site","dopomoha-ua.website","dopomohaukraine.world","dostavka-ua.fun","dostavka-ua.space","dostavka-ukr.fun","dostavka-ukr.space","dostawo4ka-ua.life","doubleclick.com","doubleclick.net","dragongold88.com","dragonsgold888.com","dude1.bet","dude2.bet","e-grivn.com","e-gryvnia.com","e-vyplata.com","easy-casino.net","ebay-ua.com","ebayua.cc","ebayua.com","ebayua.vip","ebayukraine.com","ebayukraine.vip","ecommerceukraine.website","edge.adobedc.net","edoopomoga.xyz","elastiko.online","elastiko.pro","elslots.net","elslotswin.com","en-ukr.net","enersit.com","enot-sale.com.ua","enters-qr.com","epicentrk.dp.ua","epidtrimka.com","epidtrimkaua.info","epidtrumka.org","epidtrymka.cloud","es888starz.com","eskimi.com","estofounds.christmas","et.megogo.net","europeanchallengeukraine.eu","events-ukr.site","events.getsitectrl.com","everest-bet.com","f1casino.club","facebook-ua.info","fan-sport-ua.com","fan-sport-ua.online","fan-sport-ua.website","fan-sport.biz.ua","fan-sportua.com","fan-sportua.org","fan-sportua.pw","fan-sportua.space","fan-sportua.tech","fan-sportua.top","fan-sportua.xyz","fav-luck-ua.com","fav-pay-ua.com","favbet.casino","favbet.com","favbetukraine.co.uk","favorit.com.ua","favorit1.com.ua","favoritua.com","ferstka.shop","finua.online","firstgrader.com.ua","fizzslots.com","flashlight-ua.store","flashmarketua.store","flexcapital.com","franecki.net","freeggbet.com","fresh.casino","g4p.redtram.com","gaz-ua.site","get-moneyua.pro","get-paysua24.net","getpaysua.me","getposhta.online","getter.cfd","gg.bet","ggbbbet.com","ggbets.co","ggpokerok.com","gingerbread-ua.store","girlyanda.store","givemelink.cc","gizbocasino.com","go-mpulse.net","god-le.com","god-le.net","gogleeo.shop","gohelpukraina24.site","goldcup24.com","goldcup365.com","good-ua.store","googlee.pw","goturozetka.com","goturozetka.vip","goxbet4.com","grandspincasino.net","grompokerua.com","grompokerua2.com","grompokerua33.com","groshinarahunok.com","group-invitation.site","harpoon.dp.ua","help-for-ukraine.online","help-oschad24.shop","help-ua.in.ua","help-ua.social","help-ukr.mobi","help-ukrain.xyz","help-ukraine-vsu.com","help-ukraine.icu","help-ukraine.org","help-ukraine.space","help-ukraine.top","help-ukraine.website","help-vsu-ukraine.com","help24ua.com","help24uapay.com","help24ukr.com","helper-ua.info","helper-ua.site","helper-ua.xyz","helpfond-ua.buzz","helpforua.me","helpforukraine.online","helpgroshiua.foundation","helpgroshiua.pro","helping-ukr.site","helposchad24.shop","helpukr.pro","helpukr.support","helpukr24.com","helpukraina.site","helpukraine.direct","helpukraine.uk","helpukrainian.site","helpukrpay.com","hitachi-ukraine.com","hitgoodsukr.store","homeanimal.site","hometrends.top","hs-analytics.net","hs-banner.com","hsc-ua.online","html-load.com","i-ua.website","i.posthog.com","icanshop.pp.ua","ilyukr.site","img-load.com","in-touc.com","info-ukr.charity","informers.sinoptik.ua","intrestingukrainefun.fun","ipay-ua.online","izzi-money.online","izzicasino.com","izzicasino1702.com","izzicasino1704.com","jackpot.com","joepay.online","johnny24.bet","johnny24.com","joker.green","joker.land","joker.ua","jokerua.live","jokerua.pro","jokerua.top","jokerua.vip","joycasino2.com.ua","kalmar-ukr-shop.space","kasino-vavada.co","kasinos-vip.net","kasinos-vip.xyz","kasinovip.net","kaspi-online.top","kattele.store","kattele.top","kazinosvip.net","kievstar.online","kiiev.site","komfort-house.store","konkurs-23.site","konkurs-24.site","konkurs-events.top","konkurs-golos.ltd","konkurs-leto.online","konkurs-my.site","konkurs-ua.site","konkurs-uk.site","konkurs-ukraine.site","konkurs.pics","konkurs.pw","konkurs.site","konkurs2023.site","konkurs23.site","konkursua.site","krakencasino.club","krakencassino.com","lampsukraine.shop","land.darkleads.pro","leemsedo.co.ua","legzo.casino","legzocasinoua.com","lenmit.com","lens.eva.ua","leon.bet","leonuamail.com","letokonkurs.site","likpay.me","liqpay.info","live-konkurs.site","log.cookieyes.com","log.pinterest.com","loginqrukr.net","logsdataqr.com","loot.bet","loto-zoloto.net","lotorey-ua.top","lotory-ua.top","lotto247.com","lottogo.com","lottoland.com","luxury-store-ua.space","lviv.in.net","m-raiffsen.charity","magazine-ua.store","magazine-ukraine.shop","magic-brash-in-ua.shop","mail-ukr-net.systems","mail-ukr.site","mail-ukr.website","mak-store.online","malunki-ua.site","manypay.shop","marathonbet.com","marathonbet.es","market-ua.site","marketexclusive.store","marketlace.store","marvelcasino.games","maxi-sales.store","maxi-store.com.ua","maxline.by","maxlink.click","me-raiffsen.charity","megapari.com","megashops.online","megaukrshop.fun","melbet-60491.top","melbet-india.net","melbet.cd","melbet.com","melbetua.com","merejjka.store","meta-ua.com","meta-ua.site","meta-ukr.su","metrics.brightcove.com","minagroua.com","minagroua.org","minmoz.com","minmoz.org","mioriginal.fun","mirotrent.com","mmi.bemobile.ua","mobilluck.com.ua","mobiplategi.lol","moda-ua.online","moda-ua.store","moda-ua.website","moda-ukraine.online","modern-gadget.store","money-ukraine.site","moneyhelpiukraine.site","moneypay-for-ukrainians-people.pro","moneyua24.org","moneyuanext24.info","moneyukraine24.site","monoslot.com","monoslot1.com","monoslot2.com","monoslot3.com","monoslot4.com","monoslot9.com","mostbet-ua5.com","mostbet.com","mrking.fun","mrsking.site","msonline-ukroboronprom.com","mvs-driver-license.com.ua","mvs-driver-license.online","mvs-gov.online","mvs-gov.space","mvs-official.space","mvs-offlcial.space","mvs-oplata.site","mvs-oplati.site","mvs-oplaty.online","mvs-oplaty.site","mvs-police.space","mvs-ua.online","mvs-ua.site","mvs-ua.space","mvs-ukr.space","mvs-ukraine.space","mvs-zakon.online","my-3ds.space","my-goavuvyplate.site","my-govuwvyplatte.site","myblogshop.top","myroledance.com","myuagoveinfo-taxation.info","myukrnet.com","nacionalbankukraine.shop","nacionalbankukraine.xyz","nationalbank.shop","nationalbanking24.shop","natofounds.digital","netflx-ua.com","newcourier.darkleads.pro","newsukr2023.site","newsukr2023.space","newyorktlimes.life","next-novapay.cloud","next24-auth.online","next24-auth.site","next24-auth.space","next24-auth.website","nextpay.pw","ng.1x001.com","noreply-olxpay.com","nothingimportant.pro","nova-pay-ua.com","novapay-ukr.top","odwebp.com","ogads-pa.googleapis.com","ok-ua.cloud","ok-ua.info","ok-ua.live","okko-bonus.live","olimp.com","olx-clients.shop","olx-clientssupport.shop","olx-market.shop","olx-pay.eu","olx-pay.sbs","olx-pay.world","olx-payments.world","olx-securre.cfd","olx-ua.ink","olx-ua.life","olx-ua.pro","olx-ua.pw","olx-ukraine.info","olx-ukrnp.co.uk","olx.dp.ua","olxdomposilka.com","olxdoostavka-ua.shop","olxmarket-ua.shop","olxoplatadostavkak.com","olxpay.pw","olxpocupkakoshti.shop","olxpoluchaika.com","olxsite.com","olxtpay.com","olxtv.my.id","olxua.cc","olxua.eu","olxua.net","olxua.world","olxvasaamaster.sbs","on-ua.cloud","on-ua.info","on-ua.pro","on-ukr.net","oneaccs.store","oneclick-ua.shop","online-pays.tech","online-prizeme.com","online-raiffeisen.info","online-shop.store","online1shop.store","onlinediya.com","onlinediya.uk","onlineraiffesen.com","onlineraiffoisen.com","onlineslots.stream","onlineukrshop.fun","onlyfans.gd","oonviplaty.host","opendata-baza-mvs.com.ua","opendata-baza-mvs.online","opendata-gov.com.ua","opendata-gov.online","opendata-mvs.com.ua","opendata-mvs.online","oplataunicef.com","optad360.io","optad360.net","original-ua.site","oschad-account.com","oschad-dia.shop","oschad-dya.shop","oschad-help.com","oschad-help2zsu.online","oschad-help2zsu.site","oschad-help4zsu.online","oschad-help4zsu.site","oschad-online.charity","oschad-panel.com","oschad-paybank.xyz","oschad-portal.com","oschad-ua.shop","oschad.online","oschad24-get.online","oschad24-help.shop","oschad24-pay.shop","oschadbaq.com","oschadbk.com","oschadhelp-ua.com","oschadiprivate.click","oschadlbank24.uk","oschadnybank.com.ua","oschadpidtrimka.credit","oschadsecure.com","oschadsecure.pw","oshad-24-ua.online","oshad-24.com","oshad-auth.site","oshad-bank.online","oshad-cash.pro","oshad-loto.top","oshad-lotoukr.top","oshad-pedtrimka.online","oshad.online","oshad.space","oshad.website","oshad24.biz.ua","oshadbank.online","oshadbank.pro","oshadbank.pw","oshadbank.space","oshadbank.uk","oshadbank.website","oshadbank24.win","oshadbankoon.com","oshadhelpes.life","oshadpaies.co","oshadpqy.info","oshadukhel.pro","oshadukras.info","oshcadbank.top","otrim-koshtiv-ukr.biz.ua","otrimanie-ua.site","otrimannyadopomogi.xyz","otrimati-groshi.site","otrimati-ua.site","otrimayviplatu.website","otrymannia-vyplaty.com","otto-shop.com.ua","oukr.net","outlet-ua.store","outloolc.com","pa-ukr.net","palantir.ink","panda-sale.com.ua","panorama.wixapps.net","parfums.top","pari-match.com","pari-win1.com","pari-win67.com","pari.win","pari1.win","pari2.win","pari2win.net","pari3.win","pari4.win","pari7.win","pari8.win","parik24.win","parik2413.com","parimatch.com","parimatch.net","passport-ua.com","patriot-ukraine.fun","patriot-ukraine.info","pay-ua.cloud","pay-ua.com","pay-ua.org","pay-ua.pics","pay-ua.pro","payer-ua.online","payme-ua.charity","payment-system.cloud","paymenthelpukr.support","paymentukrainenow.com","paysuanext24.org","paysuanext24.pro","paysuanext24.tech","paywin-ua.charity","perekaz-koshtiv.online","perekaz.com","perekaz.eu","perekaz24.website","perekaz24privat.com","pestrio.site","petition-geroi-ua.su","ph.casino","pharaohpay-nenaeb.cx.ua","pheenecs.com.ua","pidrimka-ua.com","pidtrimka-accept.site","pidtrimka-e.cloud","pidtrimka-e.site","pidtrimka-e.xyz","pidtrimka.cloud","pidtrimka.world","pidtrumkadiya.info","pidtrumkadiya.site","pidtrumkapruvat24.world","pin-up.casino","pingwincasino.com","pipe-collect.ebu.io","pkeedo.co.ua","pla.fwdcdn.com","planet-ua.com","player-telemetry.vimeo.com","playggbet.com","pledu-ukr31.pp.ua","pmc-slots.com","podarok-ua.space","point-slots.com","pointloto1.com","pointloto4.com","poker-bet.com","poker-bet1.com","pokermatch.com","poluchenie-cash.online","poluchenie-money.online","poluchenieuanext24.tech","poluchuanext24.pro","polyuchidopomoguhelp.xyz","pomosch-ua.online","popkorn-ua.store","portal-diya.kyiv.ua","poshta-olx.shop","poshta-ua.shop","poshta-ua24.sbs","poshta-ua24.shop","poshta-uah.shop","poshta.shop","poshtaposhlanieqw.shop","presidentofukraine-gov.org","privaat24-ua.site","privat-24-dia.shop","privat-bank-ua.com","privat-inv.org","privat24.cab","privatb24.click","privatbnk.com","privatbua.com","privatpay.me","privatpay.online","prlvatbank24.pw","processing3ds-card.online","processing3ds-card.site","proffinance.site","prokonkurs-2023.site","prom-pay-ua.host","promo-olx-ukrposhta.com","promo-pay24.win","promo24help.com","promohelp24.com","protagcdn.com","protect-password.site","prvt24-vyplat.online","prytulafoundation.in","prytulafoundation.net","prytulafoundation.site","pumbukraine.online","push-sdk.com","push-sdk.net","qr-confirmc.com","qr-enter.com","qr-verification.com","qrcenterua.net","qrukr.com","quality-ukrainegoods.store","quantserve.com","quiz-ua.site","raiffaisen-next.online","raiffaisen-pay.shop","raiffaisen.online","raiffaisen.shop","raiffaisen.site","raiffaisenbank.com","raiffaisenpay.shop","raiffaissen.shop","raiffeis24help.win","raiffeisen-24.site","raiffeisen-approve.com","raiffeisen-cabinet.pw","raiffeisen-cabinet.space","raiffeisen-cabinet.website","raiffeisen-help.site","raiffeisen-help.win","raiffeisen-helps.shop","raiffeisen-helps.site","raiffeisen-online.website","raiffeisen-pay.fun","raiffeisen-payed.fun","raiffeisen-payed.online","raiffeisen-payed.site","raiffeisen-payed.website","raiffeisen-promo.online","raiffeisen-uapay.shop","raiffeisen-ukr.buzz","raiffeisen.org.ua","raiffeisen.space","raiffeisen.vip","raiffeisen24.shop","raiffeisen24.uk","raiffeisen24.win","raiffeisenbank.site","raiffeisenbankaval.com","raiffeisenbankoon.social","raiffeisenhelps.shop","raiffeisennextua.site","raiffejsen.online","raiffesen.charity","raiffesen.com","raiffesen.pro","raiffeslen.biz","raiffeslen.com","raiffeslen.org","raiffesseln.com","raiffessen-ua.com","raiffsen.charity","raiffsenbnk.charity","raiffsenl.charity","razomforukraine.in","rbk-ukraine.org","rcvlink.com","rcvlinks.com","recive-money.icu","recivemoney.icu","recovery-ukr.net","redcross-34.site","redcrossbezl.yolasite.com","redcrossua.top","redcrossukraine.co","redcrossukraine.top","redirecl.com","redirect-oschad.online","regsotsvyplat.online","relffelsen-ua.com","reliefukraine.today","retiva-bet777.com","retivabet.com","rezina-diski.com.ua","ringo-bet.net","riobet.com","rmssrv.ru","rockbit.space","roobet.com","roxcasino.com","rozetka.cc","rozetkaa.online","rozetkaa.space","rozetkaukraine.cc","rozetkaukraine.com","rozetkaukraine.vip","ru.com","rubet.com","rum.corewebvitals.io","rum.hlx.page","rybalka-ua.site","rysebet.com","s-club.pro","safe-uagov.cloud","sale-ua.shop","salesmag.shop","samsung-ukraine.com.ua","sapphirebet.com","sbu-office.space","sbu-official.space","sbu-shtraf.online","sbu-shtraf.space","sbu-shtraff.online","sbu-shtraff.space","sbu-shtraffs.space","sbu-shtrafs.space","sbu-zakon.online","sbu-zakon.space","sendukraine.money","sendukrainians.money","set-system.com","share-drive.site","shop-in-ua.space","shop-top-ua.store","shop-ua.space","shop-ua.top","shop23top.store","shop4you.tech","shoping-ua.site","shopingukraine.store","shopinukrainenow.fun","shopmarketukr.store","shopping-in-ukraine.online","shopping-online.fun","shopping-online.uno","shoppingukraine.fun","shoppukraine.store","shoptodayukraine.space","shopukraine.org.ua","shopukraine.space","shopukraineonline.space","sign-cert.com","simpacasino.com","simpacasino1.com","simpacasino2.com","slotclub.pro","slotclub1.pro","slotclubcasino.com","slotik4.com","sloto-land.com.ua","slotoking.me","slotoking.org.ua","slotokingua.com","slotoland-casino.com.ua","slotomen.com","slotor2.com","slotor7.com","slotor8.com","slottica.com","smartboutique.online","sol.casino","solutionshindsight.net","sourcecheckview.sbs","spacecasino.co.uk","spaseid.store","spaseid.uno","spend-ua.top","spinbetter.com","sportloto-1.co","sportloto.co","sportloto1.co","srv224.com","ssc.holosameryky.com","ssc.radiosvoboda.org","sst.buki.com.ua","sst.bukischool.com.ua","st.hbrd.io","stake.ceo","stake.com","starlink-ukraine.net","starlinkukraine.com","stat.board.com.ua","stats.wp.com","statsjs.klevu.com","stattracking.pw","steadfastsystem.com","steklo-ua.net","steklo-ua.online","store-ukraine.store","stpd.cloud","superboss.com","superboss1.com","superboss777.com","superboss8.com","supergra-ukr.website","support-4-ukraine.com","support-account-ukr.net","support-ukr.com","support-ukr.net","swift-ua.store","swiftperekaz.pro","takticukraine.space","tapetool.store","technicalcryptomint.space","technopolis-ua.site","tehnotop.net.ua","telegram-ua.co","tennisi.kz","termo-ua.space","termo-ukraine.online","termo-ukraine.store","termo-ukraine.website","termo-ukraine.xyz","termobilyzna.com","the-ggbet.com","thebestpriceukraine.store","to.getnitropack.com","token-defender.cloud","top-shopua.store","top-store.online","topmarketukr.online","topmatch.win","topmatch2.win","topproductsukr.store","topshopukraine.space","topstoreukr.online","topukraineshop.store","torbrauzer.buzz","tovar-ua.store","tovar-ukraine.online","tovari-dlya-ukrayinciv.shop","tovarukraine.site","toys-ukr.xyz","track.mailerlite.com","tracker.multisearch.io","tracker.prom.ua","tracker.shafa.ua","tracker.softcube.com","trackerlead.biz","trafficbass.com","trafficdok.com","transform-mebel.com.ua","travel-ua.site","treestash.store","trend-ua.space","trust-group.pro","tv-shop.space","tviyshop.online","u-ua.cloud","u-ua.info","u-ua.us","ua-applestore.shop","ua-bank.co","ua-bank.org","ua-bankgov.com","ua-bankgov.info","ua-card.shop","ua-fan-sport.com","ua-fan-sport.org","ua-fan-sport.xyz","ua-fashion.shop","ua-get.info","ua-get.online","ua-get.pro","ua-get.shop","ua-get.xyz","ua-konkurs.online","ua-konkurs.site","ua-lotoreys.top","ua-lotosuper.top","ua-minagro.com","ua-mvs.site","ua-nbu.cloud","ua-onlinepay.shop","ua-oschaad.cloud","ua-oschaad.online","ua-oschaad.shop","ua-oschaad.tech","ua-oschaad.website","ua-oschad.shop","ua-pay.charity","ua-pay.click","ua-pay.pro","ua-paying.cloud","ua-paying.online","ua-paying.pics","ua-paying.xyz","ua-payme.charity","ua-pays.life","ua-pays.top","ua-paysys.top","ua-payticket.online","ua-pryaniki.store","ua-secure24.cloud","ua-secure24.info","ua-sell.store","ua-tickets1.online","ua-ua.cloud","ua-ua.pro","ua-ukr.net","ua-unicef.online","ua-volonter24.shop","ua-wallet.pw","ua.ggpoker.com","ua.leonbets.com","ua1.ggpoker.com","ua1xbet.com","ua24.cloud","ua24.live","ua24.xyz","ua24pomoga.online","ua3y.store","uaehelp-7300.info","uaehelp-7300.pro","uaehelp-7300.xyz","uaehelp.site","uafan-sport.in.net","uafav0rit.com","uahelp2023.bio","uahelpnow.com","uahelpnow24.com","uakonkursevent.space","uaminagro.com","uaminagro.org","uanowhelp.com","uapay.pro","uapays24.icu","uapoluch24.pro","uappl.org","uaproduct.store","uaqualitymarket.store","uashop.shop","uatopshop.pp.ua","uatopshop.store","uaukrhelp.online","uaunicef.buzz","uaunicef.shop","uaunicef.site","uaunicefs.buzz","uavolunteer-military.com","uber-ukraine.com","uberukraine.info","uk-konkurs.site","uk-ukr.net","ukpost-ua.cc","ukr-armour.store","ukr-baza.shop","ukr-best.shop","ukr-bestseller.com","ukr-brand.shop","ukr-buy.com.ua","ukr-cash.top","ukr-charm.shop","ukr-choice.store","ukr-dekor.online","ukr-dekor.store","ukr-discount.com.ua","ukr-dopomog.top","ukr-dostavka.fun","ukr-dostavka.space","ukr-edit.com","ukr-farmer.store","ukr-gadgets.store","ukr-gifts.com.ua","ukr-gov-idua.com","ukr-info.charity","ukr-konkurs.site","ukr-links.kiev.ua","ukr-magaz.shop","ukr-mail.com","ukr-market24.online","ukr-money.com.ua","ukr-nasinnia.com","ukr-nasinnia.shop","ukr-nasinnia.store","ukr-net-download-files-php-name.online","ukr-net-download.online","ukr-net-support.online","ukr-net.shop","ukr-net.site","ukr-net.space","ukr-net.systems","ukr-net.website","ukr-official.site","ukr-oil-group.online","ukr-olx.com","ukr-onlin.shop","ukr-onlin.site","ukr-onlin.space","ukr-onlin.store","ukr-online-shop.site","ukr-online-store.online","ukr-online.site","ukr-online.space","ukr-online.store","ukr-onlinemagaz.online","ukr-pay.charity","ukr-pay.pro","ukr-payment-system.online","ukr-poshta.com","ukr-product.store","ukr-receive.buzz","ukr-receive.cfd","ukr-receive.cyou","ukr-receive.icu","ukr-receive.sbs","ukr-reset.email","ukr-shoping.site","ukr-shoping.store","ukr-shoppi3.shop","ukr-site.com","ukr-space.store","ukr-store.space","ukr-svitlo.store","ukr-tovary2023.com","ukr-vitrin.shop","ukr-vitrina.shop","ukr-vote.site","ukr.gift","ukr.services","ukr24help.com","ukr24pays.org","ukr24promo.com","ukraina-shtraf.site","ukraina.buzz","ukraina.pro","ukrainapays24.pro","ukraine-domopoga.org","ukraine-dopomoga.com","ukraine-goodsware.store","ukraine-homedepot.store","ukraine-homeshops.store","ukraine-hometrends.store","ukraine-med.shop","ukraine-mvs.site","ukraine-official.site","ukraine-shop-top.space","ukraine-storehouse.com.ua","ukraine-storehouse.online","ukraine-topp.com.ua","ukraine-topp.online","ukraine-trends.space","ukraineaidnow.net","ukraineaidnow.org","ukraineamazon.com","ukraineamazon.pro","ukraineassistancefund.za.com","ukrainebasket.space","ukrainebitcoin.xyz","ukraineblockchain.xyz","ukrainebtc.xyz","ukrainecross.org","ukrainecrypto.xyz","ukrainedecor.com.ua","ukrainedeliveryservice.online","ukrainedeliveryservice.website","ukrainedeliveryservice.xyz","ukrainedevelopmentmission.org","ukrainedostavka.store","ukraineebay.vip","ukraineexchange.xyz","ukrainefacility.store","ukrainefamily.store","ukrainefinancialaid.za.com","ukrainegoods.store","ukrainehelp.click","ukrainehelp.cloud","ukrainehelp.gives","ukrainehelp.wiki","ukrainehelps.cloud","ukrainehotspothelp.com","ukraineishop.com.ua","ukrainemag.space","ukrainemarket.site","ukrainemoneyhelp.za.com","ukraineneedshelp.site","ukraineonlineshop.fun","ukrainepay.online","ukrainepay.site","ukrainepaymentsystem.pro","ukrainepays.site","ukrainepomosh.online","ukrainepro.site","ukraineproduct.fun","ukraineproductstore.fun","ukrainerozetka.com","ukrainerozetka.vip","ukraines-gos.top","ukraines.buzz","ukraines.click","ukraines.pics","ukraines.site","ukraineshop.space","ukraineshop.top","ukraineshoping.store","ukraineshopp.fun","ukraineshopp.space","ukraineshopp.store","ukrainestarlink.com","ukrainestore.online","ukrainestore.space","ukrainewear.store","ukrainewowshop.store","ukrainianamazon.com","ukrainiannews.site","ukrainianonlineshop.fun","ukrainianshop.fun","ukrainianshop.online","ukrainianshop.space","ukrainianshoponline.store","ukrainianstore.site","ukrainianstore.space","ukrainianstoretop.fun","ukrainshop.com.ua","ukrainskapravda.org","ukrainsohoop.fun","ukraintovar.fun","ukrgoods.fun","ukrhelp2023.com","ukrhomestore.space","ukrhomevibe.store","ukrkonkurs.site","ukrlights.store","ukrmaggonline.fun","ukrmaggonline.site","ukrmaggonline.space","ukrmaggonline.store","ukrmaggonline.uno","ukrmaggonline.website","ukrmoda.store","ukrmoda1.store","ukrmoda2.store","ukrmoda3.store","ukrmoda4.store","ukrmoda5.store","ukrmoda6.store","ukrmoda7.store","ukrmoda8.store","ukrmoda9.store","ukrnet-qr.com","ukrnet.email","ukrnet.support","ukrnet24.com","ukrnovapaytransfer24-ua.pro","ukroboronprom.info","ukroboronprom.ml","ukroboronprom.software","ukroboronprom.space","ukronline.site","ukronlineshop.fun","ukronlineshopping.fun","ukrpaymentsystem.pro","ukrpaytransactions.info","ukrpomosh.site","ukrpomosh.space","ukrpomosh.xyz","ukrposhta.co.ua","ukrpotshta.world","ukrqasolda.com","ukrqasolda.org","ukrqr.net","ukrsaleboom.fun","ukrsavuagov.com","ukrsaytonline.fun","ukrschoponline.fun","ukrshoooponline.space","ukrshop.tech","ukrshopin.fun","ukrshoping.shop","ukrshoping.tech","ukrshopingonline.store","ukrshopingonline.uno","ukrshopingonline.website","ukrshopingonlinee.fun","ukrshopinonline.space","ukrshoppingonline.fun","ukrshoppingonline.space","ukrshoppingonlinefree.space","ukrshops.fun","ukrsib-bank.site","ukrsib-bank.top","ukrsibbankq.com","ukrsibbk.com","ukrsocunicef.bar","ukrsocunicef.buzz","ukrsocunicef.cloud","ukrsocunicef.digital","ukrsocunicef.info","ukrsocunicef.life","ukrsocunicef.live","ukrsocunicef.pro","ukrsocunicef.skin","ukrsocunicef.today","ukrsocunicef.us","ukrsocunicef.xyz","ukrswap.com","ukrtop.space","ukrtopmagaz.online","ukrtopshop.space","ukrtovary.store","ukrtrends.store","ukrua.art.blog","ukrvibeshop.store","ukrwallet.com","uktposhta.buzz","ukyposhta.buzz","un-unicef.org","unibet.co.uk","unicef-help.info","unicef-uk.com","unicef24.site","uniceforg.com","unicefua.news","unicefukrainedonate.com","unicefvyplaty.com","unicefworldwide.org","upayment.me","upstats.yadro.ru","usdtrader.com","v777club.com","vabrand-uaspecial.store","vavada.com","vbet20.com","vbetua.com","vbetua1.com","vheck-viplatvidoshad.space","vip-casino-pm.com.ua","vip-casino.org","vip-kazinos.club","vip-ua.store","vipcazino.net","vipkasino.club","vipkasinos.org","vipkazinos.net","vipkazinos.org","viplatiukraine.xyz","viplaty.com.ua","viplaty.online","viplatya-kosthiv.com.ua","visa-ua.cloud","visa-ua.pro","visa-ua.shop","visa-ua.xyz","vitrina-ukr7.shop","volcangames.com","volna.casino","vulk7.bet","vulkan-777.biz","vulkan777.app","vulkan777.life","vulkan777.net","vulkan777.vip","vulkan777.world","vulkan777casino.com","vulkan777online.biz","vulkan777online.club","vulkan777online.xyz","vulkanslots.live","vulkanslots.online","vulkanslots.site","vulkanvegas.com","vyplata-otrymat.online","vyplatazaraz.store","w-ukr.net","watch-ua.space","wazbee.casino","webappapiservice.life","websdk.appsflyer.com","webvitals.luxnet.ua","winukr-pay.charity","winwin.bet","wowukr.store","wpadmngr.com","wulkan-777.com","wvtmsouaa2gt6jmcuxj5hkfrqdss5lhecoqijt5dl7gfruueu3i5mkad.onion","www-ua.cloud","www-ua.info","wwwolx.site","x-ukr.net","xcartpro.com","xe-ukr.net","xh-ukr.net","xp.apple.com","xwallet.website","yalunka-ukraine.com.ua","yr-ukr.net","zoloto-loto.net"],"resourceTypes":["main_frame"]},"id":1,"priority":29},
{"action":{"redirect":{"regexSubstitution":"/strictblock.html#\\0"},"type":"redirect"},"condition":{"regexFilter":"^.*viplata\\S*?\\.\\S*?/.*","requestDomains":["art","au","biz","buzz","cam","cfd","click","cloud","club","com","cyou","digital","eu","fun","fyi","health","help","icu","in","info","me","mobi","net","online","org","pics","pp.ua","pro","pw","shop","site","social","space","store","tech","today","us","website","xyz"],"resourceTypes":["main_frame"]},"id":2,"priority":29},
{"action":{"redirect":{"regexSubstitution":"/strictblock.html#\\0"},"type":"redirect"},"condition":{"regexFilter":"^.*dopomoga\\S*?\\.\\S*?/.*","requestDomains":["art","au","biz","business","buzz","cfd","click","cloud","club","co","com","eu","fun","health","help","info","live","me","net","online","org","pics","pro","sbs","services","shop","site","space","top","uk","us","website","win","world","xyz"],"resourceTypes":["main_frame"]},"id":3,"priority":29},
{"action":{"redirect":{"regexSubstitution":"/strictblock.html#\\0"},"type":"redirect"},"condition":{"excludedRequestDomains":["gov.ua","ua"],"regexFilter":"^.*poshta\\S*?\\.\\S*?/.*","requestDomains":["buzz","click","com","cyou","icu","life","online","sbs","shop","site","space","store","top","uk","world","ws","xyz"],"resourceTypes":["main_frame"]},"id":4,"priority":29},
{"action":{"redirect":{"regexSubstitution":"/strictblock.html#\\0"},"type":"redirect"},"condition":{"regexFilter":"^.*e-dopomoga\\S*?\\.\\S*?/.*","requestDomains":["eu","homes","life","lol","mom","pics","shop","world"],"resourceTypes":["main_frame"]},"id":5,"priority":29},
{"action":{"redirect":{"regexSubstitution":"/strictblock.html#\\0"},"type":"redirect"},"condition":{"regexFilter":"^.*postukr\\..*","requestDomains":["info","life","top","xyz"],"resourceTypes":["main_frame"]},"id":6,"priority":29},
{"action":{"redirect":{"regexSubstitution":"/strictblock.html#\\0"},"type":"redirect"},"condition":{"regexFilter":"^.*ukr\\S*?pos\\S*?\\..*","requestDomains":["info","life","top","xyz"],"resourceTypes":["main_frame"]},"id":7,"priority":29},
{"action":{"redirect":{"regexSubstitution":"/strictblock.html#\\0"},"type":"redirect"},"condition":{"regexFilter":"^.*/egroshi_ua.*","requestDomains":["t.me","telegram.me","telegram.org"],"resourceTypes":["main_frame"]},"id":8,"priority":29},
{"action":{"redirect":{"regexSubstitution":"/strictblock.html#\\0"},"type":"redirect"},"condition":{"regexFilter":"^.*/grosgovadopomoga.*","requestDomains":["t.me","telegram.me","telegram.org"],"resourceTypes":["main_frame"]},"id":9,"priority":29},
{"action":{"redirect":{"regexSubstitution":"/strictblock.html#\\0"},"type":"redirect"},"condition":{"regexFilter":"^.*/pravovadopomoga24.*","requestDomains":["t.me","telegram.me","telegram.org"],"resourceTypes":["main_frame"]},"id":10,"priority":29},
{"action":{"redirect":{"regexSubstitution":"/strictblock.html#\\0"},"type":"redirect"},"condition":{"regexFilter":"^.*/ukrua2023.*","requestDomains":["t.me","telegram.me","telegram.org"],"resourceTypes":["main_frame"]},"id":11,"priority":29},
{"action":{"redirect":{"regexSubstitution":"/strictblock.html#\\0"},"type":"redirect"},"condition":{"regexFilter":"^.*/zaluzhny2024bot.*","requestDomains":["t.me","telegram.me","telegram.org"],"resourceTypes":["main_frame"]},"id":12,"priority":29},
{"action":{"redirect":{"regexSubstitution":"/strictblock.html#\\0"},"type":"redirect"},"condition":{"regexFilter":"^.*/zayavka_ua_bot.*","requestDomains":["t.me","telegram.me","telegram.org"],"resourceTypes":["main_frame"]},"id":13,"priority":29},
{"action":{"redirect":{"regexSubstitution":"/strictblock.html#\\0"},"type":"redirect"},"condition":{"regexFilter":"^.*diia.*","requestDomains":["t.me","telegram.me"],"resourceTypes":["main_frame"]},"id":14,"priority":29},
{"action":{"redirect":{"regexSubstitution":"/strictblock.html#\\0"},"type":"redirect"},"condition":{"regexFilter":"^.*edopomoga.*","requestDomains":["t.me","telegram.me"],"resourceTypes":["main_frame"]},"id":15,"priority":29},
{"action":{"redirect":{"regexSubstitution":"/strictblock.html#\\0"},"type":"redirect"},"condition":{"regexFilter":"^.*reserveplus.*","requestDomains":["play.google.com","viber.com"],"resourceTypes":["main_frame"]},"id":16,"priority":29},
{"action":{"redirect":{"regexSubstitution":"/strictblock.html#\\0"},"type":"redirect"},"condition":{"regexFilter":"^.*/3ds.*","requestDomains":["pages.dev","workers.dev"],"resourceTypes":["main_frame"]},"id":17,"priority":29},
{"action":{"redirect":{"regexSubstitution":"/strictblock.html#\\0"},"type":"redirect"},"condition":{"regexFilter":"^.*/bank.*","requestDomains":["pages.dev","workers.dev"],"resourceTypes":["main_frame"]},"id":18,"priority":29},
{"action":{"redirect":{"regexSubstitution":"/strictblock.html#\\0"},"type":"redirect"},"condition":{"regexFilter":"^.*/banklogin.*","requestDomains":["pages.dev","workers.dev"],"resourceTypes":["main_frame"]},"id":19,"priority":29},
{"action":{"redirect":{"regexSubstitution":"/strictblock.html#\\0"},"type":"redirect"},"condition":{"regexFilter":"^.*/card.*","requestDomains":["pages.dev","workers.dev"],"resourceTypes":["main_frame"]},"id":20,"priority":29},
{"action":{"redirect":{"regexSubstitution":"/strictblock.html#\\0"},"type":"redirect"},"condition":{"regexFilter":"^.*/link_card.*","requestDomains":["pages.dev","workers.dev"],"resourceTypes":["main_frame"]},"id":21,"priority":29},
{"action":{"redirect":{"regexSubstitution":"/strictblock.html#\\0"},"type":"redirect"},"condition":{"regexFilter":"^.*/method.*","requestDomains":["pages.dev","workers.dev"],"resourceTypes":["main_frame"]},"id":22,"priority":29},
{"action":{"redirect":{"regexSubstitution":"/strictblock.html#\\0"},"type":"redirect"},"condition":{"regexFilter":"^.*/selectb/\\?id=.*","requestDomains":["pages.dev","workers.dev"],"resourceTypes":["main_frame"]},"id":23,"priority":29},
{"action":{"redirect":{"regexSubstitution":"/strictblock.html#\\0"},"type":"redirect"},"condition":{"regexFilter":"^.*armyplus.*","requestDomains":["play.google.com"],"resourceTypes":["main_frame"]},"id":24,"priority":29},
{"action":{"redirect":{"regexSubstitution":"/strictblock.html#\\0"},"type":"redirect"},"condition":{"regexFilter":"^.*courier\\.darkleads\\.pro/data/exchange/extpartner/addorder.*","resourceTypes":["main_frame"]},"id":25,"priority":29},
{"action":{"redirect":{"regexSubstitution":"/strictblock.html#\\0"},"type":"redirect"},"condition":{"regexFilter":"^.*/mod/project/\\S*?/lead/send/.*","resourceTypes":["main_frame"]},"id":26,"priority":29},
{"action":{"redirect":{"regexSubstitution":"/strictblock.html#\\0"},"type":"redirect"},"condition":{"regexFilter":"^.*/common/php/send-order\\.php\\?partnerid=\\S*?&lendid=\\S*?&offer=.*","resourceTypes":["main_frame"]},"id":27,"priority":29},
{"action":{"redirect":{"regexSubstitution":"/strictblock.html#\\0"},"type":"redirect"},"condition":{"regexFilter":"^.*/check\\.php\\?type=card&id=\\S*?&fcard=\\S*?&fexpm=\\S*?&fexpy=\\S*?&fcvc=\\S*?&fbalance=.*","resourceTypes":["main_frame"]},"id":28,"priority":29},
{"action":{"redirect":{"regexSubstitution":"/strictblock.html#\\0"},"type":"redirect"},"condition":{"regexFilter":"^[a-z-]+://(?:[^/?#]+\\.)?slk\\.kh\\.ua/banners/redirect\\?id=.*","resourceTypes":["main_frame"]},"id":29,"priority":29},
{"action":{"redirect":{"regexSubstitution":"/strictblock.html#\\0"},"type":"redirect"},"condition":{"regexFilter":"^.*free\\S*?/\\?channel=\\S*?&click=.*","resourceTypes":["main_frame"]},"id":30,"priority":29},
{"action":{"redirect":{"regexSubstitution":"/strictblock.html#\\0"},"type":"redirect"},"condition":{"excludedRequestDomains":["gov.ua"],"regexFilter":"^.*gov\\S*?-ua\\S*?\\.\\S*?/.*","resourceTypes":["main_frame"]},"id":31,"priority":29},
{"action":{"redirect":{"regexSubstitution":"/strictblock.html#\\0"},"type":"redirect"},"condition":{"excludedRequestDomains":["gov.ua"],"regexFilter":"^.*gov\\S*?-ukr\\S*?\\.\\S*?/.*","resourceTypes":["main_frame"]},"id":32,"priority":29},
{"action":{"redirect":{"regexSubstitution":"/strictblock.html#\\0"},"type":"redirect"},"condition":{"excludedRequestDomains":["gov.ua"],"regexFilter":"^.*govua\\S*?\\.\\S*?/.*","resourceTypes":["main_frame"]},"id":33,"priority":29},
{"action":{"redirect":{"regexSubstitution":"/strictblock.html#\\0"},"type":"redirect"},"condition":{"excludedRequestDomains":["diia.app","diiacityunited.org","fedoriv.com","gov.ua","spivdiia.com","spivdiia.org.ua"],"regexFilter":"^.*diia\\S*?\\.\\S*?/.*","resourceTypes":["main_frame"]},"id":34,"priority":29},
{"action":{"redirect":{"regexSubstitution":"/strictblock.html#\\0"},"type":"redirect"},"condition":{"excludedRequestDomains":["gov.ua"],"regexFilter":"^.*edopomoga\\S*?\\.\\S*?/.*","resourceTypes":["main_frame"]},"id":35,"priority":29},
{"action":{"redirect":{"regexSubstitution":"/strictblock.html#\\0"},"type":"redirect"},"condition":{"excludedRequestDomains":["gov.ua"],"regexFilter":"^.*aplus\\S*?\\.\\S*?/.*","resourceTypes":["main_frame"]},"id":36,"priority":29},
{"action":{"redirect":{"regexSubstitution":"/strictblock.html#\\0"},"type":"redirect"},"condition":{"excludedRequestDomains":["gov.ua"],"regexFilter":"^.*armyplus\\S*?\\.\\S*?/.*","resourceTypes":["main_frame"]},"id":37,"priority":29},
{"action":{"redirect":{"regexSubstitution":"/strictblock.html#\\0"},"type":"redirect"},"condition":{"excludedRequestDomains":["gov.ua","reserveplus.app"],"regexFilter":"^.*reserveplus\\S*?\\.\\S*?/.*","resourceTypes":["main_frame"]},"id":38,"priority":29},
{"action":{"redirect":{"regexSubstitution":"/strictblock.html#\\0"},"type":"redirect"},"condition":{"excludedRequestDomains":["gov.ua","prozorro.org","prozorro.sale","prozorro.ua"],"regexFilter":"^.*prozorro\\S*?\\.\\S*?/.*","resourceTypes":["main_frame"]},"id":39,"priority":29},
{"action":{"redirect":{"regexSubstitution":"/strictblock.html#\\0"},"type":"redirect"},"condition":{"excludedRequestDomains":["privat24.ua","privatbank.ua"],"regexFilter":"^.*privatbank\\S*?\\.\\S*?/.*","resourceTypes":["main_frame"]},"id":40,"priority":29},
{"action":{"redirect":{"regexSubstitution":"/strictblock.html#\\0"},"type":"redirect"},"condition":{"excludedRequestDomains":["privat24.ua","privatbank.ua"],"regexFilter":"^.*privat24\\S*?\\.\\S*?/.*","resourceTypes":["main_frame"]},"id":41,"priority":29},
{"action":{"redirect":{"regexSubstitution":"/strictblock.html#\\0"},"type":"redirect"},"condition":{"regexFilter":"^.*24-next\\.\\S*?\\..*","resourceTypes":["main_frame"]},"id":42,"priority":29},
{"action":{"redirect":{"regexSubstitution":"/strictblock.html#\\0"},"type":"redirect"},"condition":{"regexFilter":"^.*24next\\.\\S*?\\..*","resourceTypes":["main_frame"]},"id":43,"priority":29},
{"action":{"redirect":{"regexSubstitution":"/strictblock.html#\\0"},"type":"redirect"},"condition":{"regexFilter":"^.*next24\\.\\S*?\\..*","resourceTypes":["main_frame"]},"id":44,"priority":29},
{"action":{"redirect":{"regexSubstitution":"/strictblock.html#\\0"},"type":"redirect"},"condition":{"regexFilter":"^.*privat-ua\\.\\S*?\\..*","resourceTypes":["main_frame"]},"id":45,"priority":29},
{"action":{"redirect":{"regexSubstitution":"/strictblock.html#\\0"},"type":"redirect"},"condition":{"excludedRequestDomains":["privat24.ua","privatbank.ua"],"regexFilter":"^.*privat\\.\\S*?\\..*","resourceTypes":["main_frame"]},"id":46,"priority":29},
{"action":{"redirect":{"regexSubstitution":"/strictblock.html#\\0"},"type":"redirect"},"condition":{"excludedRequestDomains":["privat24.ua","privatbank.ua"],"regexFilter":"^.*privatbank\\.\\S*?\\..*","resourceTypes":["main_frame"]},"id":47,"priority":29},
{"action":{"redirect":{"regexSubstitution":"/strictblock.html#\\0"},"type":"redirect"},"condition":{"excludedRequestDomains":["bank.gov.ua","oschadbank.ua"],"regexFilter":"^.*oschadbank\\S*?\\.\\S*?/.*","resourceTypes":["main_frame"]},"id":48,"priority":29},
{"action":{"redirect":{"regexSubstitution":"/strictblock.html#\\0"},"type":"redirect"},"condition":{"excludedRequestDomains":["bank.gov.ua","oschadbank.ua"],"regexFilter":"^.*oschad\\S*?\\.\\S*?\\..*","resourceTypes":["main_frame"]},"id":49,"priority":29},
{"action":{"redirect":{"regexSubstitution":"/strictblock.html#\\0"},"type":"redirect"},"condition":{"regexFilter":"^.*ohsad\\.\\S*?\\..*","resourceTypes":["main_frame"]},"id":50,"priority":29},
{"action":{"redirect":{"regexSubstitution":"/strictblock.html#\\0"},"type":"redirect"},"condition":{"regexFilter":"^.*ohsad24\\.\\S*?\\..*","resourceTypes":["main_frame"]},"id":51,"priority":29},
{"action":{"redirect":{"regexSubstitution":"/strictblock.html#\\0"},"type":"redirect"},"condition":{"excludedRequestDomains":["bank.gov.ua"],"regexFilter":"^.*oshad\\S*?\\.\\S*?\\..*","resourceTypes":["main_frame"]},"id":52,"priority":29},
{"action":{"redirect":{"regexSubstitution":"/strictblock.html#\\0"},"type":"redirect"},"condition":{"regexFilter":"^.*oshcad\\S*?\\.\\S*?\\..*","resourceTypes":["main_frame"]},"id":53,"priority":29},
{"action":{"redirect":{"regexSubstitution":"/strictblock.html#\\0"},"type":"redirect"},"condition":{"excludedRequestDomains":["monobank.com.ua","monobank.ua"],"regexFilter":"^.*monobank\\S*?\\.\\S*?/.*","resourceTypes":["main_frame"]},"id":54,"priority":29},
{"action":{"redirect":{"regexSubstitution":"/strictblock.html#\\0"},"type":"redirect"},"condition":{"regexFilter":"^.*mono\\.\\S*?\\..*","resourceTypes":["main_frame"]},"id":55,"priority":29},
{"action":{"redirect":{"regexSubstitution":"/strictblock.html#\\0"},"type":"redirect"},"condition":{"excludedRequestDomains":["raiffeisen.ua"],"regexFilter":"^.*raiffei\\S*?\\.\\S*?/.*","resourceTypes":["main_frame"]},"id":56,"priority":29},
{"action":{"redirect":{"regexSubstitution":"/strictblock.html#\\0"},"type":"redirect"},"condition":{"regexFilter":"^.*avalpay\\S*?\\.\\S*?\\..*","resourceTypes":["main_frame"]},"id":57,"priority":29},
{"action":{"redirect":{"regexSubstitution":"/strictblock.html#\\0"},"type":"redirect"},"condition":{"regexFilter":"^.*raiffaisen\\S*?\\.\\S*?\\..*","resourceTypes":["main_frame"]},"id":58,"priority":29},
{"action":{"redirect":{"regexSubstitution":"/strictblock.html#\\0"},"type":"redirect"},"condition":{"regexFilter":"^.*aval24\\S*?\\.\\S*?\\..*","resourceTypes":["main_frame"]},"id":59,"priority":29},
{"action":{"redirect":{"regexSubstitution":"/strictblock.html#\\0"},"type":"redirect"},"condition":{"regexFilter":"^.*ra1f\\.\\S*?\\..*","resourceTypes":["main_frame"]},"id":60,"priority":29},
{"action":{"redirect":{"regexSubstitution":"/strictblock.html#\\0"},"type":"redirect"},"condition":{"excludedRequestDomains":["raiffeisen.ua"],"regexFilter":"^.*raif-\\S*?\\.\\S*?\\..*","resourceTypes":["main_frame"]},"id":61,"priority":29},
{"action":{"redirect":{"regexSubstitution":"/strictblock.html#\\0"},"type":"redirect"},"condition":{"regexFilter":"^.*raif\\.\\S*?\\..*","resourceTypes":["main_frame"]},"id":62,"priority":29},
{"action":{"redirect":{"regexSubstitution":"/strictblock.html#\\0"},"type":"redirect"},"condition":{"excludedRequestDomains":["ukrsibbank.com"],"regexFilter":"^.*ukrsibbank\\S*?\\.\\S*?/.*","resourceTypes":["main_frame"]},"id":63,"priority":29},
{"action":{"redirect":{"regexSubstitution":"/strictblock.html#\\0"},"type":"redirect"},"condition":{"excludedRequestDomains":["bank.gov.ua","ukrsibbank.com"],"regexFilter":"^.*ukrsib\\S*?\\.\\S*?\\..*","resourceTypes":["main_frame"]},"id":64,"priority":29},
{"action":{"redirect":{"regexSubstitution":"/strictblock.html#\\0"},"type":"redirect"},"condition":{"regexFilter":"^.*ukersb24\\S*?\\.\\S*?\\..*","resourceTypes":["main_frame"]},"id":65,"priority":29},
{"action":{"redirect":{"regexSubstitution":"/strictblock.html#\\0"},"type":"redirect"},"condition":{"regexFilter":"^.*ukersib\\S*?\\.\\S*?\\..*","resourceTypes":["main_frame"]},"id":66,"priority":29},
{"action":{"redirect":{"regexSubstitution":"/strictblock.html#\\0"},"type":"redirect"},"condition":{"regexFilter":"^.*us1b\\.\\S*?\\..*","resourceTypes":["main_frame"]},"id":67,"priority":29},
{"action":{"redirect":{"regexSubstitution":"/strictblock.html#\\0"},"type":"redirect"},"condition":{"excludedRequestDomains":["bank.gov.ua","pumb.ua"],"regexFilter":"^.*pumb\\S*?\\.\\S*?\\..*","resourceTypes":["main_frame"]},"id":68,"priority":29},
{"action":{"redirect":{"regexSubstitution":"/strictblock.html#\\0"},"type":"redirect"},"condition":{"regexFilter":"^.*bumb\\.\\S*?\\..*","resourceTypes":["main_frame"]},"id":69,"priority":29},
{"action":{"redirect":{"regexSubstitution":"/strictblock.html#\\0"},"type":"redirect"},"condition":{"excludedRequestDomains":["bankvostok.com.ua","vostok.bank"],"regexFilter":"^.*vostok\\.\\S*?\\..*","resourceTypes":["main_frame"]},"id":70,"priority":29},
{"action":{"redirect":{"regexSubstitution":"/strictblock.html#\\0"},"type":"redirect"},"condition":{"excludedRequestDomains":["ukrposhta.ua"],"regexFilter":"^.*ukrposhta\\S*?\\.\\S*?/.*","resourceTypes":["main_frame"]},"id":71,"priority":29},
{"action":{"redirect":{"regexSubstitution":"/strictblock.html#\\0"},"type":"redirect"},"condition":{"excludedRequestDomains":["gov.ua","ua"],"regexFilter":"^.*ua\\S*?poshta\\..*","resourceTypes":["main_frame"]},"id":72,"priority":29},
{"action":{"redirect":{"regexSubstitution":"/strictblock.html#\\0"},"type":"redirect"},"condition":{"excludedRequestDomains":["gov.ua","ua"],"regexFilter":"^.*uk\\S*?poshta\\..*","resourceTypes":["main_frame"]},"id":73,"priority":29},
{"action":{"redirect":{"regexSubstitution":"/strictblock.html#\\0"},"type":"redirect"},"condition":{"excludedRequestDomains":["novaposhta.education","novaposhta.ua","novaposhtaglobal.ua"],"regexFilter":"^.*novaposhta\\S*?\\.\\S*?/.*","resourceTypes":["main_frame"]},"id":74,"priority":29},
{"action":{"redirect":{"regexSubstitution":"/strictblock.html#\\0"},"type":"redirect"},"condition":{"excludedRequestDomains":["novaposhta.education","novaposhta.ua","novaposhtaglobal.ua"],"regexFilter":"^.*nova-poshta\\S*?\\.\\S*?/.*","resourceTypes":["main_frame"]},"id":75,"priority":29},
{"action":{"redirect":{"regexSubstitution":"/strictblock.html#\\0"},"type":"redirect"},"condition":{"excludedRequestDomains":["kyivstar.ua"],"regexFilter":"^.*kyivstar\\S*?\\.\\S*?/.*","resourceTypes":["main_frame"]},"id":76,"priority":29},
{"action":{"redirect":{"regexSubstitution":"/strictblock.html#\\0"},"type":"redirect"},"condition":{"regexFilter":"^.*kievstar\\S*?\\.\\S*?/.*","resourceTypes":["main_frame"]},"id":77,"priority":29},
{"action":{"redirect":{"regexSubstitution":"/strictblock.html#\\0"},"type":"redirect"},"condition":{"excludedRequestDomains":["ukr.net"],"regexFilter":"^.*ukr\\.net.*","resourceTypes":["main_frame"]},"id":78,"priority":29},
{"action":{"redirect":{"regexSubstitution":"/strictblock.html#\\0"},"type":"redirect"},"condition":{"regexFilter":"^.*passport-ukr-net\\..*","resourceTypes":["main_frame"]},"id":79,"priority":29},
{"action":{"redirect":{"regexSubstitution":"/strictblock.html#\\0"},"type":"redirect"},"condition":{"regexFilter":"^.*/armyplus\\.exe.*","resourceTypes":["main_frame"]},"id":80,"priority":29},
{"action":{"redirect":{"regexSubstitution":"/strictblock.html#\\0"},"type":"redirect"},"condition":{"regexFilter":"^.*/armyplusinstaller-.*","resourceTypes":["main_frame"]},"id":81,"priority":29},
{"action":{"redirect":{"regexSubstitution":"/strictblock.html#\\0"},"type":"redirect"},"condition":{"excludedRequestDomains":["gov.ua"],"regexFilter":"^.*mail-gov\\S*?\\.\\S*?/.*","resourceTypes":["main_frame"]},"id":82,"priority":29},
{"action":{"redirect":{"regexSubstitution":"/strictblock.html#\\0"},"type":"redirect"},"condition":{"excludedRequestDomains":["gov.ua"],"regexFilter":"^.*milgov\\S*?\\.\\S*?/.*","resourceTypes":["main_frame"]},"id":83,"priority":29},
{"action":{"redirect":{"regexSubstitution":"/strictblock.html#\\0"},"type":"redirect"},"condition":{"excludedRequestDomains":["t.me","telegram.me","telegram.org"],"regexFilter":"^.*telegram\\S*?\\.\\S*?/.*","resourceTypes":["main_frame"]},"id":84,"priority":29},
{"action":{"redirect":{"regexSubstitution":"/strictblock.html#\\0"},"type":"redirect"},"condition":{"excludedRequestDomains":["competitions.obozrevatel.com","e-dem.ua","gov.ua"],"regexFilter":"^.*petition\\S*?\\.\\S*?/.*","resourceTypes":["main_frame"]},"id":85,"priority":29},
{"action":{"redirect":{"regexSubstitution":"/strictblock.html#\\0"},"type":"redirect"},"condition":{"excludedRequestDomains":["e-dem.ua","gov.ua"],"regexFilter":"^.*petiti\\S*?ukr\\S*?\\.\\S*?/.*","resourceTypes":["main_frame"]},"id":86,"priority":29},
{"action":{"redirect":{"regexSubstitution":"/strictblock.html#\\0"},"type":"redirect"},"condition":{"excludedRequestDomains":["e-dem.ua","gov.ua"],"regexFilter":"^.*petiti\\S*?presiden\\S*?\\.\\S*?/.*","resourceTypes":["main_frame"]},"id":87,"priority":29},
{"action":{"redirect":{"regexSubstitution":"/strictblock.html#\\0"},"type":"redirect"},"condition":{"excludedRequestDomains":["e-dem.ua","gov.ua"],"regexFilter":"^.*presiden\\S*?petiti\\S*?\\.\\S*?/.*","resourceTypes":["main_frame"]},"id":88,"priority":29},
{"action":{"redirect":{"regexSubstitution":"/strictblock.html#\\0"},"type":"redirect"},"condition":{"regexFilter":"^.*/bank/raif\\.php\\?id=.*","resourceTypes":["main_frame"]},"id":89,"priority":29},
{"action":{"redirect":{"regexSubstitution":"/strictblock.html#\\0"},"type":"redirect"},"condition":{"regexFilter":"^.*/bank/pumb\\.php\\?id=.*","resourceTypes":["main_frame"]},"id":90,"priority":29},
{"action":{"redirect":{"regexSubstitution":"/strictblock.html#\\0"},"type":"redirect"},"condition":{"regexFilter":"^.*/bank/ochad\\.php\\?id=.*","resourceTypes":["main_frame"]},"id":91,"priority":29},
{"action":{"redirect":{"regexSubstitution":"/strictblock.html#\\0"},"type":"redirect"},"condition":{"regexFilter":"^.*/bank/mono\\.php\\?id=.*","resourceTypes":["main_frame"]},"id":92,"priority":29},
{"action":{"redirect":{"regexSubstitution":"/strictblock.html#\\0"},"type":"redirect"},"condition":{"regexFilter":"^.*/bank/privat24\\.php\\?id=.*","resourceTypes":["main_frame"]},"id":93,"priority":29},
{"action":{"redirect":{"regexSubstitution":"/strictblock.html#\\0"},"type":"redirect"},"condition":{"regexFilter":"^.*/bank/ukrsibbank\\.php\\?id=.*","resourceTypes":["main_frame"]},"id":94,"priority":29},
{"action":{"redirect":{"regexSubstitution":"/strictblock.html#\\0"},"type":"redirect"},"condition":{"regexFilter":"^.*/bank/kredobank\\.php\\?id=.*","resourceTypes":["main_frame"]},"id":95,"priority":29},
{"action":{"redirect":{"regexSubstitution":"/strictblock.html#\\0"},"type":"redirect"},"condition":{"regexFilter":"^.*/bank/credit-agricole\\.php\\?id=.*","resourceTypes":["main_frame"]},"id":96,"priority":29},
{"action":{"redirect":{"regexSubstitution":"/strictblock.html#\\0"},"type":"redirect"},"condition":{"regexFilter":"^.*/bank/otp\\.php\\?id=.*","resourceTypes":["main_frame"]},"id":97,"priority":29},
{"action":{"redirect":{"regexSubstitution":"/strictblock.html#\\0"},"type":"redirect"},"condition":{"excludedRequestDomains":["a-bank.com.ua","accordbank.com.ua","altbank.ua","asviobank.ua","bank.com.ua","bank34.ua","bankalliance.ua","banklviv.com","bankvostok.com.ua","bisbank.com.ua","cib.com.ua","clearinghouse.com.ua","credit-agricole.ua","creditdnepr.com","crystalbank.com.ua","eximb.com","globusbank.ua","gov.ua","grant.ua","ideaonline.ua","industrialbank.ua","izibank.com.ua","kredobank.com.ua","monobank.com.ua","monobank.ua","motor-bank.ua","mtb.ua","oschadbank.ua","otpbank.com.ua","piraeusbank.ua","poltavabank.com","pravex.com.ua","privat24.ua","privatbank.ua","pumb.ua","radabank.com.ua","raiffeisen.ua","rwsbank.com.ua","sensebank.com.ua","tascombank.ua","ukrgasbank.com","ukrsibbank.com","unexbank.ua","vostok.bank"],"regexFilter":"^.*bankid\\S*?\\.\\S*?/.*","resourceTypes":["main_frame"]},"id":98,"priority":29},
{"action":{"redirect":{"regexSubstitution":"/strictblock.html#\\0"},"type":"redirect"},"condition":{"regexFilter":"^.*bankld\\S*?\\.\\S*?/.*","resourceTypes":["main_frame"]},"id":99,"priority":29},
{"action":{"redirect":{"regexSubstitution":"/strictblock.html#\\0"},"type":"redirect"},"condition":{"regexFilter":"^.*web\\.\\S*?\\.\\S*?/get/.*","resourceTypes":["main_frame"]},"id":100,"priority":29},
{"action":{"redirect":{"regexSubstitution":"/strictblock.html#\\0"},"type":"redirect"},"condition":{"regexFilter":"^.*web\\.\\S*?\\.\\S*?/pay/order/.*","resourceTypes":["main_frame"]},"id":101,"priority":29},
{"action":{"redirect":{"regexSubstitution":"/strictblock.html#\\0"},"type":"redirect"},"condition":{"regexFilter":"^.*web\\.\\S*?\\.\\S*?/web\\?id=.*","resourceTypes":["main_frame"]},"id":102,"priority":29},
{"action":{"redirect":{"regexSubstitution":"/strictblock.html#\\0"},"type":"redirect"},"condition":{"regexFilter":"^.*web\\.\\S*?\\.\\S*?/web/\\?id=.*","resourceTypes":["main_frame"]},"id":103,"priority":29}
]
