[
{
 "action": {
  "redirect": {
   "regexSubstitution": "/strictblock.html#\\0"
  },
  "type": "redirect"
 },
 "condition": {
  "regexFilter": "^https?://.*",
  "requestDomains": [
   "0.tcp.ngrok.io",
   "05webinvite.com",
   "08202b68-adf4-4b7d-bb06-fcebe54c78b8.filesusr.com",
   "0daydreams.net",
   "0wn.at",
   "0x503.3738.org",
   "1-engineer.ru",
   "1.tattlererun.life",
   "1007.filemail.com",
   "1011.filemail.com",
   "1019.filemail.com",
   "1021.scpanel.org",
   "12.innospark.cloud",
   "122c.mosco.cc",
   "123.ywxww.net",
   "12hours.duckdns.org",
   "12support.top",
   "132.red-81-42-249.staticip.rima-tde.net",
   "14-0-204-188.static.pccw-hkt.com",
   "157-157-22-65.dsl.dynamic.simnet.is",
   "178.248.3.202.ll.sta.mana.pf",
   "179.248.3.202.ll.sta.mana.pf",
   "18e7ef82-5c75-44fe-ae22-4c356c2c9ce0.filesusr.com",
   "193-233-48-64.cprapid.com",
   "1sava.ru",
   "1support.top",
   "1yqv.projectzdocu.co",
   "2.65.207.23.mobile.tre.se",
   "2024.sci-hub.se",
   "230.sub-166-166-188.myvzw.com",
   "24x7support.top",
   "29sbt.ru",
   "2cfc0222.salamanderprocessing.pages.dev",
   "2cfcb734-ec62-4cd9-b61c-03d4762ad765.filesusr.com",
   "2fa-v.site",
   "3003.filemail.com",
   "3006.filemail.com",
   "3007.filemail.com",
   "32e7ca523408.vps.myjino.ru",
   "367524bins7923.b-cdn.net",
   "3e-eu.com",
   "4393eb8c.solaraweb-alj.pages.dev",
   "4partyinkilo5.lol",
   "505farmandseed.com",
   "52575815-38-20200406120634.webstarterz.com",
   "52mj.susuwei.cn",
   "559236.na3.to",
   "58ff574.na3.to",
   "592fshop.com",
   "60aaf9c6.salamanderprocessing.pages.dev",
   "625348.na2.to",
   "6t.czlw.ru",
   "78-20-115-5.access.telenet.be",
   "81-19-23-183.netw.fr",
   "83-87-76-41.cable.dynamic.v4.ziggo.nl",
   "897b1351.b-cdn.net",
   "8ocpf.eiluae-ae.com",
   "8r.czlw.ru",
   "8t.tattlererun.life",
   "99-118-215-24.lightspeed.irvnca.sbcglobal.net",
   "99194034-96-20180108171507.webstarterz.com",
   "9cu.firexaue.com",
   "9mice-viperr.com",
   "9x9o.com",
   "a.czarnuch.online",
   "a.mx.funnelconsultants.com",
   "a.uueui.shop",
   "a11xxx1.oss-cn-hongkong.aliyuncs.com",
   "a12xxx1.oss-cn-hongkong.aliyuncs.com",
   "a15aaa1.oss-cn-hongkong.aliyuncs.com",
   "a16eea1.oss-cn-hongkong.aliyuncs.com",
   "a17rrr1.oss-cn-hongkong.aliyuncs.com",
   "a18qqq1.oss-cn-hongkong.aliyuncs.com",
   "a19ccc1.oss-cn-hongkong.aliyuncs.com",
   "a23uuu1.oss-cn-hongkong.aliyuncs.com",
   "a26bbb1.oss-cn-hongkong.aliyuncs.com",
   "aakrutitexture.in",
   "aashree.in",
   "abandone.ru",
   "abissnet.net",
   "abokav.info",
   "abyssalempress.com",
   "ac-heatingandcooling.com",
   "acc.alphelp.top",
   "acc.bcfd7.top",
   "acc.bcjhelp.top",
   "acc.biyhelp.top",
   "acc.bzghelp.top",
   "acc.cbihelp.top",
   "acc.cjxhelp.top",
   "acc.crjhelp.top",
   "acc.frsk6.top",
   "acc.gzmhelp.top",
   "acc.horipalok.top",
   "acc.jybhelp.top",
   "acc.lwhelp.top",
   "acc.mcohelp.top",
   "acc.mocs2.top",
   "acc.mwuhelp.top",
   "acc.nehhelp.top",
   "acc.nmphelp.top",
   "acc.nsdhelp.top",
   "acc.oqhelp.top",
   "acc.qsehelp.top",
   "acc.tishelp.top",
   "acc.trjsp41.top",
   "acc.tzphelp.top",
   "acc.umehelp.top",
   "acc.vnfhelp.top",
   "acc.vujhelp.top",
   "acc.wpahelp.top",
   "acc.wtshelp.top",
   "access-ssa-gov.es",
   "access.innocreed.com",
   "accessdnsl.com",
   "accesspoint.cc",
   "account.ratoscreenco.com",
   "account.ratoscreensell.com",
   "account.securedmicrosoft365.com",
   "accountability.thefenceanddeckguys.com",
   "ace-project.org",
   "aceyonca.com",
   "achaplus.com",
   "achievements-plates-station-gaming.trycloudflare.com",
   "acms.saleseos.com",
   "acrtyfmjdxpvnha.top",
   "action-required-now.ru",
   "activetools.live",
   "adesso-online.com",
   "adf6.adf6.com",
   "adguard.digital",
   "adityahotel.com",
   "admin.gestroom.it",
   "admin.ratoscreenco.com",
   "admin.ratoscreensell.com",
   "admin.screenvconnects.com",
   "adminisgty7.rest",
   "adminus4.ddns.net",
   "adminxyzhosting.com",
   "adobedownloader.info",
   "advansys.com.ar",
   "advustech.com",
   "aehelp.top",
   "aeropeakpro.com",
   "affinity-accountservices.com",
   "aflacltd.top",
   "agapi.cqjjb.cn",
   "agd-yrr1.top",
   "agent12ai.icu",
   "aghayezayeat.ir",
   "agricultural-brooks-nevertheless-hawk.trycloudflare.com",
   "aguout12.lovestoblog.com",
   "ah-scanning.oss-cn-hongkong.aliyuncs.com",
   "ai-uwd.screensconnectpro.com",
   "aibetatradingview.app",
   "akkuat.com",
   "aldnaube.com",
   "alert.gandizon.com",
   "alert.innocreed.com",
   "alexandreveiculos.com.br",
   "alexisranayllc.com",
   "alien-training.com",
   "alignable.edistrami.com",
   "alive-theorem-comprehensive-pb.trycloudflare.com",
   "alkon.rs",
   "allaeima.com",
   "allaivo.me",
   "allendostmen.com",
   "alliedmso.com",
   "allister.ee",
   "allstarstriping.com",
   "almeida.clientepj.com",
   "alraeyan.top",
   "alt-check-v3.com",
   "altseamx.com",
   "alturastreet.icu",
   "alva-technology.com",
   "amako.xyz",
   "amanwhoneededgrace.com",
   "amoliera.org",
   "amshell.ws",
   "amssh.co",
   "amssh.ws",
   "amuletweb.com",
   "anaba.hopto.org",
   "anapa-zarya.ru",
   "anchor-wallet.com",
   "anchorupdate.com",
   "anchorv2.info",
   "andydoestech.com",
   "angela.spklove.com",
   "angelcheats.cc",
   "ankaglobal.net",
   "annadegismen.com",
   "anse.innocreed.com",
   "anti.linkpc.net",
   "antiapt.kaspersky-labs.com",
   "antomygray.com",
   "anydesk.com.in",
   "api.aipcprotect.com",
   "api.baimless.com",
   "api.co-operativefinance.com",
   "api.ewfiles.net",
   "api.faleze.com",
   "api.hostize.com",
   "apioeaesr.icu",
   "apioeks.icu",
   "apioeses.icu",
   "apioetdr.icu",
   "apioofse.icu",
   "apiversr.icu",
   "apk21-auth.bazhang.com",
   "apolog.innocreed.com",
   "app-storage-one.xyz",
   "app-store.s3.cn-north-1.jdcloud-oss.com",
   "app-updater1.app",
   "app.ratoscreenco.com",
   "app.ratoscreensell.com",
   "app.xpsturs.com",
   "app.xsib.top",
   "appleprocesshub.com",
   "appli-cff.com",
   "applicationdescriptionpdf.com",
   "apps-actions.com",
   "ar-bn.innocreed.com",
   "arch1.usa1news.buzz",
   "archived-hungary-paxil-tubes.trycloudflare.com",
   "arcon.com.pe",
   "ardguisser.com",
   "arkofgreatness.org",
   "armanayegh.com",
   "artacom.com.br",
   "artplantsindia.com",
   "artspacecadcam.pl",
   "arv-dev.innocreed.com",
   "asakoko.cekuj.net",
   "asd.brazenf.ru",
   "asdfzeq12.xyz",
   "asdre-32h.top",
   "aselemek.com",
   "asistani.com.tr",
   "asnako.com",
   "asp.hankeringcrestedwrist.shop",
   "asq.r77vh0.pw",
   "assets.innocreed.com",
   "assicurati-con-linear.online",
   "associathost.com",
   "attach.mail.daum.net",
   "attachment.vnecdn.net",
   "aulist.com",
   "auth.wggod.duckdns.org",
   "authenticatior.com",
   "autodepannage.ch",
   "autodownloadnoti.vercel.app",
   "autodownloadnoticlient.vercel.app",
   "autoiwc.ru",
   "autokucahalas.com",
   "automobile-bk.de",
   "autoparts-online.uk",
   "av.ira-labs.network",
   "avadgray.org",
   "avaloncheats.pro",
   "avastui.duckdns.org",
   "avodaride.top",
   "avpatchpanel.com",
   "awakenly.shop",
   "awcollectors.com",
   "awedinetwork.com",
   "axhelp.top",
   "axile.shop",
   "azmamiraixd.duckdns.org",
   "azmn-pp4.top",
   "b0erwi.ssafileaccess.ru",
   "b5zo.brazenf.ru",
   "b897b98721.b-cdn.net",
   "baak.cendekiaku.com",
   "baasmm.innocreed.com",
   "back1-tbbw32.top",
   "back2-bgtw74.top",
   "backsessions.loglink9.site",
   "backupso.com",
   "badgervolleyball.org",
   "bafybeib7mr5lvi5wqxhix76dero33vgnnxpttsudyrqbj53pllhdbskqwq.ipfs.w3s.link",
   "baijika.com",
   "bajvan.hu",
   "bakedoatmealntramsauceco.cfd",
   "bakery.bloggertasher.ru",
   "ballotlinllc.top",
   "bana.innocreed.com",
   "bangladeshcentralpressclub.com",
   "bankslendingservices.com",
   "banxo-av.app",
   "barefootpilateslb.com",
   "bargainsphere.shop",
   "barrysploitbucket.s3.us-west-2.amazonaws.com",
   "basamm.innocreed.com",
   "basm.innocreed.com",
   "basmm.innocreed.com",
   "basytv6yzefb.top",
   "battlegridx.cfd",
   "bay-boy-mali-carter.trycloudflare.com",
   "bayerngrow.com",
   "bayidestek.org",
   "bb2.cewal.fun",
   "bblissmassage.com",
   "bbssj.run",
   "bc-help.top",
   "bc-help.vip",
   "bc-help.xyz",
   "bc-helper.top",
   "bc-support.icu",
   "bc-support.top",
   "bchelp.top",
   "bdnews25.com",
   "bebir.press",
   "becel.press",
   "bedym.ru",
   "beginning.sparkattraction.com",
   "beksr.press",
   "benshamcentre.co.uk",
   "bernard-criterion-consultant-url.trycloudflare.com",
   "bertaluzorganiccosmetics.com",
   "best.obs.cn-sz1.ctyun.cn",
   "bestieslos.com",
   "beta.buildersdroneview.com",
   "betaaitradingview.app",
   "betblox.casino",
   "betbot.mchbee.cloud",
   "beyondlifeofmine.com",
   "bezpecnost-csob.cz.kjfdraws.com",
   "bf-cm.com",
   "bfjduf2.top",
   "bigfish.lovestoblog.com",
   "billing.shrewsburysocialclub.org",
   "bin.unproxy.st",
   "bintiwaafrika.co.tz",
   "bip32.katuj.fun",
   "bipyv.press",
   "bisaj.run",
   "bistor.shop",
   "bit4.site",
   "bitdefender-download.com",
   "biteblob.com",
   "biwiv.press",
   "bk92auths830.loglink9.site",
   "bkngnet.com",
   "bkngrvff.com",
   "bkngrvffy.com",
   "bkngvrfy.click",
   "bkngvvfer.com",
   "bkrmbigokg.com",
   "blackhattoolz.com",
   "blackjag.s3.eu-north-1.amazonaws.com",
   "blessdayservices.org",
   "bltccin.com",
   "blzqq.press",
   "bmdcompany.com",
   "bmhelp.top",
   "bmidrive.pro",
   "bnhelp.top",
   "bobab.press",
   "bobcroft.me",
   "bobuq.press",
   "boisterous-travesseiro-aff021.netlify.app",
   "bojut.press",
   "bolidaos.gajrokerware.cyou",
   "bongtak.n-e.kr",
   "bonidasrl.com",
   "book-available.com",
   "book-decision-one.click",
   "book.rollingvideogames.com",
   "bookgetlisting.click",
   "booking-caphuman-089096111.com",
   "booking-human-id90024054.com",
   "booking-march-lang-en515.com",
   "booking-march45683.com",
   "booking-recapturemarch-95038239.com",
   "booking-refguestitem-09064111.com",
   "booking-sup-march4154.com",
   "booking-visitorviewdetails-64464043.com",
   "booking.driveawayrentals.com",
   "booking.partlet-id739847.com",
   "bookingmarch-en-lang.com",
   "bookinterpagecen.com",
   "booklistingreserv.com",
   "bookmanageditres.com",
   "bookneg.com",
   "bookstream.click",
   "booktopia.click",
   "booktrail.click",
   "bookviewmain24.com",
   "boomingdeals.shop",
   "booty-act-kijiji-armed.trycloudflare.com",
   "borubon-online.com",
   "bossmart.shop",
   "bot.argus-services.xyz",
   "bot.dstats.org",
   "bot.gribostress.pro",
   "bot.zwntl.cn",
   "bothehedoxiahihi.zapto.org",
   "botnet.ethoneservices.xyz",
   "botnet.exiled.rip",
   "botnet.fkgpt.xyz",
   "botnet.phatdepzai.site",
   "botnet.shadow.onl",
   "botnet1.uapworx1.sbs",
   "botnet9.ddns.net",
   "botnetci31.duckdns.org",
   "botx.tianyadd.top",
   "botz.packetware.cc",
   "boxiesreservguste.com",
   "bpgoffshore.com",
   "braindemics.org",
   "bratusferramentas.grupomoltz.com.br",
   "bravotask.mypi.co",
   "breedom.shop",
   "bretux.com",
   "bridgeroad.maverickpreviews.com",
   "brightworks.cz",
   "brokpolok.shop",
   "brovanti.com",
   "brovanti.com.infosedi.com",
   "bruplong.oss-accelerate.aliyuncs.com",
   "bruta.pl",
   "bryceresortpatrol.com",
   "bt.appokset.com",
   "bufing-portfolio-eventually-quote.trycloudflare.com",
   "bulon.duckdns.org",
   "bundle.kpzip.com",
   "buqoc.icu",
   "buscascolegios.diit.cl",
   "busvalescloud.b-cdn.net",
   "butbot.sytes.net",
   "bv.pe",
   "bvft221.ddns.net",
   "bvu.oss-ap-southeast-6.aliyuncs.com",
   "bw3699.loglink9.site",
   "bw3699.timurocar.org",
   "bw3699log.dgehelp.top",
   "bw36back93.site",
   "bw4927.atchelokipotle.icu",
   "bw4927.chelokipotleam.icu",
   "bw4927.chelokipotleia.icu",
   "bw4927.chelokipotleify.icu",
   "bw4927.chelokipotleism.icu",
   "bw4927.chelokipotleity.icu",
   "bw4927.gochelokipotle.icu",
   "bw4927.sachelokipotle.icu",
   "bw4927.sichelokiple.icu",
   "bwg-kundendaten.com",
   "bxozc.brazenf.ru",
   "byqaj.press",
   "bytes.microstorage.shop",
   "bytevista.cloud",
   "bzsew-4ew.top",
   "c0e5b87c.solaraweb-alj.pages.dev",
   "c2.crucialnetworks.xyz",
   "c3436037.salamanderprocessing.pages.dev",
   "c3poolbat.oss-accelerate.aliyuncs.com",
   "c3poolbat2.oss-ap-northeast-1.aliyuncs.com",
   "c9791c08-f1e4-4402-9510-d04c13c50ea3.selstorage.ru",
   "cabym.press",
   "cachepeak.cfd",
   "cacopha.com",
   "cagom.run",
   "cahasdxca123.com",
   "cajuc.press",
   "calnendy.xyz",
   "calub.run",
   "calypti.b-cdn.net",
   "cambodiatouristservice.com",
   "campingkaymakis.ath.forthnet.gr",
   "campsitegradually.ru",
   "cancel326.top",
   "candid-rabanadas-7ef44f.netlify.app",
   "canv.gandizon.com",
   "caphumaupp.info",
   "capsule4u.com",
   "captcha-cdn.com",
   "captcha.deetux.top",
   "captcha.suna.bet",
   "captcha.xajy.press",
   "captcha123.com",
   "capthumam.com",
   "capturjoint.info",
   "caravella.com.br",
   "carbonrebate-gov.com",
   "cardrive356days.cyou",
   "cariz.shop",
   "carry-lately-hills-systematic.trycloudflare.com",
   "cartyard.shop",
   "carvecomi.fun",
   "caryurinating.click",
   "casalomaminca.com",
   "castellanquette.com",
   "cat-are-here.ru",
   "cat-watches-site.xyz",
   "catalog.sjsailboats.com",
   "catalogs-amounts-functions-chicago.trycloudflare.com",
   "catbaparadisehotel.com.vn",
   "catering.com.pt",
   "cats-are-cute.ru",
   "cats-master.ru",
   "cbot.galaxias.cc",
   "cc9.ne.jp",
   "ccilogistica.com.br",
   "cdaonline.com.ar",
   "cdn-10049480.file.myqcloud.com",
   "cdn-dispatcher-central.oss-ap-northeast-2.aliyuncs.com",
   "cdn-faster-stream1.oss-ap-southeast-1.aliyuncs.com",
   "cdn-html-files.s3.pl-waw.scw.cloud",
   "cdn-mehj-assets.s3.pl-waw.scw.cloud",
   "cdn.file6.goodid.com",
   "cdn.keyauth.click",
   "cdn.ly.9377.com",
   "cdn.tagbox.io",
   "cdn.xiaoduoai.com",
   "cecdubai.me",
   "celebratingseniors.net",
   "center.innocreed.com",
   "centralelatterieti.com",
   "centrejoin.info",
   "certified-doc.com",
   "cf-prod-cap.cfd",
   "cfca.ink",
   "cfs10.blog.daum.net",
   "cfs13.tistory.com",
   "cfs7.blog.daum.net",
   "cfs9.blog.daum.net",
   "cgb.brazrice.ru",
   "cgplk.press",
   "chamberscertifiedbookkeeping.com",
   "chanegruop.com",
   "chanelforminfo.com",
   "channelchief.varindia.com",
   "chantalrae.com",
   "chaparral.es",
   "charmdelights.shop",
   "chat-server.maverickpreviews.com",
   "chat.plooza.ru",
   "check-for-status.cc",
   "check.abye7.icu",
   "check.aguu5.icu",
   "check.alosym.icu",
   "check.apoa3.icu",
   "check.asiu4.icu",
   "check.atuu7.icu",
   "check.axei3.icu",
   "check.aytuna.icu",
   "check.azaler.icu",
   "check.babuc.icu",
   "check.bajys.icu",
   "check.barev.icu",
   "check.baruy.icu",
   "check.becyz.icu",
   "check.bibyn.icu",
   "check.bogig.icu",
   "check.bopuc.icu",
   "check.boruq.icu",
   "check.botuh.icu",
   "check.bufok.icu",
   "check.bugix.icu",
   "check.bugyx.icu",
   "check.bukuu.icu",
   "check.bumac.icu",
   "check.buzaq.icu",
   "check.bybur.icu",
   "check.canez.icu",
   "check.carin.icu",
   "check.casog.icu",
   "check.cepax.icu",
   "check.cicyb.icu",
   "check.cisyn.icu",
   "check.cixop.icu",
   "check.codux.icu",
   "check.cofat.icu",
   "check.cohor.icu",
   "check.colaj.icu",
   "check.comyk.icu",
   "check.cudol.icu",
   "check.cumys.icu",
   "check.cuved.icu",
   "check.cuxor.icu",
   "check.cybaf.icu",
   "check.cyhym.icu",
   "check.cymyv.icu",
   "check.dalut.icu",
   "check.darax.icu",
   "check.dasoc.icu",
   "check.datot.icu",
   "check.dazyc.icu",
   "check.debij.icu",
   "check.debul.icu",
   "check.dehoz.icu",
   "check.didey.icu",
   "check.ditez.icu",
   "check.dobai.icu",
   "check.doguw.icu",
   "check.dolav.icu",
   "check.donau.icu",
   "check.dovoo.icu",
   "check.dubix.icu",
   "check.dycib.icu",
   "check.dymab.icu",
   "check.dymyf.icu",
   "check.dypit.icu",
   "check.eezedu.icu",
   "check.eozusa.icu",
   "check.equcym.icu",
   "check.etau0.icu",
   "check.eucudo.icu",
   "check.fafot.icu",
   "check.fajez.icu",
   "check.faneg.icu",
   "check.farur.icu",
   "check.fasod.icu",
   "check.favop.icu",
   "check.fegag.icu",
   "check.femar.icu",
   "check.fenin.icu",
   "check.fepub.icu",
   "check.fesuy.icu",
   "check.fetoq.icu",
   "check.fibit.icu",
   "check.fidec.icu",
   "check.fihoj.icu",
   "check.firoc.icu",
   "check.fohatua9.icu",
   "check.foquh.icu",
   "check.fyfib.icu",
   "check.fyjig.icu",
   "check.fykut.icu",
   "check.gedub.icu",
   "check.gefeq.icu",
   "check.geguk.icu",
   "check.gekan.icu",
   "check.gibal.icu",
   "check.gicaz.icu",
   "check.gihua.icu",
   "check.gijuz.icu",
   "check.gimyh.icu",
   "check.giriq.icu",
   "check.givus.icu",
   "check.gulov.icu",
   "check.guqev.icu",
   "check.gyqav.icu",
   "check.gytas.icu",
   "check.gytat.icu",
   "check.gywic.icu",
   "check.hacoj.icu",
   "check.havic.icu",
   "check.hegop.icu",
   "check.hehoi.icu",
   "check.helij.icu",
   "check.henuo.icu",
   "check.hequf.icu",
   "check.hexyf.icu",
   "check.higuh.icu",
   "check.higun.icu",
   "check.hixya.icu",
   "check.hoqud.icu",
   "check.hosam.icu",
   "check.hotuv.icu",
   "check.hoxif.icu",
   "check.huhop.icu",
   "check.hulak.icu",
   "check.huquw.icu",
   "check.huwaq.icu",
   "check.hydod.icu",
   "check.hyjaz.icu",
   "check.inea3.icu",
   "check.ioqoda.icu",
   "check.jakoc.icu",
   "check.jebir.icu",
   "check.jehim.icu",
   "check.jemyq.icu",
   "check.jetex.icu",
   "check.jexat.icu",
   "check.jexem.icu",
   "check.jiceo.icu",
   "check.jilex.icu",
   "check.jipaf.icu",
   "check.jipuh.icu",
   "check.jojeg.icu",
   "check.jorah.icu",
   "check.juket.icu",
   "check.juxoi.icu",
   "check.jyheq.icu",
   "check.kabuq.icu",
   "check.kacoz.icu",
   "check.kakib.icu",
   "check.kedep.icu",
   "check.kibof.icu",
   "check.kolac.icu",
   "check.kosif.icu",
   "check.kubab.icu",
   "check.kural.icu",
   "check.kynoc.icu",
   "check.kyrap.icu",
   "check.kywau.icu",
   "check.kyzog.icu",
   "check.lacoa.icu",
   "check.lafae.icu",
   "check.lapib.icu",
   "check.laqyk.icu",
   "check.latan.icu",
   "check.ledax.icu",
   "check.lemaw.icu",
   "check.lemox.icu",
   "check.letoq.icu",
   "check.lezum.icu",
   "check.libij.icu",
   "check.ligaz.icu",
   "check.lijam.icu",
   "check.lipog.icu",
   "check.lixir.icu",
   "check.lomac.icu",
   "check.lukus.icu",
   "check.luzog.icu",
   "check.lysyz.icu",
   "check.mavew.icu",
   "check.maxec.icu",
   "check.mepum.icu",
   "check.mesen.icu",
   "check.mipak.icu",
   "check.miwun.icu",
   "check.momas.icu",
   "check.mopoj.icu",
   "check.mujan.icu",
   "check.mulaq.icu",
   "check.munen.icu",
   "check.munyw.icu",
   "check.mydiw.icu",
   "check.myquk.icu",
   "check.myryh.icu",
   "check.nafih.icu",
   "check.nagec.icu",
   "check.najem.icu",
   "check.napef.icu",
   "check.nawym.icu",
   "check.nejoc.icu",
   "check.nejyd.icu",
   "check.newyf.icu",
   "check.nifom.icu",
   "check.nikys.icu",
   "check.nocun.icu",
   "check.nokuv.icu",
   "check.nuxiy.icu",
   "check.nyrar.icu",
   "check.oegebo.icu",
   "check.ohuxah.icu",
   "check.oibupi.icu",
   "check.opie6.icu",
   "check.ozotuk.icu",
   "check.pafoc.icu",
   "check.pajyg.icu",
   "check.papeb.icu",
   "check.pawol.icu",
   "check.pedyg.icu",
   "check.pejel.icu",
   "check.pekyy.icu",
   "check.peqah.icu",
   "check.pifos.icu",
   "check.pijuk.icu",
   "check.pikip.icu",
   "check.pilod.icu",
   "check.pipyq.icu",
   "check.pivuf.icu",
   "check.pivum.icu",
   "check.pivyt.icu",
   "check.podyz.icu",
   "check.poxuv.icu",
   "check.pufoq.icu",
   "check.qacot.icu",
   "check.qalyj.icu",
   "check.qaxyn.icu",
   "check.qemut.icu",
   "check.qevub.icu",
   "check.qewid.icu",
   "check.qicon.icu",
   "check.qinah.icu",
   "check.qolun.icu",
   "check.qowot.icu",
   "check.qozab.icu",
   "check.qusixoy6.icu",
   "check.qutyd.icu",
   "check.quzis.icu",
   "check.qyver.icu",
   "check.rajuy.icu",
   "check.revuq.icu",
   "check.riced.icu",
   "check.rozox.icu",
   "check.rulix.icu",
   "check.rygog.icu",
   "check.ryqyc.icu",
   "check.ryqyn.icu",
   "check.sabyw.icu",
   "check.sacyd.icu",
   "check.saguf.icu",
   "check.sanyq.icu",
   "check.sesaf.icu",
   "check.sifum.icu",
   "check.sinyx.icu",
   "check.sipit.icu",
   "check.sipyf.icu",
   "check.somyq.icu",
   "check.sorix.icu",
   "check.sosys.icu",
   "check.symad.icu",
   "check.talup.icu",
   "check.taxaq.icu",
   "check.taxiz.icu",
   "check.tefee.icu",
   "check.telavya8.icu",
   "check.telyv.icu",
   "check.tevoh.icu",
   "check.ticyb.icu",
   "check.tidag.icu",
   "check.tisof.icu",
   "check.tivadiu1.icu",
   "check.togez.icu",
   "check.togis.icu",
   "check.tozuj.icu",
   "check.tudim.icu",
   "check.tumyr.icu",
   "check.tunep.icu",
   "check.tuqad.icu",
   "check.tyzof.icu",
   "check.ugarob.icu",
   "check.ugodat.icu",
   "check.uhaa4.icu",
   "check.uzuqed.icu",
   "check.vadom.icu",
   "check.vased.icu",
   "check.vasih.icu",
   "check.vavoj.icu",
   "check.vefim.icu",
   "check.vegyt.icu",
   "check.vevou.icu",
   "check.vexij.icu",
   "check.viqon.icu",
   "check.voded.icu",
   "check.vosyr.icu",
   "check.vuces.icu",
   "check.vumyr.icu",
   "check.vykyv.icu",
   "check.vysub.icu",
   "check.wafag.icu",
   "check.wejyj.icu",
   "check.wetad.icu",
   "check.wewit.icu",
   "check.wewum.icu",
   "check.wigiz.icu",
   "check.wobym.icu",
   "check.wohur.icu",
   "check.wolum.icu",
   "check.wumih.icu",
   "check.wyham.icu",
   "check.wypyq.icu",
   "check.wysaf.icu",
   "check.wyzof.icu",
   "check.xamuy.icu",
   "check.xasad.icu",
   "check.xelan.icu",
   "check.xemyrai6.icu",
   "check.xiwaj.icu",
   "check.xiwuc.icu",
   "check.xofof.icu",
   "check.xojyz.icu",
   "check.xoxig.icu",
   "check.xuceb.icu",
   "check.xufam.icu",
   "check.xujamio2.icu",
   "check.xulap.icu",
   "check.xuxyf.icu",
   "check.xylor.icu",
   "check.yonuga.icu",
   "check.ysozim.icu",
   "check.zahyt.icu",
   "check.zaqob.icu",
   "check.zarew.icu",
   "check.zatij.icu",
   "check.zaxys.icu",
   "check.zeboa.icu",
   "check.zevyg.icu",
   "check.zezar.icu",
   "check.zitit.icu",
   "check.ziwel.icu",
   "check.zixit.icu",
   "check.zoxog.icu",
   "check.zuxod.icu",
   "check.zynyx.icu",
   "check.zywig.icu",
   "checking-server.mosco.cc",
   "checkit-v3.com",
   "checksmart.site",
   "chinaapper.com",
   "chinesegarden.com.tr",
   "chirreeirl.com",
   "chneiu.icu",
   "chronotriggerturkiye.com",
   "chrystal-mysharepoint.com",
   "chuguadventures.co.tz",
   "chvk-redan999.com",
   "ciaoai.cc",
   "cippe.com.cn",
   "cis-dmc.com",
   "ciwid.run",
   "clcktyv3.com",
   "clearsoundclinic.com",
   "clickbit.cc",
   "clicktherein.info",
   "clientv2new.vercel.app",
   "climate-larger-winner-ash.trycloudflare.com",
   "clinicadermalaser.es",
   "cloud.emeraldpinesenterprises.com",
   "cloud.gandizon.com",
   "cloud.innocreed.com",
   "cloud.xhttkl.com",
   "cloudcentstorage.com",
   "cloudcontrol.innocreed.com",
   "clouddarkkkkk.duckdns.org",
   "cloudhost.bond",
   "cloudservicesexecelsmontumda.com",
   "cloudydrive.org",
   "cloudymap.org",
   "cm8qfp4wb000208ic0hpxgols.info",
   "cm9iuupni00010cjy3657dsol.info",
   "cml.lk",
   "cms.bsccinfra.com",
   "cnacauth4687.loginback96.link",
   "cnbcanalysis.com",
   "cnc.rspay.top",
   "cnom.sante.gov.ml",
   "coach.028csc.com",
   "coadymarine.com",
   "coconnexion.com",
   "code-cheats.8u.cz",
   "codeincconnect.com",
   "cogov.press",
   "cokok.run",
   "cold-neon-springfield-asset.trycloudflare.com",
   "collegefordlincoln-gmbh.xyz",
   "combining-better-realized-oven.trycloudflare.com",
   "combo.s3.eu-north-1.amazonaws.com",
   "comegapakistan.com",
   "comingparher.com",
   "complaintguest2.com",
   "computersupportexperts.com",
   "comwebdisk.webprocediweb.com",
   "con.wolonman.com",
   "conecwinlab.com",
   "confectionary.b-cdn.net",
   "confirm-id10.click",
   "conn.masjesu.zip",
   "connect-002.controlhub.es",
   "connect-004.controlhub.es",
   "connect-005.controlhub.es",
   "connect.antiwifi.dev",
   "connect.cloudscontroller.es",
   "connect.connectprotocol.es",
   "connect.innocreed.com",
   "connection.connectprotocol.es",
   "connectscreen.connectprotocol.es",
   "conrolcoun.com",
   "consaltinvestemploymentapply.com",
   "console.innocreed.com",
   "constructionproject.cc",
   "consumer-compare.com",
   "contentmentfairnesspesky.com",
   "continentalgroup.net.in",
   "continueoraweb.com",
   "control.gandizon.com",
   "controller001.controlhub.es",
   "cooptraexon.com",
   "cooptraexxon.com",
   "copilot.edistrami.com",
   "coplidfo.gajrokerring.cyou",
   "corella.ro",
   "corklightlngtrade.com",
   "corresponsaldenoticias.com",
   "corsazone.com",
   "couldmailauth.com",
   "counterstrike2cheats.com",
   "courtyardhealthcare.com",
   "covaticonstructioncorp.shop",
   "covertscript.com",
   "coxyz.press",
   "cpanel.aaoun.com",
   "cpanel.aldanbue.com",
   "cpanel.brazrice.ru",
   "cpanel.diercusn.com",
   "cpanel.ealacrity.ru",
   "cpanel.edistrami.com",
   "cpanel.freein-deed.com",
   "cpanel.gemstonebookkeepingservices.com",
   "cpanel.landoradebalthazar.com",
   "cpanel.paulmaguire.com",
   "cpanel.qualityglobal.wiki",
   "cpanel.ralvinetp.com",
   "cpanel.santechplumbing.com",
   "cpauth0194.loginlink49.link",
   "cpc138130-hatf10-2-0-cust814.9-3.cable.virginm.net",
   "cpcalendars.7ntneg.com",
   "cpcalendars.aaoun.com",
   "cpcalendars.auiesce.ru",
   "cpcalendars.brazenf.ru",
   "cpcalendars.brazrice.ru",
   "cpcalendars.ceiba6.ru",
   "cpcalendars.d81lk.com",
   "cpcalendars.diercusn.com",
   "cpcalendars.ealacrity.ru",
   "cpcalendars.edistrami.com",
   "cpcalendars.landoradebalthazar.com",
   "cpcalendars.mondial-ae.com",
   "cpcalendars.qualityglobal.wiki",
   "cpcalendars.ralvinetp.com",
   "cpcontacts.aaoun.com",
   "cpcontacts.aldanbue.com",
   "cpcontacts.auiesce.ru",
   "cpcontacts.brazrice.ru",
   "cpcontacts.diercusn.com",
   "cpcontacts.ealacrity.ru",
   "cpcontacts.edistrami.com",
   "cpcontacts.fcg093.com",
   "cpcontacts.landoradebalthazar.com",
   "cpcontacts.mondial-ae.com",
   "cpcontacts.qualityglobal.wiki",
   "cpcontacts.ralvinetp.com",
   "cpcontacts.rctelecon.info",
   "cpt-exmple.com",
   "cpte-view.com",
   "cpte-x.click",
   "cpthclks.info",
   "cpthe-srch.click",
   "cpvnxker.xyz",
   "cr.nsohost.com",
   "cracsiu.com",
   "crazywickedaddiction.com",
   "crimefreesoftware.com",
   "crix.ro",
   "crm.rickshawdelivery.com",
   "crsetchic.com",
   "crtjpanel.top",
   "crypomoon.it.com",
   "cryptauth.net",
   "cryptauth.pro",
   "cryptohardware.shop",
   "cryptotoolkit.it.com",
   "cs.go.kg",
   "cs3699log.dlmhelp.top",
   "csec.innocreed.com",
   "csg-app.com",
   "cstor.nn2.ru",
   "ctpzd.press",
   "ctuproar.ydns.eu",
   "cubuj.press",
   "cujob.ru",
   "culaccino.b-cdn.net",
   "curol.run",
   "curux.run",
   "customer.adroitbookkeepingsolutions.com",
   "cutterenergysolutions.info",
   "cuttiecats.ru",
   "cutting-edge.in",
   "cuxer.icu",
   "cv.cbrw.ru",
   "cv.jyla.ru",
   "cvcxv23423sv.com",
   "cvj.wtf",
   "cvrsystem.fr",
   "cxhelp.online",
   "cyleb.run",
   "cylud.ru",
   "cyruh.run",
   "cyrvia.com",
   "cyxix.press",
   "czgazik.one",
   "d.0000o.xyz",
   "d.kpzip.com",
   "d2314eac.solaraweb-alj.pages.dev",
   "d3abe04d-97c7-40f8-bb77-a1b62c2e2764-00-nflfdfq1zsdw.picard.replit.dev",
   "d3cciiowg5l3jx.cloudfront.net",
   "dacemirror.sci-hub.ru",
   "dacemirror.sci-hub.se",
   "dafeq.icu",
   "dailyinspirationuplift.com",
   "dakarsecurity.com",
   "danat-travels.com",
   "dance-holic.com",
   "dancinspirit.com",
   "danfsos.com",
   "dangtienluc.com",
   "daqev.run",
   "daralquwa.com",
   "dariymaster.com",
   "dasdv1.service1921.club",
   "dashboard.nzlifecoaching.com",
   "dashing-cassata-b94dd5.netlify.app",
   "dat-voip-sit-cio.trycloudflare.com",
   "data.kaoyany.top",
   "data.yhydl.com",
   "davaorealproperty.com",
   "daviddarle.fr",
   "dayzcheatcheck.online",
   "dcdh4.shop",
   "dcontrol.innocreed.com",
   "dcrun.co.uk",
   "dcwblida.dz",
   "dd4819auth564.loglink6.site",
   "ddwall.duckdns.org",
   "ded-reas.innocreed.com",
   "def.ball-strike-up.shop",
   "default-web-security.fly.storage.tigris.dev",
   "deft-sherbet-caf052.netlify.app",
   "deliceschezfabi.com",
   "demo.infinitycloud.org",
   "demopark.com.tr",
   "demro.shop",
   "demuq.run",
   "den-ars1.innocreed.com",
   "den-aus2.innocreed.com",
   "deousemet.com",
   "detool5g.beget.tech",
   "dev-ns.innocreed.com",
   "dev.gandizon.com",
   "device.redirec.com",
   "devicehealth.top",
   "deviceprotect.top",
   "devsec.innocreed.com",
   "dezcom.com",
   "dezino.ir",
   "df-sec.innocreed.com",
   "dfq.aldanbue.com",
   "dfsdferxc.com",
   "dgmori.com",
   "digistudy.vn",
   "digital-childrens-junior-cure.trycloudflare.com",
   "dimmergauntlet.ru",
   "din.akurasiibl.com",
   "directdownloadlink.ru",
   "directsomdtinm.ydns.eu",
   "directxapps.shop",
   "discord-download.browsers-bazze.ru",
   "discords.bz",
   "discretion-membrane-import-destiny.trycloudflare.com",
   "disk.accord1key.cn",
   "dist.eda1.ru",
   "divametalart.com",
   "divide-snow-pound-clip.trycloudflare.com",
   "divoc.press",
   "diy-solution-warriors-workflow.trycloudflare.com",
   "dizec.press",
   "djinhops.innocreed.com",
   "djrtt.run",
   "dl.aginjector.com",
   "dl.asis.io",
   "dl.dzqzd.com",
   "dl.natgo.cn",
   "dld.jxwan.com",
   "dmlfq.press",
   "dnccomputers.com",
   "dndmelectrical.co.za",
   "doc-ads.innocreed.com",
   "doc-sharepoint.nbcoiling.com",
   "docs-sec.innocreed.com",
   "docs.gandizon.com",
   "docs.innocreed.com",
   "docs.o-sn.com",
   "docs2025.com.br",
   "documents.cavradocuments.top",
   "documentupdate.short.gy",
   "dolls-pet-bon-shirts.trycloudflare.com",
   "domainservicecontrol.com",
   "doodstream.shop",
   "doslabelectronics.com",
   "doubouganta.fr",
   "doubt-privacy-hits-turkey.trycloudflare.com",
   "doujinshi.in",
   "dow.895628.xyz",
   "dow.andylab.cn",
   "down.54nb.com",
   "down.fwqlt.com",
   "down.pcclear.com",
   "down.qqfarmer.com.cn",
   "down.ruanmei.com",
   "down10d.zol.com.cn",
   "download-adobe.net",
   "download-cleanshot.cfd",
   "download-server.online",
   "download.caihong.com",
   "download.doumaibiji.cn",
   "download.glzip.cn",
   "download.haozip.com",
   "download.kaobeitu.com",
   "download.pdf00.cn",
   "download.shrewsburysocialclub.com",
   "download.skycn.com",
   "download.studymathlive.com",
   "download.suxiazai.com",
   "download.t3k.site",
   "download1825.sfile.mobi",
   "downloadappseguro.online",
   "downloadbanny.b-cdn.net",
   "downloads.onworks.net",
   "downloadthecorrectversion.space",
   "downssaup.top",
   "doxs.innocreed.com",
   "doxxed-you.lol",
   "dr16899.ydns.eu",
   "dreamflux.za.com",
   "dropcheats.pro",
   "dropmefiles.life",
   "dsdiantech.com",
   "dshelp.top",
   "dubyl.press",
   "dugong.ydns.eu",
   "dusttv.com",
   "dvir.de",
   "dweixin.cn",
   "dyfot.dyfot.fun",
   "dyhelp.top",
   "dyky.press",
   "dysoh.press",
   "e4l4.com",
   "eadesdiablo.space",
   "eagerteck.com",
   "eahelp.top",
   "eappease.ru",
   "eatertoken.com",
   "eaznetagencies.co.ke",
   "eb.cfjmfd8.sa.com",
   "ebhelp.top",
   "ec-europa-eu.com",
   "eclectic-twilight-7a616e.netlify.app",
   "ecodronesolutions.com",
   "edgeburst.sbs",
   "edgemindspro.com",
   "edocusign.ru",
   "edpcare.help",
   "educacom.com.br",
   "efacturaloperu.com",
   "eficienciaeningenieria.com.mx",
   "egifts.quest",
   "egiftshop.site",
   "egmn-4ew.top",
   "egoistt.lat",
   "ehhelp.top",
   "eihelp.top",
   "elaajsupport.com",
   "electrum-dogecoin.com",
   "electrum-xrp.org",
   "electrum.org.ph",
   "electrummonero.com",
   "electrumxrp.org",
   "elefantenfutter.de",
   "elegant-starburst-d473a1.netlify.app",
   "elektrablasi.it",
   "elisans.novayonetim.com",
   "elomaio.com",
   "emitirnf.pt-app.link",
   "empizolo.rest",
   "employees.medicalcenterclinic.com",
   "emriateslogistics.com",
   "endurancefloorferqecrace.de",
   "enfamxb.com",
   "enigma2.shoters.cc",
   "enota.clientepj.com",
   "enriquehurtadomuebles.com.bo",
   "enterscreens.com",
   "enviojs06.kozow.com",
   "enviojs2025.kozow.com",
   "ep-chose-blanket-cheats.trycloudflare.com",
   "epanpano.com",
   "eqhelp.top",
   "equinoxio.sa.com",
   "equss.result.garrettcountygranfondo.org",
   "eqybaskreen.top",
   "erde3-ew5.top",
   "erectilehelp.top",
   "eruditewef.org",
   "escoladynsbras.com",
   "esigndocu.ru",
   "etechnix.com",
   "etheliumcheats.pro",
   "ethupdate.com",
   "etihadtechnology.com.np",
   "etrendtwist.com",
   "etrinitysales.com",
   "ets-cold.duckdns.org",
   "eu-gangbang24.cfd",
   "eucontrol.innocreed.com",
   "euhelp.top",
   "eurobrandsindia.com",
   "evangroup.ru",
   "event-cpd.com",
   "eversioneweb.com",
   "evolve.sx",
   "evphoto-msp.itsm-us1.comodo.com",
   "ewsaustraila.com",
   "exchange.tuckx.com",
   "expay.ru",
   "expiredpanel-1.innocreed.com",
   "exsa-45we.top",
   "extranet-listing.com",
   "ezd5el.jegast.com",
   "ezisystem.com",
   "eztika.com",
   "f.wummi.at",
   "f1071411.xsph.ru",
   "f24-zfcloud.zdn.vn",
   "f3ls.000-0x2autxx-8yhx.cc",
   "fadoj.run",
   "fakenotesandclonedcards.com",
   "fakers.co.jp",
   "falkgerlach.de",
   "fancy-seehorse.netlify.app",
   "farav.press",
   "farmagrupodw.com",
   "farmax.far.br",
   "fastdocumentshared.com",
   "faubourg-70.fr",
   "fcta5a.db.files.1drv.com",
   "fd-sec.innocreed.com",
   "fdsxzxcgghadahdhgadsfdsfhghgcxvyjdsjjthrgbewagddxhg.ngrok.dev",
   "februaryconfr-21563.com",
   "fecif.run",
   "feedback.jjsbootjack.com",
   "fehin.press",
   "fepez.run",
   "fetuchini.store",
   "fhtnt.run",
   "file.blackint3.com",
   "file.edunet.ac",
   "file.elecfans.com",
   "file.weinitest.top",
   "file42shp.com",
   "filename.web.id",
   "files-accl.zohoexternal.com",
   "files-ld.s3.us-east-2.amazonaws.com",
   "files.fnomworldwide.com",
   "files.goldenharvetsltd.com",
   "files.waifu.cat",
   "files.whined.org",
   "finocci.com",
   "first-security-verden.de",
   "firtsaigoing.xyz",
   "fisop.press",
   "fithermaskbist.ydns.eu",
   "fiushion.online",
   "fivel.press",
   "fiwyj.run",
   "fkpr8.top",
   "flechabusretiro.com.ar",
   "floatnightlife.com",
   "flowers.hold-me-finger.xyz",
   "flowersmayer.click",
   "flybirdexpbd.com",
   "flyingmutts.com",
   "flytomap.com",
   "flytoucorporate.com",
   "fmovies123.top",
   "fmt2.dl.dbolical.com",
   "fmt2as.ddns.net",
   "fn-dev.innocreed.com",
   "fn3699.fukratoli.cyou",
   "fn3699.jadonparod.cyou",
   "fn3699.polabarish.cyou",
   "fn3699.totalukor.cyou",
   "fn7134.atchelokipotle.icu",
   "fn7134.chelokipotleia.icu",
   "fn7134.chelokipotleism.icu",
   "fn7134.chelokipotleity.icu",
   "fn7134.chelokipotlely.icu",
   "fn7134.chelokipotlemax.icu",
   "fn7134.gochelokipotle.icu",
   "fn7134.lachelokipotle.icu",
   "fn7134.sachelokipotle.icu",
   "fnafar.netlify.app",
   "fnback9636.site",
   "fodxj.press",
   "folew.press",
   "foqin.press",
   "forms.saurashtrauniversity.edu",
   "forspeed.onlinedown.net",
   "forty-japan-executives-span.trycloudflare.com",
   "forum-ekonomiczne.org",
   "forum.envisionfonddulac.info",
   "fox-news-checker.cc",
   "foxauthority.com",
   "fran2.vpnhome.org",
   "free-games-ua.s3.eu-central-1.amazonaws.com",
   "freegifts.com.tr",
   "freerollpasswords.xyz",
   "freespinspromo.org",
   "fsec.innocreed.com",
   "fter-po5.top",
   "ftp.cc.swin.edu.au",
   "ftp.test.one.v24.org",
   "ftp.ywxww.net",
   "fuckhdmov.top",
   "fukuq.icu",
   "full.gandizon.com",
   "fullstacknir.com",
   "fulltai.top",
   "fundrescuetech.com",
   "furkanitriyatkozmetik.com",
   "furnyso.ro",
   "furoroargub.fly.storage.tigris.dev",
   "fv-dev.innocreed.com",
   "fvia.id.vn",
   "fwefwefeasd.shop",
   "fwwls.press",
   "fy-golf-fraction-bath.trycloudflare.com",
   "fymagazine.com",
   "fypal.run",
   "fyquc.icu",
   "fyrq-4cx.top",
   "fz.tiansys.cn",
   "g-sec.innocreed.com",
   "g099.ddns.net",
   "g3.uueui.shop",
   "gaenterprises.in",
   "gahelp.top",
   "gajrokerby.cyou",
   "gajrokerer.cyou",
   "galabau-life.de",
   "galerisenimutiara.com",
   "game.herabig.com",
   "gamefiledown.com",
   "gamefury.world",
   "gameupdate-endpoint.com",
   "gandatex.com",
   "gargled.com",
   "gateway.funnelconsultants.com",
   "gbhelp.top",
   "gbnace7.top",
   "gc8b8.auiesce.ru",
   "gcxew-33w.top",
   "gdfgdfgdfgweqr.pro",
   "gdfjjkiririririqiiriri.com",
   "gdocudrive.com",
   "gdx.o7lab.me",
   "gebi.dorklifedubbed.shop",
   "gededewe.shop",
   "gelepicon.com",
   "genfio.com",
   "genow.run",
   "gentlemal.com",
   "ger.cervislce.fun",
   "german-tan-exotic-collectibles.trycloudflare.com",
   "gestisciweb.com",
   "getapp.bonnapatit.com",
   "getbae-ai.com",
   "getsveriff.com",
   "getsveriff.xyz",
   "getsybkng.com",
   "gettsveriff.com",
   "getxi.store",
   "gfddx.run",
   "gg1.cewal.fun",
   "gga.gandizon.com",
   "ghmjpanel.top",
   "gian.com.ar",
   "gillilandlandscape.com",
   "ginoz.icu",
   "gj32.online",
   "gjuestidrewiew.com",
   "gknkargo.com",
   "glamandglow.com.sg",
   "glaustralia.com",
   "glavgazik.com",
   "glennmedina.com",
   "glona.net",
   "glsrvc.cloud",
   "gmthelp.top",
   "gnjt8.top",
   "go-cars-cheaprest.cfd",
   "goals4pets.com",
   "gobiotechpestcontrol.com",
   "goclouder.com",
   "gokittler.ru",
   "goldassetsolutions.com",
   "goldbalt.com",
   "gomolatori.cyou",
   "gonte.top",
   "good-box.site",
   "googlleaszxds.nyc3.cdn.digitaloceanspaces.com",
   "gotemburgoxm.duckdns.org",
   "goto.stnts.com",
   "gov-alberta-ccr.com",
   "govcan-rebates.com",
   "govcanbenefits.com",
   "govpak.info",
   "gozog.run",
   "great-jepsen.141-98-10-50.plesk.page",
   "greenfarmsel.ro",
   "greenindustry.pl",
   "greenmountain-no.com",
   "grennoj.duckdns.org",
   "grhhelp.top",
   "growthinsightit.com",
   "grpcchar.ddns.net",
   "grupo-positivo.com",
   "grupoarbolito.cl",
   "grupodulcemar.pe",
   "gthelp.top",
   "gubuj.icu",
   "guestdocfound.com",
   "guestidreviews.com",
   "guestitemsfound.com",
   "guests-reservid.com",
   "guiavestindoabeca.com.br",
   "gujem.press",
   "guket.press",
   "gusex.press",
   "gutom.icu",
   "gwgwgw.autos",
   "gyanitalk.com",
   "gykteam.org",
   "gyner.icu",
   "gypsenma.com",
   "gypuq.ru",
   "gzeed-33w.top",
   "h1.dentistdomestic.shop",
   "h1.jockstrapdisown.today",
   "h1.mockupeastcoast.shop",
   "h1.passionwhenever.shop",
   "h1.postedtipped.top",
   "h1.rectalcrumb.shop",
   "h1.startingshabby.world",
   "h1.suavefrisk.bet",
   "h1.viscosityobserving.shop",
   "h1.wildlifeautograph.shop",
   "h1.yyoiy.shop",
   "h2.yyoiy.shop",
   "h3.yyoiy.shop",
   "h4.amissdeserving.top",
   "h4.ascent-reference.digital",
   "h4.donateddealing.top",
   "h4.fringezipping.bet",
   "h4.groutlandlady.top",
   "h4.hateimplant.top",
   "h4.postcard-upscale.shop",
   "h4.renewed-landline.top",
   "h4.residue-player.world",
   "h4.ribbonsubpar.top",
   "h4.ripcordbuffalo.run",
   "h4.stumblinggalley.top",
   "h4.sublimeravage.shop",
   "h4.tattlererun.life",
   "h4.tykeblot.today",
   "habyg.press",
   "haeum.nfile.net",
   "halfselftda.b-cdn.net",
   "halifax-potato-routine-script.trycloudflare.com",
   "hasalltalent.com",
   "hbgsecurity.com",
   "hbws.cc",
   "hcvhdhf.com",
   "hdgreen.org",
   "hdpw3.top",
   "healthy-deemed-essays-opens.trycloudflare.com",
   "hehelp.top",
   "heirataninitalien.com",
   "help.innocreed.com",
   "helpmysupport.top",
   "hentaikawaiiuwu.com",
   "here-eliminate-judy-zoloft.trycloudflare.com",
   "herophombyre.top",
   "hexiumvisions.pro",
   "hezob.press",
   "hhbs.hhu.edu.cn",
   "hi.uyoya.shop",
   "highspring.247supportsolutions.com",
   "hikig.press",
   "hilarious-trifle-d9182e.netlify.app",
   "himancapt.info",
   "hismajesty.shop",
   "hitiotppppalfkjfk.com",
   "hitman-pro.ru",
   "hkuu.oss-cn-hongkong.aliyuncs.com",
   "hlaowu8.top",
   "hn-sec.innocreed.com",
   "hobir.icu",
   "hobobot.net",
   "hodef.press",
   "holdadmin2024.duckdns.org",
   "holerus.cogajroker.cyou",
   "homebrew-storage.com",
   "honeypie.r-e.kr",
   "horizon.ilisivish.com",
   "horno-rafelet.es",
   "host-195-103-203-106.business.telecomitalia.it",
   "host-95-230-215-65.business.telecomitalia.it",
   "host2.ecombeast.shop",
   "hostingcloud.tech",
   "hotelembuguacu.blob.core.windows.net",
   "hp.noleggiodisciza.com",
   "hr-manger.innocreed.com",
   "hspmj.run",
   "huadongrubbercable.com",
   "huanyu3333.com",
   "hubservices.vip",
   "hugo-clark-stanley-lopez.trycloudflare.com",
   "huliq.run",
   "hunter.innocreed.com",
   "huyew-11.top",
   "huyhoang.ddns.net",
   "huyxingum.mikustore.net",
   "hxptlqrz.store",
   "hybridemails.ae",
   "hylur.icu",
   "hyperxmenu.vercel.app",
   "hyvin.run",
   "hyvur.run",
   "hywod.press",
   "i.yeaio.shop",
   "i0001.clarodrive.com",
   "iamnotarobot.sbs",
   "ibank.allwaysbk.com",
   "iceupload.info",
   "iceupload.top",
   "icoffeecloud.com",
   "idauth.id",
   "iddeng.com",
   "ideaplusjal.in",
   "identity-rapid-vessel-benz.trycloudflare.com",
   "idfccard.com",
   "idguset-reserve.com",
   "igra123.com",
   "ihre-rechnung.online",
   "ik-wolrdwide.com",
   "ikben-henk.site",
   "ikeue-recruit.site",
   "ilawfd9.top",
   "illuminarebusiness.com",
   "illusionloss.space",
   "images.briansmallwood.com",
   "imhelp.top",
   "improving-tribal-occurrence-seat.trycloudflare.com",
   "imtoken8.cc",
   "imvocky.gay.global.prod.fastly.net",
   "in.alrightjawed.bet",
   "in.earflapexact.shop",
   "inboxwizzz.xyz",
   "indialign.com",
   "info.innocreed.com",
   "infotax.pages.dev",
   "ingonherbal.com",
   "inhelp.top",
   "innaflux.com",
   "innocentglobalaccessories.ng",
   "insideedgepr.com",
   "installsh.pages.dev",
   "instantsupport.top",
   "integration-previous-brilliant-true.trycloudflare.com",
   "integration.click",
   "invoice-docs-file.site",
   "invoicesservicesofficessolution.info",
   "invoicesservicesofficessolution.live",
   "ip130.ip-135-125-212.eu",
   "ip133.ip-51-38-106.eu",
   "ip212-227-245-12.pbiaas.com",
   "ip73.ip-51-89-109.eu",
   "ip78.ip-51-195-19.eu",
   "ipjo-koli.xyz",
   "iptvhddechile.com",
   "iran-bitumen.com",
   "ircftp.net",
   "irozysk.ru",
   "isaac00.com",
   "isec.innocreed.com",
   "ishimotors.com",
   "itcomsrv.kz",
   "itemguestsid.com",
   "itemsidguest.com",
   "itradepay.com",
   "itsec.innocreed.com",
   "itssprout.com",
   "iu-pks.screensconnectpro.com",
   "ivadragostinovacounselling.com",
   "ivhelp.top",
   "iwishiamhappy.zapto.org",
   "j48asd.dns.army",
   "jaagnet.com",
   "jackblock.com",
   "jacksgg.com",
   "jackxz1.com",
   "jacob-saudi-proxy-installed.trycloudflare.com",
   "jacrcell.com",
   "jade-associates.com.br",
   "jagmepanel.top",
   "jahez.me",
   "jahoc.icu",
   "jakestrack.com",
   "jamaz.press",
   "japantripninja.com",
   "javascriptplugin.lovestoblog.com",
   "jbstrckng.com",
   "jdhelp.top",
   "jdiazmemory.com",
   "jdsfrw-11.top",
   "jeantetfamily.com",
   "jeionxuqnoonline.xyz",
   "jekin.shop",
   "jerseysus.top",
   "jessespridecharters.com",
   "jeuxviddeo.com",
   "jevun.ru",
   "jfjsjfjooritiqtiqlflfmzm.com",
   "jihelp.top",
   "jimdo-storage.global.ssl.fastly.net",
   "jimmyudp-raw.xyz",
   "jixrq59uzh0fvwem.de",
   "jkshaonv.com",
   "jmhelp.top",
   "jnhelp.top",
   "jobcity.com",
   "jodob.run",
   "jointings.org",
   "jowg87.top",
   "jpkinki.com",
   "jrdevil.innocreed.com",
   "jrqh-hk.com",
   "js.kzlyxu.cn",
   "jsec.gandizon.com",
   "jsfiles-bqq.pages.dev",
   "jskxw.run",
   "jtsec.innocreed.com",
   "juhup.icu",
   "junyk.icu",
   "jusev.press",
   "justodeliveries.com",
   "jxcr-ui1.top",
   "jxhuyhoang.com",
   "jyjev.run",
   "jyothishmathi.in",
   "k-dev.gandizon.com",
   "k2bsc.top",
   "kadabraoffers.com",
   "kahelp.top",
   "kahox.run",
   "karoonpc.com",
   "kasej.icu",
   "kasin22.zapto.org",
   "kaspamirror.icu",
   "kbhelp.top",
   "kelvingee.hys.cz",
   "kemoni.innocreed.com",
   "kenkyo.x24.eu",
   "kenut.press",
   "kepov.run",
   "kernel-alt-v3.com",
   "ketnplc.com",
   "keystonestratgy.com",
   "kfrt3.top",
   "kgaming.ddns.net",
   "khavar.com",
   "ki-man.screensconnectpro.com",
   "ki46-mailscanner.000-0x2autxx-8yhx.cc",
   "kick.com.de",
   "kick.eu.com",
   "kihqk.run",
   "kill.141412.xyz",
   "kimber.lovestoblog.com",
   "kimkom.innocreed.com",
   "kiserman.shop",
   "kittler.ru",
   "kittlez.ru",
   "kjerghjjl43klrejkferhgk.top",
   "klapalevanda.com",
   "klck.site",
   "klickcheker.click",
   "klikshop.buzz",
   "kmmagency.com",
   "kmscreennenene.com",
   "kmyjh.top",
   "knhelp.top",
   "kniznetwork.duckdns.org",
   "kodi1.shoters.cc",
   "kogtp.top",
   "kokopellz.4fan.cz",
   "konceptinterior007.com",
   "konsor.ru",
   "koolex.angrywolf.su",
   "korkmazdekor.com",
   "kp.ferrysurgicallustily.shop",
   "kqwrv.press",
   "kramersmarionnettes.com",
   "krastrikt.sbs",
   "krediteonlinevergleichen.top",
   "kristalzemin.com",
   "kros7.top",
   "krscreenconnect.com",
   "kryzuxyzhosting.com",
   "kuakuawenjian.oss-cn-hangzhou.aliyuncs.com",
   "kujim.run",
   "kuqob.top",
   "kusal.com",
   "kuwait-validity-stranger-partner.trycloudflare.com",
   "kvhelp.top",
   "kvsdf11.top",
   "kwonganhoney.com.au",
   "kwuit-moci-goov-kw.com",
   "kxhelp.top",
   "kxz.netlify.app",
   "kycaj.run",
   "kyfuf.press",
   "kyjej.run",
   "kypa.press",
   "kzsr4t-rr.top",
   "lacukurk.it.com",
   "laetef-87t.top",
   "lakestreetsolar.com",
   "lalaq.press",
   "lammysecurity.com",
   "lamperll.com",
   "landing.survival-kitz.com",
   "lang3666.top",
   "laphelp.top",
   "larisantiara.com",
   "lclouds.info",
   "ldcdn.ldmnq.com",
   "leak-my-tits.linkpc.net",
   "lebron18shoes.icu",
   "lebron18shoes.top",
   "legacyplatformfile.info",
   "legaliti.pro",
   "leindisncieamrocea-1341831283.cos.sa-saopaulo.myqcloud.com",
   "leka25.s3.us-east-1.amazonaws.com",
   "lelah.press",
   "lender-router-exclusively-fraction.trycloudflare.com",
   "leo-pharrna.com",
   "lets-compress.pages.dev",
   "letscompress.com",
   "letscompress.online",
   "levciavia.top",
   "lgsdesign.co.uk",
   "lgtqpo-i2.top",
   "lhhelp.top",
   "liddar.ca",
   "life-captcha.com",
   "lindenappliances.co.za",
   "lindnerelektroanlagen.de",
   "linhua97.top",
   "linkvilleplayers.org",
   "lionmobiles.com",
   "listen.suized.to",
   "lited-mafia.ddns.net",
   "livetrack.in",
   "livhelp.top",
   "lizyf.top",
   "lmaobox.net",
   "lmm.score.symposiumhaiti.com",
   "lmtdb.run",
   "lnhelp.top",
   "lo.seculogo.sa.com",
   "loader-seychelles.lksjudfbgoiusdhfzxqww.cyou",
   "loader.hxsoftwares.com",
   "loader.oxy.st",
   "loadingfreelofhr.net",
   "local-update.com",
   "localbusineess.com.br",
   "login.icvpartners.com",
   "login.microsoftonline.assests.hacsp.com",
   "login.new.test.application.hacsp.com",
   "login.ratoscreensell.com",
   "login.zcqhelp.top",
   "loginmicrosoftonlinedocument.com",
   "loginods.alalzasi.com",
   "lokermy.numaduliton.icu",
   "looplearning.edistrami.com",
   "lopmpanel.top",
   "lorda.hopto.org",
   "losartan.top",
   "lostitemshok.com",
   "lovematchmagic.com",
   "lovpnl2.top",
   "lpdata.dk",
   "lpxzw-76.top",
   "lrewq-99.top",
   "lrpyh.diveristysafety.net",
   "lrs-statementviewer.sbs",
   "ls-xsg.screensconnectpro.com",
   "lsfyf.kimberlykamara.com",
   "lsks.volamngayxua.net",
   "lucknowacrepairservices.com",
   "lucprofessional.grupomoltz.com.br",
   "lumina-film.com",
   "lumiraseo.com",
   "luna.guard.plooza.pro",
   "lupuj.icu",
   "lurup.press",
   "luuk-lifestyle.eu",
   "lvnjyubf.uhimsicloudcop.com",
   "lwhkr.press",
   "lx7v9.top",
   "lygep.ru",
   "lyqej.press",
   "lysez.press",
   "lysys.run",
   "lzhelp.top",
   "m.alphelp.top",
   "m.anphelp.top",
   "m.biyhelp.top",
   "m.bqxhelp.top",
   "m.bxihelp.top",
   "m.bzghelp.top",
   "m.djhelp.top",
   "m.dslhelp.top",
   "m.efhelp.top",
   "m.ewlhelp.top",
   "m.fiqhelp.top",
   "m.fphelp.top",
   "m.fzqhelp.top",
   "m.glihelp.top",
   "m.help3x.top",
   "m.help4c.top",
   "m.helpx4.top",
   "m.hlghelp.top",
   "m.ichelp.top",
   "m.iqhelp.top",
   "m.iunhelp.top",
   "m.jbhelp.top",
   "m.jlhelp.top",
   "m.juhelp.top",
   "m.klhelp.top",
   "m.lahelp.top",
   "m.lowshelp.top",
   "m.lpqhelp.top",
   "m.lrjhelp.top",
   "m.mzihelp.top",
   "m.nexhelp.top",
   "m.niahelp.top",
   "m.nsdhelp.top",
   "m.omhelp.top",
   "m.opnhelp.top",
   "m.ovhelp.top",
   "m.pnbhelp.top",
   "m.pzvhelp.top",
   "m.qdhelp.top",
   "m.qxfhelp.top",
   "m.rwbhelp.top",
   "m.rxhelp.top",
   "m.sbhelp.top",
   "m.schelp.top",
   "m.szhelp.top",
   "m.tvlhelp.top",
   "m.tvwhelp.top",
   "m.uaihelp.top",
   "m.wlphelp.top",
   "m.wpahelp.top",
   "m.xohhelp.top",
   "m.xvbhelp.top",
   "m.yxhelp.top",
   "m27pan.top",
   "mabhelp.top",
   "mabsa13.top",
   "mack-concord.hr",
   "macmediclab.xyz",
   "macrescuehub.cloud",
   "maggiest.com",
   "magnapratama.com",
   "maidforyou1985.com",
   "mail-bigfile.hiworks.biz",
   "mail.000-0x2autxx-8yhx.cc",
   "mail.7ntneg.com",
   "mail.actoneyalt.com",
   "mail.aldanbue.com",
   "mail.argenexti.com",
   "mail.auiesce.ru",
   "mail.batsaikhane.ru",
   "mail.boldmorre.com",
   "mail.ceiba6.ru",
   "mail.cts-nordcis.com",
   "mail.diplomatresrot.com",
   "mail.doc4urreview.pics",
   "mail.dsidnatech.com",
   "mail.ealacrity.ru",
   "mail.eighlereg.com",
   "mail.eiluae-ae.com",
   "mail.ettll1.com",
   "mail.fcg093.com",
   "mail.firexaue.com",
   "mail.gall-thomsons.com",
   "mail.inanditer.com",
   "mail.jegast.com",
   "mail.landoradebalthazar.com",
   "mail.laritchan.com",
   "mail.lenffer-de.com",
   "mail.lucprofessional.com.br",
   "mail.mondial-ae.com",
   "mail.nacyceish.com",
   "mail.oraonweb.com",
   "mail.pacifictaxcounsel.com",
   "mail.projectzdocu.co",
   "mail.qualityglobal.wiki",
   "mail.ralvinetp.com",
   "mail.ratoscreenco.com",
   "mail.ratoscreensell.com",
   "mail.ratrislio.com",
   "mail.safetymarine.cloud",
   "mail.screenconnectwise.com",
   "mail.ssacenter.top",
   "mail.teknomedcines.live",
   "mail.trioneyev.com",
   "mail.viewyourstatementonline.com",
   "main.oooservers.kro.kr",
   "majos.press",
   "make-dd.innocreed.com",
   "malawi-light-pill-bolt.trycloudflare.com",
   "manage.innocreed.com",
   "manojshokeenbjp.in",
   "mark2.great-site.net",
   "mark3.wuaze.com",
   "markets-zip-tasks-dover.trycloudflare.com",
   "masc-006.cloudscontroller.es",
   "masgrave.com",
   "maslemaus.b-cdn.net",
   "masterplusservices.com",
   "matchashop.icu",
   "matenom.com",
   "matur.press",
   "maxdarrah.com",
   "maxiv.press",
   "maxmoney.com",
   "mbhelp.top",
   "mbrt.xyz",
   "mcpperformance.com.br",
   "meals-screenshot-collaboration-theft.trycloudflare.com",
   "mebwg.press",
   "medion-001-site1.ctempurl.com",
   "medises.co.kr",
   "medoloki9.shop",
   "medthermography.com",
   "meet-join.us",
   "megabrountake.click",
   "mehig.run",
   "members.viottoenterprises.com",
   "memetrump.pro",
   "mencsh.duckdns.org",
   "meow.analystic-see.de",
   "mercuirusint.com",
   "mersped.mycpanel.rs",
   "mesip.press",
   "metalomni.space",
   "mfktiaoaolfkfjzjk.com",
   "mfsc-001.controlhub.es",
   "mfsc-002.controlhub.es",
   "mghelp.top",
   "mgrme.space",
   "mi.citationcompany.bet",
   "mi.ricespider.digital",
   "mi.spokesmangraveyard.top",
   "micro-economics.net",
   "micromissingservicx86checksup.com",
   "microsoft-analyse.com",
   "microsoft-auth-network.cc",
   "microsoft.securedmicrosoft365.com",
   "micuh.run",
   "milkor723.duckdns.org",
   "milleniumplazasuites.mx",
   "minak.run",
   "mindsparkdigital.com",
   "mininews.kpzip.com",
   "minutes-amazing-curriculum-maui.trycloudflare.com",
   "mirai666.chickenkiller.com",
   "mirok.click",
   "misljen.net",
   "mitreart.com",
   "mobile-cff.app",
   "mobileautosalon.com",
   "modocs.innocreed.com",
   "mogilux.com.br",
   "mogimall.com",
   "mohamedsisyxyz.com",
   "mokt4.top",
   "molartos.gajrokerist.cyou",
   "molatorier.icu",
   "molatoriline.cyou",
   "molatorisy.icu",
   "mompougaere.elementfx.com",
   "moonlit-biscuit-570554.netlify.app",
   "moonloaderupdate.ru",
   "moqadiski.com",
   "moredoul.ydns.eu",
   "mosssyoak.online",
   "mostere.com",
   "moteev-biznis-man.shop",
   "motocyclenews.top",
   "motorhomecinema.com",
   "movtime76.shop",
   "movtime78.shop",
   "mr26pan.top",
   "mr26panel.top",
   "mr27aupan.top",
   "mrach.innocreed.com",
   "mrdn2.top",
   "mrtqw.shop",
   "ms2.rybos.fun",
   "msec.innocreed.com",
   "msemaji.com",
   "msoftdatastore.z22.web.core.windows.net",
   "mtdf.online",
   "mubub.press",
   "muckdeveloper.com",
   "muhoj.top",
   "mullvadvpn.site",
   "multi-canale.com",
   "muriaspetin.es",
   "music.homesalemedia.com",
   "muzzumilruheel.com",
   "mvcdsw13.top",
   "mvrt.it.com",
   "mw-oiw.screensconnectpro.com",
   "mxews5.top",
   "my-acc-meta-verifyy.vercel.app",
   "my-stealer.kl.com.ua",
   "my.salviatech.com",
   "mychecksecureconnect.cloud",
   "mygar.run",
   "mykittler.ru",
   "mylan.press",
   "myluxurybathrooms2.screenconnect.com",
   "mymin11.oss-cn-hangzhou.aliyuncs.com",
   "myonlineprofitcalc.it.com",
   "mypah.press",
   "myriadsrecessions.space",
   "mysnoi.vercel.app",
   "mysyv.icu",
   "myvcart.com",
   "myvrhost.viottoholdings.com",
   "mywebh.kro.kr",
   "mzrln.run",
   "mzwuzd.screenvconnects.com",
   "n-rhythm-victoria-venture.trycloudflare.com",
   "nackt-bilder.top",
   "nagyg.run",
   "nalandareporter.com",
   "namthaibinh.net",
   "namuvpn.com",
   "nanomoldcoting.com",
   "napgh.press",
   "napiv.press",
   "naqod.press",
   "nasalcloud.com",
   "nashilydi.biz",
   "natbhelp.top",
   "nateleybo.com",
   "nates.press",
   "nationaldefencebackup.xyz",
   "nationaldefensecollege.com",
   "natphelp.top",
   "naturistvenue.digital",
   "navistatux.website",
   "nawatbsc.com",
   "nbdownload.space",
   "nbsec.innocreed.com",
   "nc-sec.innocreed.com",
   "ndxs439.top",
   "ne1.discoverconicalcrouton.shop",
   "neinekghechsdeii.vercel.app",
   "neinekghechss-rpyc.vercel.app",
   "nenrava.life",
   "nenyz.press",
   "neoarchiinc.com",
   "neon.galaxias.cc",
   "neriverfeaitz.com",
   "nerve.untergrund.net",
   "net-killer.cameraddns.net",
   "netflix.ethiotask.com",
   "network-for.ocean-network.cloud",
   "neurovibepro.com",
   "nevada.mandros.us",
   "newcastle-rating-artificial-commissioners.trycloudflare.com",
   "newkey.co.kr",
   "newkittler.ru",
   "newlifejob.click",
   "newprojectz.co",
   "news.innocreed.com",
   "nexacorenet.com",
   "nexofleer.icu",
   "nexoracheat.com",
   "nexuss.international",
   "nfwk8.top",
   "ngege.xyz",
   "niluwel.gajrokeron.cyou",
   "nis.ycare.de",
   "nissan-signature-rs-noise.trycloudflare.com",
   "nj-sec.innocreed.com",
   "nk-sec.innocreed.com",
   "nk.zujer.ru",
   "nkbada.online",
   "nkdnopfdabcj.izipy.com",
   "nlsec.innocreed.com",
   "nnbotnet.duckdns.org",
   "nnmirai.duckdns.org",
   "nnnpanel.top",
   "nodedock.shop",
   "nodestack.sbs",
   "noexploit.net",
   "nohelp.top",
   "noirdim.innocreed.com",
   "noithaticon.vn",
   "nojoppeeanal.xyz",
   "nonopanel.top",
   "nordlpcss.com",
   "norflux.com",
   "norishare.com",
   "northerndd.b-cdn.net",
   "northernvirginiaeyeassociates.com",
   "nospws.innoxiously.com",
   "novapnagaea.com",
   "novow.press",
   "novpanel.top",
   "novrame.com",
   "now-refer-several-tariff.trycloudflare.com",
   "nphelp.top",
   "npknn.run",
   "nq901p.me",
   "ns.talonexcavate.top",
   "ns.thumbsemifinal.top",
   "nshpd.run",
   "ntmmh.run",
   "ntplugnplay.com",
   "nuklearcnc.duckdns.org",
   "numbers-queensland-rec-thumbs.trycloudflare.com",
   "numerlink.online",
   "nuscalepowerunit.com",
   "nuwof.icu",
   "nuxul.icu",
   "nvdcsadmin.org",
   "nvtai.id.vn",
   "nwpihelp.top",
   "nxsw-tq2.top",
   "ny.lshdw.cc",
   "nymclassic.tech",
   "nynoj.icu",
   "nywl7.top",
   "objectstorage.ap-singapore-2.oraclecloud.com",
   "oceandentalcare.com",
   "ockisise.com",
   "ocrcare.help",
   "odertaoa.s3.us-east-1.amazonaws.com",
   "odhelp.top",
   "odpf6.top",
   "officedesk22.netlify.app",
   "ofice365.github.io",
   "ohxykpvx.screensconnectpro.com",
   "oiuecvb-1341436096.cos.ap-hongkong.myqcloud.com",
   "ojang.pe.kr",
   "okhan.net",
   "okhelp.top",
   "old.bullydog.com",
   "old.ivanoviplus.com",
   "olingerphoto.com",
   "olsec.innocreed.com",
   "olympics-inform-batteries-afterwards.trycloudflare.com",
   "omnl-uk.com",
   "onbr-12es.top",
   "onenightlife.com",
   "onfiltre.com.tr",
   "onhelp.top",
   "onlinetanecni.cz",
   "onlinewatchmovegirls.net",
   "onlinveeee.xyz",
   "onlyfans.fans",
   "onlyfans.gift",
   "onlyfans.ngo",
   "onlyfans.pe",
   "onyxaquarius.de",
   "onyxarmorcrypt.de",
   "onyxcipherx.de",
   "onyxclearklock.de",
   "onyxcryptogate.de",
   "onyxcryptorix.de",
   "onyxcyberapex.de",
   "onyxcyberedge.de",
   "onyxcyberhaven.de",
   "onyxcybernetic.de",
   "onyxdefendx.de",
   "onyxencypherion.de",
   "onyxeternisafe.de",
   "onyxfortifypro.de",
   "onyxfortiguard.de",
   "onyxfortitech.de",
   "onyxguardify.de",
   "onyxguardium.de",
   "onyxguardshift.de",
   "onyxguardwave.de",
   "onyxintruder.de",
   "onyxintruderblock.de",
   "onyxironguard.de",
   "onyxironvault.de",
   "onyxleo.de",
   "onyxlockforge.de",
   "onyxmesh.de",
   "onyxnexguard.de",
   "onyxnexshield.de",
   "onyxphantomlock.de",
   "onyxprotectech.de",
   "onyxprotector.de",
   "onyxsafecrypt.de",
   "onyxsafenova.de",
   "onyxsafetrack.de",
   "onyxsafex.de",
   "onyxscorpio.de",
   "onyxsecuregate.de",
   "onyxsecureops.de",
   "onyxsecuvigil.de",
   "onyxsentinelx.de",
   "onyxshieldcore.de",
   "onyxshieldify.de",
   "onyxshieldpro.de",
   "onyxstealthnet.de",
   "onyxsupportx.de",
   "onyxtrustedge.de",
   "onyxtrustmesh.de",
   "onyxvigilantx.de",
   "onyxvirgo.de",
   "onyxwatchdog.de",
   "onyxzerohack.de",
   "ooo.asdfcompany.o-r.kr",
   "op-njs.screensconnectpro.com",
   "openaigrok.com",
   "oplus-ae.com",
   "ora-0-web.com",
   "orhelp.top",
   "orkut.com.au",
   "ormoncion.com",
   "ornosgeno.com",
   "orstathei.com",
   "os.fphelp.top",
   "os.ovhelp.top",
   "osdugalic.edu.rs",
   "osfix.innocreed.com",
   "ottpremium.shoters.cc",
   "ou.qymj.ru",
   "outlook.securedmicrosoft365.com",
   "ovalre.us",
   "overcoatpassably.shop",
   "overview.controlhub.es",
   "ow.lyzyf.ru",
   "oxtt-76r.top",
   "oys0ro.static.otenet.gr",
   "ozhelp.top",
   "p.djhelp.top",
   "p.efhelp.top",
   "p.ichelp.top",
   "p.iqhelp.top",
   "p.jbhelp.top",
   "p.lahelp.top",
   "p.omhelp.top",
   "p.qdhelp.top",
   "p.rwbhelp.top",
   "p.rxhelp.top",
   "p.schelp.top",
   "p.szhelp.top",
   "p.tvwhelp.top",
   "p1616030-mobac01.tokyo.ocn.ne.jp",
   "p1618213-mobac01.tokyo.ocn.ne.jp",
   "p1619224-mobac01.tokyo.ocn.ne.jp",
   "p3.zbjimg.com",
   "p399181-mobac01.osaka.ocn.ne.jp",
   "p402255-mobac01.osaka.ocn.ne.jp",
   "p4man.com.br",
   "p5.zbjimg.com",
   "p538087-mobac01.tokyo.ocn.ne.jp",
   "p538240-mobac01.tokyo.ocn.ne.jp",
   "p6.zbjimg.com",
   "p767122-mobac01.tokyo.ocn.ne.jp",
   "pac.innocreed.com",
   "pagesbolk.com",
   "palharesinformatica.com.br",
   "palid.icu",
   "pamstage.innocreed.com",
   "pandalovechair.com",
   "pangacnc.com",
   "papillo.jecool.net",
   "parallels.ltd",
   "parkerlabs.top",
   "parmisbuilding.com",
   "parner-id-1004991.com",
   "parner-id-104951451.com",
   "parner-id-12345501.com",
   "parner-id-1381834.com",
   "parquedeatracciones.store",
   "parteet-id539847.com",
   "partner-04240124.com",
   "partner-0424014.com",
   "partner-04240144.com",
   "partner-04240154.com",
   "partner-0424214.com",
   "partner-04245154.com",
   "partner-40215.com",
   "partner-40241.com",
   "partner-402415.com",
   "partner-40245.com",
   "partner-40415.com",
   "partner-420140.com",
   "partner-42415.com",
   "partner-424504.com",
   "partner-442104.com",
   "partner-624024.com",
   "partner-id-68567577.com",
   "partner-id128125.com",
   "partner-id345871.com",
   "partner-id3695.com",
   "partner-id3695.world",
   "partner-id42.world",
   "partner-id651315.com",
   "partner-id7192.world",
   "partner-id729.com",
   "partner-id7292.world",
   "partner-id742.world",
   "partner-id755421.com",
   "partner-id891489.com",
   "partner-id897123.com",
   "partner-id985.world",
   "partnerhumcli.world",
   "partnervrft.com",
   "pass-through.fly.storage.tigris.dev",
   "paste.myconan.net",
   "patch.cdn.topgame.kr",
   "patriotrealm.com",
   "pay.aqiu6.com",
   "payment-upgrades-atmospheric-transmission.trycloudflare.com",
   "pchk4.top",
   "pcnoworlater.live",
   "peazonyas.ink",
   "pebeg.icu",
   "pekob.press",
   "penawarhippotherapy.com",
   "pendant-ask-chi-comparable.trycloudflare.com",
   "pendeliveryhl.com",
   "penev.press",
   "pengservices.com",
   "pepjm.press",
   "pepuq.icu",
   "perent4.ganderbrisklyonly.shop",
   "perfectglobalenergy.com",
   "periqi.com",
   "persimmon-turquoise344028.vm-host.com",
   "petrjanicek.savana-hosting.cz",
   "pexab.run",
   "pfatrivandrum.org",
   "pfgbks.top",
   "pgdu6.top",
   "phonenowglass.website",
   "phpmyadmin.artisticglassstudio.com",
   "phpmyadmin.emeraldpineventures.com",
   "pic.wzy1999.wang",
   "picklethaikr.com",
   "pid.fly160.com",
   "pink900g.xyz",
   "pirati.privatedns.org",
   "piratiserver.privatedns.org",
   "pitritero.com",
   "piver.icu",
   "pixelquesters.cfd",
   "pixelrevolt.space",
   "pixelroyal.fun",
   "pjsec.innocreed.com",
   "pkjapanel.top",
   "pkqhelp.top",
   "planachiever.au",
   "planetariumobil.ro",
   "plannerread.edistrami.com",
   "plomberie-energie34.fr",
   "plphelp.top",
   "pluswap.com",
   "pmglw.run",
   "pn3699.fukratoli.cyou",
   "pn3699.jadonparod.cyou",
   "pn3699.jigisekar.cyou",
   "pn3699.kafinora.cyou",
   "pn3699.loglink9.site",
   "pn3699.marnobish.cyou",
   "pn3699.nonapukur.cyou",
   "pn3699.polabarish.cyou",
   "pn3699.timurocar.org",
   "pn3699.totalukor.cyou",
   "pn3699log.gishelp.top",
   "pn5.gapdevoutlycitrus.shop",
   "pn6back63.site",
   "pn8954.atchelokipotle.icu",
   "pn8954.chelokipotleable.icu",
   "pn8954.chelokipotleam.icu",
   "pn8954.chelokipotleia.icu",
   "pn8954.chelokipotleism.icu",
   "pn8954.chelokipotleist.icu",
   "pn8954.chelokipotleity.icu",
   "pn8954.chelokipotlely.icu",
   "pn8954.chelokipotlemax.icu",
   "pn8954.chelokipotlester.icu",
   "pn8954.chelokipotlesy.icu",
   "pn8954.enchelokipotle.icu",
   "pn8954.gochelokipotle.icu",
   "pn8954.sachelokipotle.icu",
   "pn8954.sichelokiple.icu",
   "pnbf-gv.top",
   "pnrt.kotomari-vn.dev",
   "pns.org.pk",
   "pol-1.bravesmods.com",
   "polersx.top",
   "polizei.su",
   "pom.ie",
   "ponek.run",
   "pooper.lc",
   "poormet.com",
   "pop-incl-accountability-pharmacy.trycloudflare.com",
   "porghelp.top",
   "portal.innocreed.com",
   "postindia.site",
   "pothelp.top",
   "powa.co.zw",
   "powerplayzone.rest",
   "ppssl.press",
   "pqhelp.top",
   "pqoqllalll.com",
   "pratarindustries.com",
   "pravaix.top",
   "premium-browsing.fly.storage.tigris.dev",
   "prepare.adroitbookkeeping.com",
   "prghelp.top",
   "prictec-ps.com",
   "prloglink.prsa7.top",
   "prmahelp.top",
   "pro.fivepathways.com",
   "proarte.rs",
   "probuildgroupusa.com",
   "produkinvestasi.com",
   "prof.innocreed.com",
   "profalsam.com",
   "profitboosterhubs.com",
   "programandojuntos.us.tempcloudsite.com",
   "progress.moneymatrixonline.com",
   "projectco.com.au",
   "promo.kimmwhite.com",
   "protectivecoatings.ro",
   "psloglink.psur7.top",
   "pthkpan.top",
   "pthkpanl.top",
   "pub-01aba611382d49fea7503555124f4911.r2.dev",
   "pub-03cd40c0349743f188070b72d8dda2f3.r2.dev",
   "pub-0478b308b8cf46709a73d0eed5afd633.r2.dev",
   "pub-04be1cbcbf0643d2860870064dab1db0.r2.dev",
   "pub-051fe60970874998aa3a0c28f7fc63f2.r2.dev",
   "pub-164d8d82c41c4e1b871bc21802a18154.r2.dev",
   "pub-22786f7e895144f1bd77c000bec970a8.r2.dev",
   "pub-23dcc41748874a8cbb2e6b35984e5bb8.r2.dev",
   "pub-2a9f695356284a2782cb8cbd2e38b24d.r2.dev",
   "pub-2deefe05b2c74849ab7293dce587874e.r2.dev",
   "pub-3a7c22af48ec47c09488c9ff43590e50.r2.dev",
   "pub-41e53dadf2aa4b0db3c9b1bd08a5a3cb.r2.dev",
   "pub-4fea7f56fdc0417b9a5461243cdc4f29.r2.dev",
   "pub-52a9867addd74f149bdde47139ba41ee.r2.dev",
   "pub-54f2a27b2e564a8c99eae42b9f26d3a5.r2.dev",
   "pub-57cdea13b74b490b8a82200f082585c7.r2.dev",
   "pub-5a450b89b559415db88b847913f899d6.r2.dev",
   "pub-60d9db3d11ef48d6a3e456b5115b4286.r2.dev",
   "pub-61d03f8b8f494678a9dcd21affd78a91.r2.dev",
   "pub-6c72ff8278934f2895f21413f6d49880.r2.dev",
   "pub-6f7fb0d0ae0f40fbad68520fce393d92.r2.dev",
   "pub-714f8a1afed44aeda85f29b105fd37db.r2.dev",
   "pub-7981e858ef724809929147635c295c9b.r2.dev",
   "pub-8cc19ee7f6db401b873bdd6baa90c5c2.r2.dev",
   "pub-8dfc53689d2141dd8655689c85a38c6c.r2.dev",
   "pub-92c456788ff540628e0e809709842c78.r2.dev",
   "pub-931f441d0a734d97a766613505900f79.r2.dev",
   "pub-992aa27fc7f7497ebe2f613a4855cdb4.r2.dev",
   "pub-9c2fd486dcf0474a8a72d3d50b097614.r2.dev",
   "pub-9c4ec7f3f95c448b85e464d2b533aac1.r2.dev",
   "pub-a06eb79f0ebe4a6999bcc71a2227d8e3.r2.dev",
   "pub-a082dc8babed449a88929bd68531e737.r2.dev",
   "pub-a31177c3bdf24d78864b4735ec9b5b62.r2.dev",
   "pub-a55f3f2001984c0a9a6e91d6e5fe2225.r2.dev",
   "pub-ab5c823f984646be9fc12e46f36048af.r2.dev",
   "pub-b978efeee5f74796b091da96ca739efb.r2.dev",
   "pub-c7b31ab9decd4a2684fcd9fc90862261.r2.dev",
   "pub-cba497f350194e308a09f98ef358c552.r2.dev",
   "pub-cdd0dd27ae6a4aee9841d397e0496374.r2.dev",
   "pub-cde06bcbe3a3479296fa21daf4bb5af3.r2.dev",
   "pub-ce02802067934e0eb072f69bf6427bf6.r2.dev",
   "pub-d182693237604f7688a069493a1012d9.r2.dev",
   "pub-d40b213d7ac342c8809beac26ae4ec09.r2.dev",
   "pub-d4469a7a24f7423989c5026116ada945.r2.dev",
   "pub-db1152d365804778a82e5f3f74ac36ad.r2.dev",
   "pub-df432b3479b94303a35ff0ab3837a1bc.r2.dev",
   "pub-df9b8adf344d43928bcf03e42ff0c130.r2.dev",
   "pub-e0a18c1fea104317b9a65713e76657d2.r2.dev",
   "pub-e35ecd5581514bc2b0a40dd4160d9665.r2.dev",
   "pub-eb0577ebdf2f494787ca578ba380e3ea.r2.dev",
   "pub-ee582455809e427681c0d15d9645b5cc.r2.dev",
   "pub-f39be006123c420fa36c6d744af61e39.r2.dev",
   "pub-f3a3ccc122cc48b288a5b99aa93c28ed.r2.dev",
   "pub-fecf7326607144498b2509a3e46a9a3f.r2.dev",
   "pub.goblinzone.xyz",
   "public.demo.securecloudsandbox.com",
   "publications-wondering.gl.at.ply.gg",
   "pulseon.top",
   "pumpfun.exposed",
   "pumpfunaaexposed.pages.dev",
   "pumpum.blog",
   "puqum.press",
   "purepassionwellness.com",
   "purposedesigns.net",
   "pusob.press",
   "puxup.press",
   "pv-sq.innocreed.com",
   "pybal.icu",
   "pypim.icu",
   "q-steel.ro",
   "qaxib.ru",
   "qd.pe",
   "qed245t3kreiscryoz-gueterslohewr33w.de",
   "qegyx.press",
   "qehelp.top",
   "qeqek.press",
   "qghelp.top",
   "qied-54w.top",
   "qiniuyunxz.yxflzs.com",
   "qittler.ru",
   "qkhelp.top",
   "qlhelp.top",
   "qlqd5zqefmkcr34a.onion.sh",
   "qmhelp.top",
   "qmzks.run",
   "qnuhelp.top",
   "qohelp.top",
   "qoyerx-9i.top",
   "qprt6-uy.top",
   "qq51f.short.gy",
   "qqcxq.dyheg.fun",
   "qrczb.press",
   "qstfs.run",
   "quanly.jxmienphi.net",
   "quanlyphongnet.com",
   "quickrack.sbs",
   "quixotic4.com",
   "quovadisholidays.testingdemo.net",
   "quxap.run",
   "quzem.press",
   "qv.gahq.ru",
   "qvhelp.top",
   "qxhelp.top",
   "qyhux.run",
   "qyzoz.press",
   "r2.e-z.host",
   "r2.tugrambling.shop",
   "r2nemesida.online",
   "r61-7-209-115.static.phangnga.cloud",
   "r9c2p06qoxuhe4tv.de",
   "rafv.brazenf.ru",
   "rag382.top",
   "ramactools.net",
   "random.exelnj.duckdns.org",
   "rap.linkpc.net",
   "rasin.shop",
   "raterinth.com",
   "rato.ws",
   "rattynews.com",
   "ravenfootballclub.com",
   "raw.awaken-network.net",
   "raw.foxthreatnointel.vip",
   "raw.intenseproxy.zip",
   "razorcrypter.com",
   "rclbby.com",
   "reauthenticator.com",
   "reddit.com.im",
   "redic.horizon-life.net",
   "redlk.com",
   "refereng.shop",
   "reg.innocreed.com",
   "regopramide.top",
   "reifenquick.de",
   "reliefmdlabs.com",
   "reportguestt4895.world",
   "reports.innocreed.com",
   "repoupdater.ddns.net",
   "representations-acknowledge-removed-rocks.trycloudflare.com",
   "requestbone.fun",
   "reservalost.com",
   "resourceedge.org",
   "respaldo2.duckdns.org",
   "retiremepaul.com",
   "rev.innocreed.com",
   "revisevillain.shop",
   "rewiesgueste.com",
   "rietiholidays.it",
   "right-championships-junior-pubs.trycloudflare.com",
   "right.innocreed.com",
   "risontransportes.com.br",
   "rivercitymech.biz",
   "riverside.zone",
   "riverview-pools.com",
   "rjpanelplus.top",
   "rkblm.run",
   "rmkaio1.top",
   "rnthelp.top",
   "roamdetail.com",
   "roammco.com",
   "roast.gandizon.com",
   "robertrowe.com",
   "rock-stock.site",
   "rockinessbarn.shop",
   "rocyg.icu",
   "roelke.nl",
   "rolc4.top",
   "roomsverif9399.world",
   "roundcube.lamoillerealtors.com",
   "rovilane.ru",
   "rse.pwirn.cc",
   "rsec.innocreed.com",
   "rtjj.store",
   "rubick.ai",
   "rugyg.top",
   "rundl.0000o.xyz",
   "rundl.l0o01.com",
   "runds.duckdns.org",
   "rushingnews.com",
   "rustore.downoload466.com",
   "rvsec.innocreed.com",
   "rw-uis.screensconnectpro.com",
   "rwhelp.top",
   "rxquickpay.com",
   "rzhelp.top",
   "s02-welcome.cfd",
   "sabinoplacas.com.br",
   "sabrasmith.com",
   "saddlebrown-hyena-989303.com",
   "sadgfua54a.xyz",
   "sadnvik.com",
   "saf-oil.ru",
   "safefiles2.oss-cn-beijing.aliyuncs.com",
   "safeguard.how",
   "safetguard.mosco.cc",
   "saftyplace.com",
   "salonmarketing.ca",
   "salorttactical.top",
   "salsita.link",
   "sanghyun.nfile.net",
   "sapoud.ddns.net",
   "sappycloud.org",
   "sbvroar.ydns.eu",
   "sc-0003.controlhub.es",
   "sc-001.controlhub.es",
   "sc-002.controlhub.es",
   "sc-01.infinitycloud.org",
   "sc-02.infinitycloud.org",
   "sc-03.infinitycloud.org",
   "sc-04.infinitycloud.org",
   "sc-05.infinitycloud.org",
   "sc.0x504.com",
   "sc.connectprotocol.es",
   "sc.controlhub.es",
   "scainseto.com.br",
   "scan-echo.online",
   "scf.com",
   "schenckel.com.br",
   "schreven.de",
   "scintillating-taffy-213dd3.netlify.app",
   "sconnect-01.connectprotocol.es",
   "sconnect-02.connectprotocol.es",
   "sconnect-04.connectprotocol.es",
   "sconnect-05.connectprotocol.es",
   "sconnect.connectprotocol.es",
   "screen.connectprotocol.es",
   "screenconnect.cloud",
   "screenconnect.pro",
   "screensconnct.com",
   "sd.qocas.ru",
   "sdfgew859a.shop",
   "sdfwer234.com",
   "sdnews.top",
   "sec-ans.innocreed.com",
   "sec-check.mosco.cc",
   "sec-nv.innocreed.com",
   "sec.gandizon.com",
   "secretcouponforyou.com",
   "secure-dn1rea.de",
   "secure-partener.com",
   "secure.gatecollegesystem.com",
   "secure.innocreed.com",
   "secure.lme-co.com",
   "secure.novelty-press.com",
   "secure.ratoscreenco.com",
   "secure.ratoscreensell.com",
   "secure8v67ea.com",
   "securedgofile.info",
   "secureresponse.pro",
   "security-2u6g-log.com",
   "security-7f2c-run.com",
   "security-9y5v-scan.com",
   "security-check-u8a6.com",
   "security-service-api-link.cc",
   "security.flargyard.com",
   "security.innocreed.com",
   "see.if.this.works.hacsp.com",
   "selling-water-adelaide-plugins.trycloudflare.com",
   "seminary.envisionfonddulac.com",
   "semrush-alternative.com",
   "seoxcommerce.com",
   "sercviciapostal.top",
   "serer.run",
   "served-writings-history-likelihood.trycloudflare.com",
   "server.toeicswt.co.kr",
   "service.controlhub.es",
   "servicedhosts.com",
   "services.innocreed.com",
   "servicesssl.linkpc.net",
   "servidan.ro",
   "servimantenimiento.com",
   "seven-tx-wicked-rwanda.trycloudflare.com",
   "seventools.de",
   "sf-oqh.screensconnectpro.com",
   "sf.grantmangy.top",
   "sf4l.shop",
   "sg.storage.bunnycdn.com",
   "sg123.net",
   "sgz-1302338321.cos.ap-guangzhou.myqcloud.com",
   "shangmei-test.oss-cn-beijing.aliyuncs.com",
   "shared.roofnrack.com",
   "sharefilesonline.net",
   "sharegolem.com",
   "sharings.org",
   "shashienterprises.com",
   "shed-determination-conviction-herself.trycloudflare.com",
   "shop.mediasova.ru",
   "shoptool.store",
   "shoptoon.net",
   "shpuzonesll.b-cdn.net",
   "shqdown.ggzuhao.com",
   "shrdihan.com",
   "sialtysic.com",
   "sic.innocreed.com",
   "siemens-energi.com",
   "sigcare.help",
   "signin.certifiedbk.com",
   "signin.clouddomainservice.com",
   "sihen.run",
   "silentclickteam.co",
   "sillysigmabackenduwu.pages.dev",
   "silver-hubdachwohnwagen.de",
   "simplesolve.us",
   "simvascor.top",
   "singlelights.com",
   "sinnersfollower.com",
   "sinoceancn.com",
   "sinoveo.com",
   "siraco.net",
   "sirault.be",
   "sisconnect-01.infinitycloud.org",
   "sisngl21a.ddns.net",
   "sk-comtel.com",
   "skfwp.press",
   "skoller.innocreed.com",
   "skully.innocreed.com",
   "skynetx.com.br",
   "sleepwellmagazine.com",
   "slupvctorya.com",
   "smart-american.com",
   "smarthomecookingtools.com",
   "smcshippingdlhl.com",
   "smeetspost.nl",
   "smithsonianmag.top",
   "smokersbest.com",
   "snhnv.run",
   "snowsro.com",
   "soap2dayfree.top",
   "soc.innocreed.com",
   "social-secure-gov.com",
   "socialbitelabs.com",
   "soctrainingdelivery.blob.core.windows.net",
   "soft-server.online",
   "soft.110route.com",
   "soft.wsyhn.com",
   "softbank126023203236.bbtec.net",
   "softcatalog.ru",
   "softdl.360tpcdn.com",
   "softdl2.360tpcdn.com",
   "softdl4.360.cn",
   "software-server.online",
   "softwarebreakers.info",
   "sofyf.press",
   "solardetech.info",
   "solsniper.eu",
   "solutelco.com",
   "somahuertos.com",
   "sorainstructionskey.store",
   "soreb.run",
   "sorov.run",
   "sostener2024dns.duckdns.org",
   "source-chalaiden.com",
   "sovetskiy228.github.io",
   "soypanoli.com",
   "spaceframe.mobi.space-frame.co.za",
   "spacefyu.today",
   "sparksofattraction.com",
   "sparrowmodules.com",
   "spdmtpanel.top",
   "special-create-studio.com",
   "spectrumwireless.net",
   "spinaservice.com",
   "spoar.org.in",
   "spockosw.innoxiously.com",
   "spootapump.com",
   "src1.minibai.com",
   "srndp.press",
   "srohoahong.com",
   "srolangvan.com",
   "srovuongtu.com",
   "ss-01.com",
   "ssagovdocumont.com",
   "ssahelp.top",
   "ssapopup.top",
   "ssghostierconnect.com",
   "ssro.xyz",
   "sst.my",
   "st4b4n.fr",
   "staff.tompsettsportslaw.com",
   "stakloram.rs",
   "standup.innocreed.com",
   "stanyanparkhotel.com",
   "staplebrokenmetaliyro.blogspot.com",
   "starcountry.net",
   "stat2354.com",
   "static.3001.net",
   "static.ilclock.com",
   "static.s123-cdn-static.com",
   "static.topxgun.com",
   "static.zongheng.com",
   "stattcheck-intuiit.com",
   "stdown.dinju.com",
   "steelrivertechs.sherpadesk.com",
   "steemapi.site",
   "steinbeis-europa.com",
   "stellular-naiad-e3ac09.netlify.app",
   "sti-kg.com",
   "sti-salyk.com",
   "stonecradle.com",
   "storage.soowim.co.kr",
   "strategypartners.co.ao",
   "streamfast.cfd",
   "stremsconnect.com",
   "stud.clanweb.eu",
   "studio.clanweb.eu",
   "studio.maweb.eu",
   "studiolegaledesanctis.eu",
   "stuff.gandizon.com",
   "sub.demouol.digital",
   "sukum.run",
   "sundreammedia.com",
   "superxsuper.com",
   "supplier-murray-custody-treasures.trycloudflare.com",
   "support-bc.top",
   "support-data.com",
   "support.clz.kr",
   "support.innocreed.com",
   "support.screenconnectwise.com",
   "support.snb-bg.com",
   "support.ssagovsecure.com",
   "support.viewpoint.fr",
   "supportcx.help",
   "supportsec.innocreed.com",
   "surethinks.com",
   "suritups.regajroker.cyou",
   "sutmopanel.top",
   "svhelp.top",
   "svip8.org",
   "svirtual.sanviatorperu.edu.pe",
   "swiftvantage.online",
   "sx-eoo.screensconnectpro.com",
   "sylaj.top",
   "syncnet.cc",
   "syntheticalabspro.com",
   "systemsupport.top",
   "systool.sytes.net",
   "syvuk.press",
   "t.0000o.xyz",
   "t.uyoya.shop",
   "t1.handprintscariness.ru",
   "t2m.co",
   "t5.figurefaceted.ru",
   "t7m.top",
   "taciq.press",
   "taelimsystem.vip",
   "tafoz.press",
   "tag.shufflerline.shop",
   "tahip.press",
   "taka.com.mx",
   "takibotnet.duckdns.org",
   "takidayne.duckdns.org",
   "takine.duckdns.org",
   "talentrecruitments.com",
   "tanakolrt.world",
   "tapestryoftruth.com",
   "tazaz.icu",
   "tcrm-m3.top",
   "tdamarant.ru",
   "tdejb.com",
   "tech-updates-24.ru",
   "technik-tipps.at",
   "techspire.ru.com",
   "techspotnet.tech",
   "tecni-soft.com",
   "tecnov.cc",
   "tecunonline.com",
   "tek.xekatax966.workers.dev",
   "tekezaya.masterbigserverclas.workers.dev",
   "teknotown.com",
   "telegramcn.co",
   "telegrcm.ing",
   "temirtau-adm.ru",
   "tengfeidn.com",
   "terminicondioni.xyz",
   "terrenalia.com",
   "territoirespaysagistes.com",
   "test.aionclassic.pro",
   "test.peperoncinochepassione.it",
   "test.uniformmarkets.com",
   "testing-wraith.oss-ap-southeast-1.aliyuncs.com",
   "testingnewdomain.top",
   "testmylivekdkdk.cloud",
   "tests.yjzj.org",
   "tetoxyzhosting.com",
   "texanssolenoids.click",
   "texasdispatchers.com",
   "texprosa.com",
   "tfvlo.brazenf.ru",
   "tgmaxsales.pl",
   "tgnewn.vercel.app",
   "tgphelp.top",
   "tgsamll.b-cdn.net",
   "thefertilemine.com",
   "theipgenerators.com",
   "thekittler.ru",
   "thememoirgallery.com",
   "theneerbreak.com",
   "thesignaturemag.salviatech.com",
   "thetileboutique.in",
   "thtp2.volamngayxua.net",
   "tiacreation.club",
   "ticai20.com",
   "tiendev.click",
   "tighn.press",
   "tigo-sa.com",
   "timov.icu",
   "tintmanrmx.blogspot.com",
   "tiortans.com",
   "tipaq.run",
   "tirtasentosa.com",
   "tiwanlinm.duckdns.org",
   "tjlatev.com",
   "tkdb4.top",
   "tm-supp.innocreed.com",
   "tobecation.github.io",
   "todaysmenu.in",
   "toggleoff.dev",
   "tomahawkgear.com",
   "tomo.ink",
   "toolkit-nokia-network-alert.trycloudflare.com",
   "topax.run",
   "totalenergiesvendors.site",
   "totyc.run",
   "tpyhelp.top",
   "trace467.com",
   "tradingvievvprime.com",
   "tradingview.my",
   "tradingviewprime.com",
   "trafic0rganic.blogspot.com",
   "training.preschoolproblems.com",
   "trampik.pro",
   "tranquilityparadise.com.np",
   "transparenciaquillota.cl",
   "travel-sagem-distant-potential.trycloudflare.com",
   "travelrevert.org",
   "traxanhc2.duckdns.org",
   "treinamento.convenio.to.gov.br",
   "trendrewordhorde.run",
   "tribunrtp.com",
   "tronslink.net",
   "trtmyanmar.com",
   "trusthostme.com",
   "ttxch.run",
   "tulicrp.engajroker.cyou",
   "turismosaofrancisco.com.br",
   "turivor.edmaduliton.icu",
   "turkey-ivf.org",
   "tvkladovo.com",
   "twitch.cheap",
   "twitch.ist",
   "twltter.io",
   "tyahelp.top",
   "tyamile.ru",
   "tycok.icu",
   "tycyn.press",
   "tyfew.press",
   "tylhelp.top",
   "typically-nut-personalized-syndication.trycloudflare.com",
   "u1.anticsblooper.shop",
   "u1.aqueductdonor.shop",
   "u1.barbellblurry.today",
   "u1.bufferfacelift.shop",
   "u1.cherubaviation.life",
   "u1.creasingzen.shop",
   "u1.curtainfrown.shop",
   "u1.defrostbrilliant.shop",
   "u1.dormitoryzoom.shop",
   "u1.drizzleraving.shop",
   "u1.dynamicrename.run",
   "u1.electivewielder.digital",
   "u1.entouragescuff.shop",
   "u1.equatedisbelief.shop",
   "u1.establishhertz.shop",
   "u1.festerattire.shop",
   "u1.glorysmell.shop",
   "u1.handraildenim.top",
   "u1.happyrace.shop",
   "u1.issuingdingbat.shop",
   "u1.jarringshrink.shop",
   "u1.juryvarious.shop",
   "u1.lax0.ru",
   "u1.nullifychili.shop",
   "u1.optdropper.shop",
   "u1.overhangchump.shop",
   "u1.overuseunderuse.shop",
   "u1.paralegalchemicals.run",
   "u1.pridefulamaretto.digital",
   "u1.puckerlinguist.shop",
   "u1.putdownpopcorn.digital",
   "u1.quenchunpaired.shop",
   "u1.resolutestumble.shop",
   "u1.ruptureduckling.shop",
   "u1.saunatriceps.shop",
   "u1.sharplybaton.shop",
   "u1.spiritismprotozoan.bet",
   "u1.spottyscary.top",
   "u1.strongboxjarring.shop",
   "u1.superheroomen.shop",
   "u1.tweeddisparity.shop",
   "u1.unbentoverwrite.shop",
   "u1.upheldundermost.shop",
   "u1.upstreamcresting.shop",
   "u1.vad6.ru",
   "u1.verdictaffidavit.shop",
   "u1.wannabeclobber.shop",
   "u1.wildnessreflected.shop",
   "u1.wyja.ru",
   "u9b.top",
   "ubftr3.top",
   "udire.webpg.it",
   "uhhelp.top",
   "uhmd-rw2.top",
   "ujhelp.top",
   "ultrasecurityvpn.softether.net",
   "ultraviewer.network",
   "ulvehable.com",
   "undermymindops.com",
   "undo.sg",
   "unitech.x10.mx",
   "unitedstatesskiandsnowboardassociation.com",
   "universami.ge",
   "unknown-website-code.netlify.app",
   "unnameddownloadddd.xyz",
   "upandover.org",
   "upchemicals.co.in",
   "update.aegis.aliyun.com",
   "update.bruss.org.ru",
   "update.byeux.com",
   "update.cg100iii.com",
   "update.vlnguba.com",
   "update.volam2005pk.com",
   "update.volamthientu.cc",
   "updateappdd.com",
   "updatefilescdn.b-cdn.net",
   "updatenexus.org.tc",
   "updates.innocreed.com",
   "upgradegc.com",
   "upload.nolog.cz",
   "upload.vina-host.com",
   "uploadp2p.publicvm.com",
   "uplstack-protect.netlify.app",
   "upnet.bg",
   "upohelp.top",
   "upphelp.top",
   "upt-in.com",
   "upteachildren.com",
   "urabenet.ddns.net",
   "urethaneai.com",
   "us02web-zoom-us.mulsue23.com",
   "usaaeastnode.azureedge.net",
   "usaayurveda.com",
   "usdofiles.us",
   "usdtupdate.com",
   "useof.org",
   "ustiockir.ru",
   "utorrent-server-api.cc",
   "utorrent-servers.xyz",
   "uwhelp.top",
   "uxhelp.top",
   "uyul.oss-cn-beijing.aliyuncs.com",
   "v1.kitixse4.sa.com",
   "vaamsmgfreocmroe-1342087530.cos.sa-saopaulo.myqcloud.com",
   "vaboz.icu",
   "vacconnect.com",
   "vadkon.com",
   "valhmar.com",
   "valleypreptutoring.us",
   "valuable-munich-private-institution.trycloudflare.com",
   "vanartest.website",
   "vaviq.press",
   "vazm.it.com",
   "vazm.pro",
   "vbccorretoradeseguros.com.br",
   "vbcre-76y.top",
   "vbsec.innocreed.com",
   "vcloud.innocreed.com",
   "vcri98.top",
   "vectoratlantic.com",
   "vedameherbals.com",
   "vega101.com",
   "vekat.press",
   "vekeq.icu",
   "vemartsa.com",
   "ver.blackjack.lol",
   "verifconncaptcha.com",
   "verifiedtasks.com",
   "verifseccloud.com",
   "verifyyourconnect.com",
   "versioneonline.com",
   "verspace24.elementfx.com",
   "very-data.mosco.cc",
   "veryboys.com",
   "vezof.press",
   "vgd.vg",
   "vhsspanel.top",
   "vidrioyaluminio.mx",
   "viewsharedonlinefiles.com",
   "vilingor.innocreed.com",
   "vincentdemiero.com",
   "viralmarketingsuite.com",
   "visam.info",
   "visasecurity.net",
   "visionproxy.cc",
   "visioplan.edistrami.com",
   "visitlewistonny.com",
   "vizolu.com",
   "vjhelp.top",
   "vjpanplus.top",
   "vlake.xyz",
   "vmi2471669.contaboserver.net",
   "vmre.asia",
   "vocabulary-bangladesh-designation-manhattan.trycloudflare.com",
   "vodocamza.top",
   "vodomer-service.ru",
   "vogos.press",
   "voicemail-lakeleft.top",
   "voicemail-twisters.top",
   "voozaak.ru",
   "voqform.com",
   "vorynexa.com",
   "vovoh.run",
   "vp.ettll1.com",
   "vpld4.top",
   "vresp-91w.top",
   "vsmml.press",
   "vtjpnplus.top",
   "vtsec.innocreed.com",
   "vulnfactory.org",
   "vuram.press",
   "vuwzer.com",
   "vy.cequjp2.sa.com",
   "vynen.icu",
   "vytoz.press",
   "vyzap.icu",
   "vyzt0.ealacrity.ru",
   "vztekoverflow.com",
   "w.shavsl.com",
   "w.softprojectcode.com",
   "w099.ddns.net",
   "w19-seasalt.com",
   "wakapundaa.shop",
   "wakiss.com",
   "wakor.press",
   "wallsecuredfiles.info",
   "wasar.run",
   "watchesbest.top",
   "watchonlinemoveis.net",
   "waterstead.s3.ap-east-1.amazonaws.com",
   "watitoto6login.com",
   "wb3699log.bvwhelp.top",
   "wchelp.top",
   "wearenotgivingup.org",
   "web-app-on.com",
   "web-arc.netlify.app",
   "web.bcjhelp.top",
   "web.bqxhelp.top",
   "web.bwuhelp.top",
   "web.bxhelp.top",
   "web.bxihelp.top",
   "web.dslhelp.top",
   "web.ejhelp.top",
   "web.ewlhelp.top",
   "web.fiqhelp.top",
   "web.fzqhelp.top",
   "web.getsupportbr.com",
   "web.glihelp.top",
   "web.help3x.top",
   "web.helpm6.top",
   "web.hlghelp.top",
   "web.ishelp.top",
   "web.iunhelp.top",
   "web.jkhelp.top",
   "web.jlhelp.top",
   "web.lpqhelp.top",
   "web.lrjhelp.top",
   "web.mhehelp.top",
   "web.mzihelp.top",
   "web.nexhelp.top",
   "web.obhelp.top",
   "web.opnhelp.top",
   "web.pjshelp.top",
   "web.pnbhelp.top",
   "web.project4443.xyz",
   "web.pzvhelp.top",
   "web.qrhelp.top",
   "web.qxfhelp.top",
   "web.rlhelp.top",
   "web.rwbhelp.top",
   "web.tvlhelp.top",
   "web.tvwhelp.top",
   "web.uaihelp.top",
   "web.vfmhelp.top",
   "web.wlphelp.top",
   "web.xbvhelp.top",
   "web.xohhelp.top",
   "web.xvbhelp.top",
   "web.yxhelp.top",
   "web3.bxhelp.top",
   "web3.ejhelp.top",
   "web3.ishelp.top",
   "web3.jkhelp.top",
   "web3.obhelp.top",
   "web3.qrhelp.top",
   "web3.rlhelp.top",
   "web3.rwbhelp.top",
   "web3.tvwhelp.top",
   "webbrewentzel.com",
   "webdisk.7ntneg.com",
   "webdisk.aaoun.com",
   "webdisk.auiesce.ru",
   "webdisk.brazrice.ru",
   "webdisk.ceiba6.ru",
   "webdisk.diercusn.com",
   "webdisk.ealacrity.ru",
   "webdisk.qualityglobal.wiki",
   "webdisk.ralvinetp.com",
   "webdiskwebdisk.webprocediweb.com",
   "webhook.innocreed.com",
   "webis.run",
   "webjava.casacam.net",
   "webmail.7ntneg.com",
   "webmail.aaoun.com",
   "webmail.aldanbue.com",
   "webmail.brazenf.ru",
   "webmail.brazrice.ru",
   "webmail.denver-computer.com",
   "webmail.diercusn.com",
   "webmail.mondial-ae.com",
   "webmail.qualityglobal.wiki",
   "webmail.ralvinetp.com",
   "website.mypetapp.co.za",
   "weco.oss-eu-central-1.aliyuncs.com",
   "weco2.oss-me-east-1.aliyuncs.com",
   "weixe.ir",
   "wejic.press",
   "werito.cyou",
   "wesco-distributors.com",
   "wetllands.co",
   "wg.wggod.duckdns.org",
   "whatever-hearings-transmission-daisy.trycloudflare.com",
   "whcms.greendreamcannabis.com",
   "whiting-tuner.com",
   "widera.biz",
   "wilkinsonbeane.com",
   "williamrubano.com",
   "win-activate.space",
   "win-network-checker.cc",
   "win.down.55kantu.com",
   "windatem.com",
   "windomstatetheater.com",
   "windows-update-catalog.serveftp.com",
   "windows.defender.kim",
   "windows.envisionfonddulac.net",
   "windriversfiles.imeitools.com",
   "winlts.top",
   "wired.lc",
   "wiremu.com",
   "wizard-individual-intervals-franklin.trycloudflare.com",
   "wizz-002.controlhub.es",
   "wizz-01.controlhub.es",
   "wizz.controlhub.es",
   "wizz.infinitycloud.org",
   "wizzord.innocreed.com",
   "wjhelp.top",
   "wk3498.archelokipotle.icu",
   "wk3498.atchelokipotle.icu",
   "wk3498.chelokipotleam.icu",
   "wk3498.chelokipotleify.icu",
   "wk3498.chelokipotleio.icu",
   "wk3498.chelokipotleism.icu",
   "wk3498.chelokipotleist.icu",
   "wk3498.chelokipotlesy.icu",
   "wk3498.chelokipotleus.icu",
   "wk3498.lachelokipotle.icu",
   "wk3498.sachelokipotle.icu",
   "wk3498.sichelokiple.icu",
   "wk3699.fukratoli.cyou",
   "wk3699.jadonparod.cyou",
   "wk3699.kafinora.cyou",
   "wk3699.loglink9.site",
   "wk3699.marnobish.cyou",
   "wk3699log.iethelp.top",
   "wkhelp.top",
   "wkkcare.help",
   "wl.gl",
   "wlhelp.top",
   "wlop10.top",
   "wnhelp.top",
   "work.innocreed.com",
   "work.tdhelp.top",
   "works-clubs-attendance-vi.trycloudflare.com",
   "workspacedoc.com",
   "worldofchias.com",
   "worldsport.com.ar",
   "wothelp.top",
   "wpbkw.com",
   "wplhelp.top",
   "wpphelp.top",
   "wprhelp.top",
   "wraithbotnetapi.site",
   "writerartist.com",
   "wrltc.press",
   "wrphelp.top",
   "wsec.innocreed.com",
   "wubod.press",
   "wubys.press",
   "wudav.press",
   "wunep.icu",
   "wuxoq.press",
   "wvnqb.press",
   "www-app.xyz",
   "www999999asgasg-1327129302.cos.ap-chengdu.myqcloud.com",
   "www999999safagqwhg-1327129302.cos.ap-chengdu.myqcloud.com",
   "wyban.run",
   "wybod.run",
   "wydi.press",
   "wyghelp.top",
   "wykvn.press",
   "wyzhelp.top",
   "wz.3911.com",
   "wzuhelp.top",
   "x.0.feedback",
   "x0.at",
   "x5.eioae.shop",
   "x63-hello.live",
   "x72.eioae.shop",
   "xabanak.ru",
   "xai830k.com",
   "xakep.dad",
   "xelesex.top",
   "xelop.press",
   "xeqnm.press",
   "xfgvj.press",
   "xgji.brazenf.ru",
   "xiangshunjy.com",
   "xiaoma-10021647.file.myqcloud.com",
   "ximonite.com",
   "ximyt.run",
   "xizaf.run",
   "xkhelp.top",
   "xkpdf.run",
   "xmlvm.run",
   "xmnv-ytr.top",
   "xn--magieden-38a.app",
   "xn--on3b15m2lco2u.com",
   "xn--yh4bx88a.com",
   "xnhe.accounting.bridgemastersllc.com",
   "xohelp.top",
   "xoo.mondial-ae.com",
   "xotap.run",
   "xqwa87.top",
   "xshelp.top",
   "xtkdt.run",
   "xuvyc.top",
   "xuyso.su",
   "xyffqh.com",
   "xywhelp.top",
   "y-1304042277.cos.ap-guangzhou.myqcloud.com",
   "y.shavsl.com",
   "ybcer92.top",
   "ygahelp.top",
   "yhvdr96i.top",
   "yiug.outfit.dianamercer.com",
   "ynzal.com",
   "yocone.com",
   "yodev.alwaysdata.net",
   "yokobd.com",
   "yongtai.cn",
   "younowoutyes.website",
   "your-web-page.fly.storage.tigris.dev",
   "ypp-documentupdateagreement.short.gy",
   "ypp-studio.com",
   "ypp-update.com",
   "yq6yd.nacyceish.com",
   "yrtuyu-6y.top",
   "ysbaojia.com",
   "ytfpyehpyt.me",
   "yuxdce.easypanel.host",
   "yxta.top",
   "yzkzixun.com",
   "z.shavsl.com",
   "zabo.0x504.com",
   "zaharaflowers.com",
   "zaikacakes.org",
   "zaimsonly.top",
   "zamilgroups.com",
   "zantmi.innoxiously.com",
   "zargleflump.x10.mx",
   "zatoh.press",
   "zdecode.innocreed.com",
   "zdkexsh2e7yihw5uhg5hpsgq3dois2m5je7lzfagij2y6iw5ptl35gyd.onion",
   "zen-doc.innocreed.com",
   "zenglobalenerji.com",
   "zenithalbusiness.com",
   "zenovalabspro.com",
   "zephyr.b-cdn.net",
   "zerrocostygfypj.blogspot.com",
   "zesuz.press",
   "zetolacs-cloud.top",
   "zetrax.shop",
   "zevikon.sa.com",
   "zfaew-76.top",
   "zffsg.oss-ap-northeast-2.aliyuncs.com",
   "zfhelp.top",
   "zhengxinpeixun.oss-cn-qingdao.aliyuncs.com",
   "zhikey.com",
   "zifnk.press",
   "zimwl.press",
   "zip-lately-permitted-jd.trycloudflare.com",
   "zipuk.press",
   "ziudan.shop",
   "zivad.press",
   "zliong.innocreed.com",
   "zliwa-75s.top",
   "zloiy.com",
   "zlonline.oss-cn-shenzhen.aliyuncs.com",
   "zndwu.studio.lacrenshawcrossing.com",
   "zogun.run",
   "zoom-meet-live.carriebrigham-c.com",
   "zoommeetplace.com",
   "zoommeetspace.com",
   "zorg-c2.duckdns.org",
   "zovdt.run",
   "zpxcre-5.top",
   "zqpdofuynuha.top",
   "zqq.qualityglobal.wiki",
   "zrwss-p9.top",
   "zsec.innocreed.com",
   "zt45gg.top",
   "zumil.run",
   "zuvul.run",
   "zx.pyja.press",
   "zx4qtc.me",
   "zxtwe-3x.top",
   "zynof.press",
   "zynthio.sa.com",
   "zyrento.za.com"
  ],
  "resourceTypes": [
   "main_frame"
  ]
 },
 "id": 1,
 "priority": 29
}
]
