[
{
 "action": {
  "redirect": {
   "regexSubstitution": "/strictblock.html#\\0"
  },
  "type": "redirect"
 },
 "condition": {
  "regexFilter": "^https?://.*",
  "requestDomains": [
   "ad.vidverto.io",
   "ads-cdn.fptplay.net",
   "ads.mxhnkn.pro",
   "ads.starzd.com",
   "adtima-static.zascdn.me",
   "adtimaserver.vn",
   "aiactiv.io",
   "aj1047.online",
   "aj2393.online",
   "ajsc.yodimedia.com",
   "amcdn.vn",
   "api.adfly.vn",
   "apinas.nct.vn",
   "bidgear-syndication.com",
   "cdn.adop.asia",
   "cdn.adxcontent.com",
   "cdn.tpmedia.online",
   "cdnv.tpmedia.online",
   "click.advertnative.com",
   "cnt.trvdp.com",
   "contineljs.com",
   "cpt.geniee.jp",
   "cv.bentsdiorism.com",
   "delivery.yomedia.vn",
   "distinctrobin.com",
   "fv.togataurnfuls.com",
   "genmonet.com",
   "gullyending.com",
   "i9zk5f8szj4x8saj5wcks8acja5sk1dz8stjs2g8isdcn6ejxn8zsr5xjs5h.com",
   "iads.staticscdn.net",
   "iads.vision",
   "img.yeuketqua.net",
   "immaculate-suspect.com",
   "js.aiservice.vn",
   "jsc.yodimedia.com",
   "media.yomedia.vn",
   "midgetmaying.com",
   "mneydirec.com",
   "mt.deimosfestuca.com",
   "mwejhobumo.com",
   "ny.foonerne.com",
   "oursty.com",
   "platform.adlinknetwork.vn",
   "player.gliacloud.com",
   "poasauwhoothy.net",
   "pub.akadigital.vn",
   "pub.lavamedia.vn",
   "qc.violet.vn",
   "qcv5.blogtruyenmoi.com",
   "sbbanner.com",
   "sourcetobin.com",
   "ss.yomedia.vn",
   "static.adconnect.vn",
   "static.dable.io",
   "static.eclick.vn",
   "static.philacct.com",
   "syphonseity.com",
   "tags.fly-ads.net",
   "tags.native-ad.net",
   "ut.uranininnage.com",
   "v9banners.com",
   "vads.net.vn",
   "wr.brandonketting.com"
  ],
  "resourceTypes": [
   "main_frame"
  ]
 },
 "id": 1,
 "priority": 29
}
]
