[
{"action":{"redirect":{"extensionPath":"/web_accessible_resources/noop.txt"},"type":"redirect"},"condition":{"requestDomains":["ad.ettoday.net"],"resourceTypes":["image","media","other","script","stylesheet","sub_frame","xmlhttprequest"]},"id":1,"priority":11},
{"action":{"redirect":{"extensionPath":"/web_accessible_resources/1x1.gif"},"type":"redirect"},"condition":{"initiatorDomains":["8maple.ru"],"resourceTypes":["image"],"urlFilter":"||8maple.ru/dzcm"},"id":3,"priority":11},
{"action":{"redirect":{"extensionPath":"/web_accessible_resources/googlesyndication_adsbygoogle.js"},"type":"redirect"},"condition":{"initiatorDomains":["wuyong.fun","xiebruce.top"],"resourceTypes":["script"],"urlFilter":"||pagead2.googlesyndication.com/pagead/js/adsbygoogle.js"},"id":4,"priority":11},
{"action":{"redirect":{"extensionPath":"/web_accessible_resources/noop.js"},"type":"redirect"},"condition":{"initiatorDomains":["rjno1.com"],"resourceTypes":["script"],"urlFilter":"||cpro.baidu.com/cpro/ui/rt.js"},"id":5,"priority":11},
{"action":{"redirect":{"extensionPath":"/web_accessible_resources/noop.js"},"type":"redirect"},"condition":{"initiatorDomains":["rjno1.com"],"requestDomains":["126.net"],"resourceTypes":["script"]},"id":6,"priority":11},
{"action":{"redirect":{"extensionPath":"/web_accessible_resources/noop.js"},"type":"redirect"},"condition":{"initiatorDomains":["linovelib.com","yodu.org"],"resourceTypes":["script"],"urlFilter":"||pagead2.googlesyndication.com/pagead/js/adsbygoogle.js"},"id":7,"priority":11},
{"action":{"redirect":{"extensionPath":"/web_accessible_resources/google-ima.js"},"type":"redirect"},"condition":{"initiatorDomains":["hoy.tv","line.me","linetv.tw","news.now.com"],"resourceTypes":["script"],"urlFilter":"||imasdk.googleapis.com/js/sdkloader/ima3.js"},"id":8,"priority":11},
{"action":{"redirect":{"extensionPath":"/web_accessible_resources/googletagservices_gpt.js"},"type":"redirect"},"condition":{"initiatorDomains":["ani.gamer.com.tw","gamer.com.tw"],"resourceTypes":["script"],"urlFilter":"||googletagservices.com/tag/js/gpt.js"},"id":9,"priority":11},
{"action":{"redirect":{"extensionPath":"/web_accessible_resources/noop.js"},"type":"redirect"},"condition":{"initiatorDomains":["dilidili.wang"],"resourceTypes":["script"],"urlFilter":"||static.jfrft.com/js/main_list.js^"},"id":10,"priority":11},
{"action":{"redirect":{"extensionPath":"/web_accessible_resources/noop.js"},"type":"redirect"},"condition":{"initiatorDomains":["dilidili.wang"],"resourceTypes":["script"],"urlFilter":"||static.jfrft.com/js/main_video.js^"},"id":11,"priority":11},
{"action":{"redirect":{"extensionPath":"/web_accessible_resources/googlesyndication_adsbygoogle.js"},"type":"redirect"},"condition":{"initiatorDomains":["haoweichi.com","youneed.win"],"resourceTypes":["script","xmlhttprequest"],"urlFilter":"||pagead2.googlesyndication.com/pagead/js/adsbygoogle.js"},"id":12,"priority":11},
{"action":{"redirect":{"extensionPath":"/web_accessible_resources/noop.txt"},"type":"redirect"},"condition":{"initiatorDomains":["hboav.com"],"resourceTypes":["xmlhttprequest"],"urlFilter":"||syndication.exosrv.com/splash.php?"},"id":13,"priority":11},
{"action":{"redirect":{"extensionPath":"/web_accessible_resources/noop.html"},"type":"redirect"},"condition":{"initiatorDomains":["rjno1.com"],"resourceTypes":["sub_frame"],"urlFilter":"||googleads.g.doubleclick.net/pagead/ads"},"id":14,"priority":11},
{"action":{"redirect":{"extensionPath":"/web_accessible_resources/noop-1s.mp4"},"type":"redirect"},"condition":{"initiatorDomains":["v.youku.com"],"resourceTypes":["media"],"urlFilter":"||cibntv.net/youku/*.mp4?"},"id":15,"priority":11},
{"action":{"redirect":{"extensionPath":"/web_accessible_resources/noop.js"},"type":"redirect"},"condition":{"initiatorDomains":["linetv.tw"],"resourceTypes":["script"],"urlFilter":"||connect.facebook.net/en_us/fbevents.js"},"id":16,"priority":11},
{"action":{"redirect":{"extensionPath":"/web_accessible_resources/googletagservices_gpt.js"},"type":"redirect"},"condition":{"initiatorDomains":["line.me"],"resourceTypes":["script"],"urlFilter":"||securepubads.g.doubleclick.net/tag/js/gpt.js"},"id":17,"priority":11},
{"action":{"redirect":{"extensionPath":"/web_accessible_resources/googletagservices_gpt.js"},"type":"redirect"},"condition":{"initiatorDomains":["line.me"],"resourceTypes":["script"],"urlFilter":"||d.line-scdn.net/*/torimochi.js/*/torimochi.js"},"id":18,"priority":11},
{"action":{"redirect":{"extensionPath":"/web_accessible_resources/noop.js"},"type":"redirect"},"condition":{"initiatorDomains":["wasu.cn"],"resourceTypes":["script"],"urlFilter":"||delivery-pc.wasu.cn/d/frontjs/3.0"},"id":20,"priority":11},
{"action":{"redirect":{"extensionPath":"/web_accessible_resources/noop.js"},"type":"redirect"},"condition":{"initiatorDomains":["yitongkan.com"],"resourceTypes":["script"],"urlFilter":"||yitongkan.com/splash.xml"},"id":21,"priority":11},
{"action":{"redirect":{"extensionPath":"/web_accessible_resources/noop.txt"},"type":"redirect"},"condition":{"resourceTypes":["xmlhttprequest"],"urlFilter":"||itad.linetv.tw/api/v2/vmap?ad_id="},"id":22,"priority":11},
{"action":{"redirect":{"extensionPath":"/web_accessible_resources/noop.txt"},"type":"redirect"},"condition":{"resourceTypes":["xmlhttprequest"],"urlFilter":"||hboav.com/guga/images/"},"id":23,"priority":11},
{"action":{"redirect":{"extensionPath":"/web_accessible_resources/noop-1s.mp4"},"type":"redirect"},"condition":{"resourceTypes":["media"],"urlFilter":"||abminbuy.com/*.mp4"},"id":26,"priority":11},
{"action":{"redirect":{"extensionPath":"/web_accessible_resources/noop-1s.mp4"},"type":"redirect"},"condition":{"resourceTypes":["media"],"urlFilter":"||52996.me/upload/ad/"},"id":27,"priority":11},
{"action":{"redirect":{"extensionPath":"/web_accessible_resources/noop-0.1s.mp3"},"type":"redirect"},"condition":{"initiatorDomains":["huaren.tv"],"resourceTypes":["media"],"urlFilter":"/ad/"},"id":29,"priority":11},
{"action":{"redirect":{"extensionPath":"/web_accessible_resources/noop-0.1s.mp3"},"type":"redirect"},"condition":{"initiatorDomains":["17173.com"],"resourceTypes":["media"],"urlFilter":"||17173cdn.com/20*.mp4"},"id":30,"priority":11},
{"action":{"redirect":{"extensionPath":"/web_accessible_resources/noop-0.1s.mp3"},"type":"redirect"},"condition":{"initiatorDomains":["iyingshi7.tv","localmv1.com"],"resourceTypes":["media"],"urlFilter":"||amazononline.xyz/mp4/*.mp4"},"id":31,"priority":11},
{"action":{"redirect":{"extensionPath":"/web_accessible_resources/noop-0.1s.mp3"},"type":"redirect"},"condition":{"initiatorDomains":["eastday.com"],"requestDomains":["e9377f.com"],"resourceTypes":["media"]},"id":32,"priority":11},
{"action":{"redirect":{"extensionPath":"/web_accessible_resources/noop-1s.mp4"},"type":"redirect"},"condition":{"initiatorDomains":["localmv1.com"],"resourceTypes":["media"],"urlFilter":"||hellocenter.xyz^*.mp4"},"id":33,"priority":11},
{"action":{"redirect":{"extensionPath":"/web_accessible_resources/noop-0.1s.mp3"},"type":"redirect"},"condition":{"initiatorDomains":["huya.com"],"resourceTypes":["media"],"urlFilter":"||huya.com/leaf/*=vodadv&"},"id":34,"priority":11},
{"action":{"redirect":{"extensionPath":"/web_accessible_resources/1x1.gif"},"type":"redirect"},"condition":{"domainType":"firstParty","resourceTypes":["image"],"urlFilter":"||manwa.me/static/custom/files/300x250."},"id":35,"priority":11},
{"action":{"redirect":{"extensionPath":"/web_accessible_resources/1x1.gif"},"type":"redirect"},"condition":{"domainType":"thirdParty","initiatorDomains":["rmdown.com"],"resourceTypes":["image"],"urlFilter":"."},"id":36,"priority":11}
]
