[
{"action":{"type":"block"},"condition":{"urlFilter":"||joq.al//banners^"},"id":1,"priority":10},
{"action":{"type":"block"},"condition":{"initiatorDomains":["albvid.com"],"urlFilter":"||gameselect.net/*.php"},"id":2,"priority":10},
{"action":{"type":"block"},"condition":{"urlFilter":"||teksteshqip.com/imgz/ads/336.gif"},"id":3,"priority":10},
{"action":{"type":"block"},"condition":{"urlFilter":"||gjstatic.blob.core.windows.net/fix/bisko.js"},"id":4,"priority":10},
{"action":{"type":"block"},"condition":{"urlFilter":"||bisko.gjirafa.tech"},"id":5,"priority":10},
{"action":{"type":"block"},"condition":{"urlFilter":"||bisko.gjirafa.net"},"id":6,"priority":10},
{"action":{"type":"block"},"condition":{"urlFilter":"||https://bisko.gjirafa.net/web/gjirafatest-sdk.js"},"id":7,"priority":10},
{"action":{"type":"block"},"condition":{"urlFilter":"||gjc.gjirafa.com^"},"id":8,"priority":10},
{"action":{"type":"block"},"condition":{"resourceTypes":["image"],"urlFilter":"||kohajone.com/wp-content/uploads/2018/04/facile.png"},"id":9,"priority":10},
{"action":{"type":"block"},"condition":{"resourceTypes":["image"],"urlFilter":"||kohajone.com/wp-content/uploads/2018/10/psikologu-1.jpeg"},"id":10,"priority":10},
{"action":{"type":"block"},"condition":{"resourceTypes":["image"],"urlFilter":"||kohajone.com/wp-content/uploads/2018/12/300x25012345.gif"},"id":11,"priority":10},
{"action":{"type":"block"},"condition":{"resourceTypes":["image"],"urlFilter":"||living.al/images3/2018/banners/raiffeisen-2018-12-06.gif"},"id":12,"priority":10},
{"action":{"type":"block"},"condition":{"resourceTypes":["image"],"urlFilter":"||gazetatema.net/wp-content/uploads/2018/12/web-banner.jpg"},"id":13,"priority":10},
{"action":{"type":"block"},"condition":{"resourceTypes":["image"],"urlFilter":"||dritare.net/wp-content/uploads/2018/12/drittare.net_.jpeg"},"id":14,"priority":10},
{"action":{"type":"block"},"condition":{"resourceTypes":["image"],"urlFilter":"||topmedia.al/wp-content/uploads/2018/03/ads-in-front.gif"},"id":15,"priority":10},
{"action":{"type":"block"},"condition":{"resourceTypes":["image"],"urlFilter":"||gazetacelesi.al/img/domus_administrator_380x309px.gif"},"id":16,"priority":10},
{"action":{"type":"block"},"condition":{"resourceTypes":["image"],"urlFilter":"||360grade.al/wp-content/themes/360grade/images/*.gif"},"id":17,"priority":10},
{"action":{"type":"block"},"condition":{"resourceTypes":["image"],"urlFilter":"||360grade.al/wp-content/themes/360grade/images/*.jpg^"},"id":18,"priority":10},
{"action":{"type":"block"},"condition":{"resourceTypes":["image"],"urlFilter":"||kosovarja-ks.com/wp-content/uploads/*.gif^"},"id":19,"priority":10},
{"action":{"type":"block"},"condition":{"resourceTypes":["image"],"urlFilter":"||noa.al/b^"},"id":20,"priority":10},
{"action":{"type":"block"},"condition":{"resourceTypes":["image"],"urlFilter":"||img.bulevardionline.com//2020/07/blue_background_color-scaled.jpg"},"id":21,"priority":10},
{"action":{"type":"block"},"condition":{"resourceTypes":["image"],"urlFilter":"||img.bulevardionline.com//2020/02/albcanon.gif"},"id":22,"priority":10},
{"action":{"type":"block"},"condition":{"resourceTypes":["image"],"urlFilter":"||acp.al/images/banners/selmani-desktop-new-banner-v4-02-2021-2.jpg"},"id":23,"priority":10},
{"action":{"type":"block"},"condition":{"initiatorDomains":["kohajone.com","vizionplus.tv"],"resourceTypes":["sub_frame"],"urlFilter":"html"},"id":24,"priority":10},
{"action":{"type":"block"},"condition":{"resourceTypes":["sub_frame"],"urlFilter":"||classlifestyle.com/rek/megabanner.php^"},"id":25,"priority":10},
{"action":{"type":"block"},"condition":{"resourceTypes":["sub_frame"],"urlFilter":"||classlifestyle.com/rek/reklama-poshte-dok.php^"},"id":26,"priority":10},
{"action":{"type":"block"},"condition":{"domainType":"thirdParty","urlFilter":"||gjc.gjirafa.com^"},"id":27,"priority":10},
{"action":{"type":"allow"},"condition":{"urlFilter":"||videotekaime.net/uni/popunder.js|"},"id":28,"priority":30},
{"action":{"type":"allow"},"condition":{"urlFilter":"||videotekaime.com/uni/popunder.js"},"id":29,"priority":30}
]
