[
{"action":{"type":"block"},"condition":{"initiatorDomains":["elisa.fi"],"urlFilter":"||elisa.digital.nuance.com/tagserver/js/ads-blocking-detector.min.js"},"id":1,"priority":10},
{"action":{"type":"block"},"condition":{"urlFilter":"/bannercounter.php"},"id":2,"priority":10},
{"action":{"type":"block"},"condition":{"urlFilter":"/js/spring.js"},"id":3,"priority":10},
{"action":{"type":"block"},"condition":{"urlFilter":"/karuselli/js/agadcarousel"},"id":4,"priority":10},
{"action":{"type":"block"},"condition":{"urlFilter":"/mainokset."},"id":5,"priority":10},
{"action":{"type":"block"},"condition":{"urlFilter":"/mainokset/"},"id":6,"priority":10},
{"action":{"type":"block"},"condition":{"urlFilter":"/mainokset_"},"id":7,"priority":10},
{"action":{"type":"block"},"condition":{"urlFilter":"/mainos."},"id":8,"priority":10},
{"action":{"type":"block"},"condition":{"urlFilter":"/mainos/"},"id":9,"priority":10},
{"action":{"type":"block"},"condition":{"urlFilter":"/mainos_"},"id":10,"priority":10},
{"action":{"type":"block"},"condition":{"urlFilter":"/mainosbanneri."},"id":11,"priority":10},
{"action":{"type":"block"},"condition":{"urlFilter":"/mainosbanneri/"},"id":12,"priority":10},
{"action":{"type":"block"},"condition":{"urlFilter":"/mainosbanneri_"},"id":13,"priority":10},
{"action":{"type":"block"},"condition":{"urlFilter":"/mainosbannerit."},"id":14,"priority":10},
{"action":{"type":"block"},"condition":{"urlFilter":"/mainosbannerit/"},"id":15,"priority":10},
{"action":{"type":"block"},"condition":{"urlFilter":"/mainosbannerit_"},"id":16,"priority":10},
{"action":{"type":"block"},"condition":{"urlFilter":"/mainoskaruselli."},"id":17,"priority":10},
{"action":{"type":"block"},"condition":{"urlFilter":"/mainoskaruselli/"},"id":18,"priority":10},
{"action":{"type":"block"},"condition":{"urlFilter":"/mainoskaruselli_yli"},"id":19,"priority":10},
{"action":{"type":"allow"},"condition":{"initiatorDomains":["oma.posti.fi","service.force.com"],"urlFilter":"||salesforceliveagent.com^"},"id":20,"priority":30},
{"action":{"type":"block"},"condition":{"urlFilter":"/sponsorit."},"id":21,"priority":10},
{"action":{"type":"block"},"condition":{"urlFilter":"/sponsorit/"},"id":22,"priority":10},
{"action":{"type":"block"},"condition":{"urlFilter":"/sponsorit_"},"id":23,"priority":10},
{"action":{"type":"block"},"condition":{"urlFilter":"/yhteistyokumppanit."},"id":24,"priority":10},
{"action":{"type":"block"},"condition":{"urlFilter":"/yhteistyokumppanit/"},"id":25,"priority":10},
{"action":{"type":"block"},"condition":{"urlFilter":"/yhteistyokumppanit_"},"id":26,"priority":10},
{"action":{"type":"block"},"condition":{"urlFilter":"/yhteistyossa."},"id":27,"priority":10},
{"action":{"type":"block"},"condition":{"urlFilter":"/yhteistyossa/"},"id":28,"priority":10},
{"action":{"type":"block"},"condition":{"urlFilter":"/yhteistyossa_"},"id":29,"priority":10},
{"action":{"type":"block"},"condition":{"urlFilter":"_mainos."},"id":30,"priority":10},
{"action":{"type":"block"},"condition":{"urlFilter":"_mainosnappi."},"id":31,"priority":10},
{"action":{"type":"block"},"condition":{"initiatorDomains":["gamereactor.fi"],"urlFilter":"/prerolls/*.mp4"},"id":32,"priority":10},
{"action":{"type":"block"},"condition":{"initiatorDomains":["futisfani.com","kiekkofani.com","penkkiurheilu.com","uutisankka.com"],"urlFilter":"/wp-content/uploads/pum/"},"id":33,"priority":10},
{"action":{"type":"block"},"condition":{"initiatorDomains":["ykkoslohja.fi"],"requestDomains":["affiliatesolution.se","med.etoro.com"]},"id":34,"priority":10},
{"action":{"type":"block"},"condition":{"initiatorDomains":["uusisuomi.fi"],"urlFilter":"||api.etuovi.com/bad/wings/v2/kisu"},"id":35,"priority":10},
{"action":{"type":"block"},"condition":{"initiatorDomains":["aland.com","alandstidningen.ax","enontekionsanomat.fi","inarilainen.fi","kainuunsanomat.fi","kittilalehti.fi","kotilappi.fi","kuhmolainen.fi","levinyt.fi","luoteis-lappi.fi","saariselansanomat.fi","sompio.fi","sotkamolehti.fi","ylakainuu.fi"],"urlFilter":"||deals.innocode.no/api/public/v1/widgets"},"id":36,"priority":10},
{"action":{"type":"allow"},"condition":{"initiatorDomains":["etuovi.com","iltalehti.fi"],"urlFilter":"||leiki.com^"},"id":37,"priority":30},
{"action":{"type":"block"},"condition":{"urlFilter":"||kaksplus.fi/upotukset/hintaopas^"},"id":38,"priority":10},
{"action":{"type":"block"},"condition":{"initiatorDomains":["tekniikanmaailma.fi"],"urlFilter":"||kotiliesi.fi/upotukset/hintaopas/"},"id":39,"priority":10},
{"action":{"type":"block"},"condition":{"initiatorDomains":["lbaanijakuva.fi"],"urlFilter":"||lbaanijakuva.fi/test/*?template=prisjakt"},"id":40,"priority":10},
{"action":{"type":"block"},"condition":{"initiatorDomains":["matkaendurot.net"],"urlFilter":"||matkaendurot.net/images/*banner"},"id":41,"priority":10},
{"action":{"type":"block"},"condition":{"initiatorDomains":["viranomaisuutiset.fi"],"urlFilter":"||deals.kledjut.com^"},"id":42,"priority":10},
{"action":{"type":"block"},"condition":{"initiatorDomains":["ridemedia.fi"],"urlFilter":"||ridemedia.fi/aspbanner"},"id":43,"priority":10},
{"action":{"type":"block"},"condition":{"initiatorDomains":["seksitreffit.fi"],"urlFilter":"||seksitreffit.fi/banners/"},"id":44,"priority":10},
{"action":{"type":"block"},"condition":{"initiatorDomains":["moottori.fi"],"urlFilter":"||tori.fi/*banner"},"id":45,"priority":10},
{"action":{"type":"block"},"condition":{"urlFilter":"||dwk14raokkwxv.cloudfront.net/sanomafi/media/*.mp4"},"id":46,"priority":10},
{"action":{"type":"block"},"condition":{"urlFilter":"||mobiili.fi/wp-content/themes/mobiilitheme/images/small-loading.gif"},"id":47,"priority":10},
{"action":{"type":"block"},"condition":{"initiatorDomains":["mtv.fi","mtvuutiset.fi"],"resourceTypes":["image"],"urlFilter":"||cloudfront.net/creatives/assets/"},"id":48,"priority":10},
{"action":{"type":"block"},"condition":{"resourceTypes":["image"],"urlFilter":"/mainosmokkula/"},"id":49,"priority":10},
{"action":{"type":"block"},"condition":{"initiatorDomains":["futisfani.com","kiekkofani.com","omalahio.fi","penkkiurheilu.com","uutisankka.com"],"resourceTypes":["image"],"urlFilter":"/*-mainos-"},"id":50,"priority":10},
{"action":{"type":"block"},"condition":{"initiatorDomains":["apteekkari.fi"],"resourceTypes":["image"],"urlFilter":"/a-ylabannerit"},"id":51,"priority":10},
{"action":{"type":"block"},"condition":{"initiatorDomains":["apteekkari.fi"],"resourceTypes":["image"],"urlFilter":"/b-suurbannerit-uutisvirrassa"},"id":52,"priority":10},
{"action":{"type":"block"},"condition":{"initiatorDomains":["alibi.fi","hymy.fi"],"resourceTypes":["image"],"urlFilter":"/wp-content/uploads/*/hymyalibi*_300x300_"},"id":53,"priority":10},
{"action":{"type":"block"},"condition":{"resourceTypes":["image"],"urlFilter":"||aamuset.fi/content/app/img/latkaliiga_banneri.jpg"},"id":54,"priority":10},
{"action":{"type":"block"},"condition":{"resourceTypes":["image"],"urlFilter":"||alibi.fi/wp-content/uploads/2018/03/al_sivupalkin_myyntiviesti2.jpg"},"id":55,"priority":10},
{"action":{"type":"block"},"condition":{"resourceTypes":["image"],"urlFilter":"||bittiraha.fi/app/themes/bittiraha-theme/assets/images/bittiraha_coinmotion_banner"},"id":56,"priority":10},
{"action":{"type":"block"},"condition":{"resourceTypes":["image"],"urlFilter":"||bittiraha.fi/app/uploads/*/bittimaatti*_banner"},"id":57,"priority":10},
{"action":{"type":"block"},"condition":{"initiatorDomains":["blogit.fi"],"resourceTypes":["image"],"urlFilter":"||blogit.fi/ext/"},"id":58,"priority":10},
{"action":{"type":"block"},"condition":{"initiatorDomains":["caravan-lehti.fi"],"resourceTypes":["image"],"urlFilter":"||caravan-lehti.fi/media/carado-matkailuauto."},"id":59,"priority":10},
{"action":{"type":"block"},"condition":{"initiatorDomains":["urbaanisanakirja.com"],"resourceTypes":["image"],"urlFilter":"||dropbox.com/*usbanner.gif"},"id":60,"priority":10},
{"action":{"type":"block"},"condition":{"initiatorDomains":["elmotv.com"],"resourceTypes":["image"],"urlFilter":"||elmotv.com/wp-content/uploads/*/stake-banneri-"},"id":61,"priority":10},
{"action":{"type":"block"},"condition":{"resourceTypes":["image"],"urlFilter":"||etn.fi/images/banners/"},"id":62,"priority":10},
{"action":{"type":"block"},"condition":{"resourceTypes":["image"],"urlFilter":"||hifimaailma.fi/neodirect/static/*/karuselli"},"id":63,"priority":10},
{"action":{"type":"block"},"condition":{"resourceTypes":["image"],"urlFilter":"||hymy.fi/wp-content/uploads/2018/03/hy_sivupalkin_myyntiviesti2.jpg"},"id":64,"priority":10},
{"action":{"type":"block"},"condition":{"resourceTypes":["image"],"urlFilter":"||hymy.fi/wp-content/uploads/2022/11/nicorette_hymy.jpg"},"id":65,"priority":10},
{"action":{"type":"block"},"condition":{"initiatorDomains":["hymy.fi"],"resourceTypes":["image"],"urlFilter":"||hymy.fi/wp-content/uploads/2023/05/nicorette2023_4_300x300.jpg"},"id":66,"priority":10},
{"action":{"type":"block"},"condition":{"resourceTypes":["image"],"urlFilter":"||ig.fi/bannerit/koronabanneri.png"},"id":67,"priority":10},
{"action":{"type":"block"},"condition":{"resourceTypes":["image"],"urlFilter":"||io-tech.fi/images/*_290x290px.png"},"id":68,"priority":10},
{"action":{"type":"block"},"condition":{"initiatorDomains":["is.fi"],"resourceTypes":["image"],"urlFilter":"||is.fi/kampanjat/taloussanomat/startel_600x300px.jpg"},"id":69,"priority":10},
{"action":{"type":"block"},"condition":{"initiatorDomains":["kaasujalka.fi"],"resourceTypes":["image"],"urlFilter":"||kaasujalka.fi/assets/banners/"},"id":70,"priority":10},
{"action":{"type":"block"},"condition":{"initiatorDomains":["karjalainen.fi"],"resourceTypes":["image"],"urlFilter":"||karjalainen.fi/images/banners/kiinnostuitko"},"id":71,"priority":10},
{"action":{"type":"block"},"condition":{"initiatorDomains":["kelkkalehti.com"],"resourceTypes":["image"],"urlFilter":"||kelkkalehti.com/bannerit/"},"id":72,"priority":10},
{"action":{"type":"block"},"condition":{"initiatorDomains":["keskustelu.pakkotoisto.com"],"resourceTypes":["image"],"urlFilter":"||keskustelu.pakkotoisto.com/bannerit/"},"id":73,"priority":10},
{"action":{"type":"block"},"condition":{"initiatorDomains":["kinuskikissa.fi"],"resourceTypes":["image"],"urlFilter":"||kinuskikissa.fi/wp-content/uploads/*kumppani_*.gif"},"id":74,"priority":10},
{"action":{"type":"block"},"condition":{"initiatorDomains":["kiuruvesilehti.fi"],"resourceTypes":["image"],"urlFilter":"||kiuruvesilehti.fi/wp-content/uploads/*kampanja_banneri.png"},"id":75,"priority":10},
{"action":{"type":"block"},"condition":{"initiatorDomains":["koeajolle.com"],"resourceTypes":["image"],"urlFilter":"||koeajolle.com/wp-content/uploads/*/blue-billboard-*.jpg"},"id":76,"priority":10},
{"action":{"type":"block"},"condition":{"initiatorDomains":["koeajolle.com"],"resourceTypes":["image"],"urlFilter":"||koeajolle.com/wp-content/uploads/*/blue-rect-*.jpg"},"id":77,"priority":10},
{"action":{"type":"block"},"condition":{"initiatorDomains":["koeajolle.com"],"resourceTypes":["image"],"urlFilter":"||koeajolle.com/wp-content/uploads/*/pop-vakuutus-alennuskoodi.png"},"id":78,"priority":10},
{"action":{"type":"block"},"condition":{"initiatorDomains":["laitilansanomat.fi"],"resourceTypes":["image"],"urlFilter":"||laitilansanomat.fi^*/gallery/mainos*/"},"id":79,"priority":10},
{"action":{"type":"block"},"condition":{"resourceTypes":["image"],"urlFilter":"||media.power-cdn.net/images/pages/orderpage/*-power-huippudiili-*.jpg"},"id":80,"priority":10},
{"action":{"type":"block"},"condition":{"resourceTypes":["image"],"urlFilter":"||media.toimitilat.kauppalehti.fi/image.aspx?f=/banners/"},"id":81,"priority":10},
{"action":{"type":"block"},"condition":{"initiatorDomains":["mobiili.fi"],"resourceTypes":["image"],"urlFilter":"||mobiili.fi/wp-content/uploads/2019/08/bms_2019_980x120.jpg"},"id":82,"priority":10},
{"action":{"type":"block"},"condition":{"initiatorDomains":["mvlehti.net"],"resourceTypes":["image"],"urlFilter":"||mvlehti.net/image/adv.jpg"},"id":83,"priority":10},
{"action":{"type":"block"},"condition":{"initiatorDomains":["mvlehti.net"],"resourceTypes":["image"],"urlFilter":"||mvlehti.net/uploads/2021/06/halvinlaina-otsikko.jpg"},"id":84,"priority":10},
{"action":{"type":"block"},"condition":{"initiatorDomains":["sijoittaja.fi"],"resourceTypes":["image"],"urlFilter":"||no-cache.hubspot.com/cta/"},"id":85,"priority":10},
{"action":{"type":"block"},"condition":{"initiatorDomains":["pirkkalainen.com"],"resourceTypes":["image"],"urlFilter":"||pirkkalainen.com/images/mainospaikat/3.jpg"},"id":86,"priority":10},
{"action":{"type":"block"},"condition":{"initiatorDomains":["rakentaja.fi"],"resourceTypes":["image"],"urlFilter":"||rakentaja.fi/kuvat/esitykset/bannerit/*_keittiomaailma-schibsted-*-kampanja"},"id":87,"priority":10},
{"action":{"type":"block"},"condition":{"initiatorDomains":["retkilehti.fi"],"resourceTypes":["image"],"urlFilter":"||retkilehti.fi^*/calazo_banner_"},"id":88,"priority":10},
{"action":{"type":"block"},"condition":{"initiatorDomains":["riistalehti.fi"],"resourceTypes":["image"],"urlFilter":"||riistalehti.fi^*/haix-nature-camo-"},"id":89,"priority":10},
{"action":{"type":"block"},"condition":{"initiatorDomains":["riistalehti.fi"],"resourceTypes":["image"],"urlFilter":"||riistalehti.fi^*_banner_retki_nature_camo_"},"id":90,"priority":10},
{"action":{"type":"block"},"condition":{"resourceTypes":["image"],"urlFilter":"||testeri.fi/inc/museokortti.png"},"id":91,"priority":10},
{"action":{"type":"block"},"condition":{"initiatorDomains":["tiketti.fi"],"resourceTypes":["image"],"urlFilter":"||tiketti.fi/tiedostot/*/tiketti*_paraati_"},"id":92,"priority":10},
{"action":{"type":"block"},"condition":{"resourceTypes":["image"],"urlFilter":"||tohtorille.fi/content/img/op-banners/"},"id":93,"priority":10},
{"action":{"type":"block"},"condition":{"resourceTypes":["image"],"urlFilter":"||urbaanisanakirja.com/static/img/portsaad.png"},"id":94,"priority":10},
{"action":{"type":"block"},"condition":{"initiatorDomains":["futisfani.com","kiekkofani.com","penkkiurheilu.com","uutisankka.com"],"resourceTypes":["script"],"urlFilter":"/macro.adnami.io"},"id":95,"priority":10},
{"action":{"type":"block"},"condition":{"initiatorDomains":["episodi.fi","rumba.fi","tilt.fi"],"resourceTypes":["script"],"urlFilter":"/pop_media_*_fi_inarticle"},"id":96,"priority":10},
{"action":{"type":"block"},"condition":{"initiatorDomains":["aamuposti.fi","helsinginuutiset.fi","karkkilantienoo.fi","keski-uusimaa.fi","lansi-uusimaa.fi","lansivayla.fi","lappeenrannanuutiset.fi","lopenlehti.fi","loviisansanomat.fi","mantsalanuutiset.fi","nurmijarvenuutiset.fi","pyhtaanlehti.fi","seinajoensanomat.fi","sipoonsanomat.fi","tamperelainen.fi","turkulainen.fi","uusimaa.fi","vantaansanomat.fi","vihdinuutiset.fi"],"resourceTypes":["script"],"urlFilter":"||ap-online.media.fi/scripts/eneo*.dll"},"id":97,"priority":10},
{"action":{"type":"block"},"condition":{"initiatorDomains":["vau.fi"],"resourceTypes":["script"],"urlFilter":"||apps.sandviks.com/apix?x-method=elementservice.selectadvertiserelement"},"id":98,"priority":10},
{"action":{"type":"block"},"condition":{"initiatorDomains":["gekkonen.net","hevosurheilu.fi"],"resourceTypes":["script"],"urlFilter":"||cdn.bluebillywig.com/apps/player/"},"id":99,"priority":10},
{"action":{"type":"block"},"condition":{"resourceTypes":["script"],"urlFilter":"||cloudfront.net/poppartners/"},"id":100,"priority":10},
{"action":{"type":"block"},"condition":{"initiatorDomains":["telsu.fi"],"resourceTypes":["script"],"urlFilter":"||fundingchoicesmessages.google.com^"},"id":101,"priority":10},
{"action":{"type":"block"},"condition":{"initiatorDomains":["gamereactor.fi"],"resourceTypes":["script"],"urlFilter":"||gamereactor.fi^*/videojs.ads.js"},"id":102,"priority":10},
{"action":{"type":"block"},"condition":{"initiatorDomains":["kuvake.net"],"resourceTypes":["script"],"urlFilter":"||kuvake.net/js/bannerloader.js"},"id":103,"priority":10},
{"action":{"type":"block"},"condition":{"initiatorDomains":["akaanseutu.fi","lvs.fi","orivedensanomat.fi","radiosun.fi","shl.fi","ylojarvenuutiset.fi"],"resourceTypes":["script"],"urlFilter":"||menyt.azurewebsites.net/public/js/omamainos-widget"},"id":104,"priority":10},
{"action":{"type":"block"},"condition":{"initiatorDomains":["ilkkapohjalainen.fi"],"resourceTypes":["script"],"urlFilter":"||nyt.tassa.fi/ctxwidget/ipctxwidget.js"},"id":105,"priority":10},
{"action":{"type":"block"},"condition":{"resourceTypes":["script"],"urlFilter":"||otavamedia.fi/ad/"},"id":106,"priority":10},
{"action":{"type":"block"},"condition":{"initiatorDomains":["proshop.fi"],"resourceTypes":["script"],"urlFilter":"||proshop.fi/content/*/leadfamly.bundle.js"},"id":107,"priority":10},
{"action":{"type":"block"},"condition":{"resourceTypes":["script"],"urlFilter":"||riemurasia.net/js/ads.js"},"id":108,"priority":10},
{"action":{"type":"block"},"condition":{"initiatorDomains":["iltalehti.fi"],"resourceTypes":["script"],"urlFilter":"||script.ilcdn.fi/etua-lainalaskuri/etua-lainalaskuri.min.js"},"id":109,"priority":10},
{"action":{"type":"block"},"condition":{"initiatorDomains":["seksitreffit.fi"],"resourceTypes":["script"],"urlFilter":"||seksitreffit.fi/*popunder.js"},"id":110,"priority":10},
{"action":{"type":"block"},"condition":{"initiatorDomains":["10kysymysta.fi","alypaa.com"],"resourceTypes":["script"],"urlFilter":"||sf.nm-ovp.nelonenmedia.fi/player/games/ruutu-player-loader.js"},"id":111,"priority":10},
{"action":{"type":"block"},"condition":{"initiatorDomains":["ts.fi"],"resourceTypes":["script"],"urlFilter":"||ts.fi/adframe.js"},"id":112,"priority":10},
{"action":{"type":"block"},"condition":{"initiatorDomains":["vauva.fi"],"resourceTypes":["script"],"urlFilter":"||vauva.fi/modules/custom/vauva_cts/modules/vauva_cts_native/js/vauva_cts_native.js"},"id":113,"priority":10},
{"action":{"type":"block"},"condition":{"initiatorDomains":["vertaa.fi"],"resourceTypes":["script"],"urlFilter":"||vertaa.fi^*/showads.js"},"id":114,"priority":10},
{"action":{"type":"block"},"condition":{"initiatorDomains":["seutumajakka.fi"],"resourceTypes":["xmlhttprequest"],"urlFilter":"/common-column-ads"},"id":115,"priority":10},
{"action":{"type":"block"},"condition":{"initiatorDomains":["pkank.fi"],"resourceTypes":["xmlhttprequest"],"urlFilter":"/neoproxy.dll"},"id":116,"priority":10},
{"action":{"type":"block"},"condition":{"initiatorDomains":["s-kaupat.fi"],"resourceTypes":["xmlhttprequest"],"urlFilter":"||cfapi.voikukka.fi/graphql?operationname=citrusad&"},"id":117,"priority":10},
{"action":{"type":"block"},"condition":{"initiatorDomains":["keskustelu.kaksplus.fi"],"resourceTypes":["xmlhttprequest"],"urlFilter":"||kaksplus.fi/wp-json/feeds/ad-feed"},"id":118,"priority":10},
{"action":{"type":"block"},"condition":{"initiatorDomains":["kotikarjala.fi"],"resourceTypes":["xmlhttprequest"],"urlFilter":"||kotikarjala.fi/eneo?tem=ndap_ilmoitus&"},"id":119,"priority":10},
{"action":{"type":"block"},"condition":{"initiatorDomains":["ls24.fi"],"resourceTypes":["sub_frame"],"urlFilter":"||asuntorauma.fi/iframe/uusimmat"},"id":120,"priority":10},
{"action":{"type":"block"},"condition":{"resourceTypes":["sub_frame"],"urlFilter":"||feed.autotalli.com/bannerdata/html/*.html"},"id":121,"priority":10},
{"action":{"type":"block"},"condition":{"resourceTypes":["sub_frame"],"urlFilter":"||feed.etuovi.com/etuovi/html/*.html"},"id":122,"priority":10},
{"action":{"type":"block"},"condition":{"resourceTypes":["sub_frame"],"urlFilter":"||hintaseuranta.fi/*/tripsteri_boxes/"},"id":123,"priority":10},
{"action":{"type":"block"},"condition":{"initiatorDomains":["kalamies.com"],"resourceTypes":["sub_frame"],"urlFilter":"||kalamies.com/?_dnid="},"id":124,"priority":10},
{"action":{"type":"block"},"condition":{"initiatorDomains":["is.fi"],"resourceTypes":["sub_frame"],"urlFilter":"||kampanjat.is.fi/alennuskoodit-promo/index.html"},"id":125,"priority":10},
{"action":{"type":"block"},"condition":{"initiatorDomains":["m.riemurasia.net"],"resourceTypes":["sub_frame"],"urlFilter":"||m.riemurasia.net/reklaami.php"},"id":126,"priority":10},
{"action":{"type":"block"},"condition":{"initiatorDomains":["ampparit.com"],"resourceTypes":["sub_frame"],"urlFilter":"||nettiauto.com/en/ampparitbanner*.php"},"id":127,"priority":10},
{"action":{"type":"block"},"condition":{"resourceTypes":["sub_frame"],"urlFilter":"||superskills.fi/fi*?isiframe=true"},"id":128,"priority":10},
{"action":{"type":"block"},"condition":{"resourceTypes":["sub_frame"],"urlFilter":"||testeri.fi/ext_telsu"},"id":129,"priority":10},
{"action":{"type":"block"},"condition":{"resourceTypes":["sub_frame"],"urlFilter":"||vg.is.fi/autotie-is-*/"},"id":130,"priority":10},
{"action":{"type":"block"},"condition":{"initiatorDomains":["futisfani.com","kiekkofani.com","penkkiurheilu.com","uutisankka.com"],"resourceTypes":["media"],"urlFilter":"_300x300_*.mp4"},"id":131,"priority":10},
{"action":{"type":"block"},"condition":{"resourceTypes":["media"],"urlFilter":"||com-wakedynamite-production-publish.s3.amazonaws.com/publish/"},"id":132,"priority":10},
{"action":{"type":"block"},"condition":{"resourceTypes":["media"],"urlFilter":"||nelonenmedia-pmd-ads-*.nm-stream.nelonenmedia.fi^"},"id":133,"priority":10},
{"action":{"type":"allow"},"condition":{"initiatorDomains":["oma.posti.fi"],"urlFilter":"||service.force.com^"},"id":134,"priority":30},
{"action":{"type":"block"},"condition":{"domainType":"thirdParty","requestDomains":["ad.citycdn.fi","ad.ilcdn.fi","affiliate.guts.com","auto1.fi","carousel-prod-kaleva-fi.s3.amazonaws.com","celtra.com","cjar.a-lehdet.fi","expekt.com","hintaopas.fi","honestpartners.com","improveads.fi","kake.fi","media.vuokraovi.com","nayadaya.com","rantapallo.fi","revimages.motouutiset.fi"]},"id":135,"priority":10},
{"action":{"type":"block"},"condition":{"domainType":"thirdParty","urlFilter":"||cloudfront.net/images/backgroundimages/backgroundimage^"},"id":136,"priority":10},
{"action":{"type":"block"},"condition":{"domainType":"thirdParty","requestDomains":["c1.hinta.fi","nostemedia.bbvms.com","strongbox.nostemedia.fi"],"resourceTypes":["script"]},"id":137,"priority":10},
{"action":{"type":"allow"},"condition":{"initiatorDomains":["mtv.fi","mtvuutiset.fi"],"urlFilter":"||fi-mtv3.videoplaza.tv/proxy/distributor"},"id":138,"priority":30},
{"action":{"type":"allow"},"condition":{"initiatorDomains":["elisa.fi"],"resourceTypes":["script"],"urlFilter":"||conductrics.com^"},"id":139,"priority":30},
{"action":{"type":"allow"},"condition":{"initiatorDomains":["verkkopalvelu.turva.fi"],"resourceTypes":["script"],"urlFilter":"||adobedtm.com^"},"id":140,"priority":30},
{"action":{"type":"allow"},"condition":{"initiatorDomains":["mtvuutiset.fi"],"urlFilter":"leiki.com/mtv3/mwidget"},"id":141,"priority":30},
{"action":{"type":"allow"},"condition":{"initiatorDomains":["mtvuutiset.fi"],"urlFilter":"leiki.com/mtv3/widgets/loader/"},"id":142,"priority":30},
{"action":{"type":"block"},"condition":{"resourceTypes":["sub_frame"],"urlFilter":"||recommendations.asunnot.oikotie.fi^"},"id":143,"priority":10},
{"action":{"type":"allow"},"condition":{"urlFilter":"||tags.tiqcdn.com/utag/sanoma-fi/*/utag.js"},"id":144,"priority":30},
{"action":{"type":"allow"},"condition":{"initiatorDomains":["www.seurakuntalainen.fi"],"urlFilter":"||consent.cookiebot.com/uc.js"},"id":145,"priority":30},
{"action":{"type":"allow"},"condition":{"initiatorDomains":["www.seurakuntalainen.fi"],"urlFilter":"||consent.cookiebot.com/*/cc.js?renew=true"},"id":146,"priority":30},
{"action":{"type":"allow"},"condition":{"initiatorDomains":["www.seurakuntalainen.fi"],"urlFilter":"||consent.cookiebot.com/logconsent.ashx"},"id":147,"priority":30},
{"action":{"type":"allow"},"condition":{"initiatorDomains":["pohjanmaanhyvinvointi.fi"],"urlFilter":"||googletagmanager.com/gtm.js"},"id":148,"priority":30},
{"action":{"type":"allow"},"condition":{"requestDomains":["netstat.ayy.fi","teliafi-chat.lekane.net"]},"id":149,"priority":30},
{"action":{"type":"allow"},"condition":{"initiatorDomains":["mobiili.fi"],"resourceTypes":["image"],"urlFilter":"||adservicemedia.dk/"},"id":150,"priority":30},
{"action":{"type":"allow"},"condition":{"initiatorDomains":["www.netrauta.fi"],"resourceTypes":["image"],"urlFilter":"/media/banners/"},"id":151,"priority":30},
{"action":{"type":"block"},"condition":{"resourceTypes":["media"],"urlFilter":"||freewheel-jitt.sanoma.fi^"},"id":152,"priority":10},
{"action":{"type":"allow"},"condition":{"initiatorDomains":["arvopaperi.fi","kauppalehti.fi","mediuutiset.fi","mikrobitti.fi","talouselama.fi","tekniikkatalous.fi","tivi.fi","uusisuomi.fi"],"resourceTypes":["script"],"urlFilter":"||googletagmanager.com/gtm.js"},"id":153,"priority":30},
{"action":{"type":"allow"},"condition":{"domainType":"firstParty","urlFilter":"||click.redditmail.com^"},"id":154,"priority":30},
{"action":{"type":"allow"},"condition":{"initiatorDomains":["telsu.fi"],"resourceTypes":["script"],"urlFilter":"||securepubads.g.doubleclick.net/pagead/managed/js/gpt/*/pubads_impl.js"},"id":155,"priority":30},
{"action":{"type":"allow"},"condition":{"resourceTypes":["script"],"urlFilter":"||srk.fi/*/cookielaw.js"},"id":156,"priority":30},
{"action":{"type":"allow"},"condition":{"initiatorDomains":["www.tek.fi"],"resourceTypes":["script"],"urlFilter":"/eu_cookie_compliance.min.js"},"id":157,"priority":30},
{"action":{"type":"allow"},"condition":{"initiatorDomains":["mtv.fi","mtvuutiset.fi"],"resourceTypes":["xmlhttprequest"],"urlFilter":"||fwmrm.net/ad/g/*mtv"},"id":158,"priority":30},
{"action":{"type":"allow"},"condition":{"initiatorDomains":["verkkouutiset.fi"],"resourceTypes":["xmlhttprequest"],"urlFilter":"||adserve.adcoin.com/display/ad_block/"},"id":159,"priority":30},
{"action":{"type":"allow"},"condition":{"resourceTypes":["xmlhttprequest"],"urlFilter":"||sf.nm-ovp.nelonenmedia.fi/logger/logger-ini.json"},"id":160,"priority":30},
{"action":{"type":"allow"},"condition":{"initiatorDomains":["power.fi"],"resourceTypes":["xmlhttprequest"],"urlFilter":"||power.fi/umbraco/api/tracking/trackorder"},"id":161,"priority":30},
{"action":{"type":"allow"},"condition":{"initiatorDomains":["elisa.fi"],"resourceTypes":["xmlhttprequest"],"urlFilter":"||publish.ne.cision.com/"},"id":162,"priority":30},
{"action":{"type":"allow"},"condition":{"initiatorDomains":["seiska.fi"],"resourceTypes":["media"],"urlFilter":"||seiska.b-cdn.net/mainos.mp4"},"id":163,"priority":30},
{"action":{"type":"allow"},"condition":{"initiatorDomains":["track.adform.net"],"resourceTypes":["main_frame"],"urlFilter":"||track.adform.net/*dna.fi/"},"id":164,"priority":30},
{"action":{"type":"allow"},"condition":{"initiatorDomains":["clk.tradedoubler.com"],"resourceTypes":["main_frame"],"urlFilter":"||clk.tradedoubler.com/click*cdon.fi"},"id":165,"priority":30},
{"action":{"type":"allow"},"condition":{"initiatorDomains":["ad.doubleclick.net"],"resourceTypes":["main_frame"],"urlFilter":"||ad.doubleclick.net/ddm/clk/*coolshop.fi/tuote/"},"id":166,"priority":30},
{"action":{"type":"allow"},"condition":{"domainType":"thirdParty","initiatorDomains":["elisa.fi"],"urlFilter":"||googletagmanager.com/gtm.js?"},"id":168,"priority":30},
{"action":{"type":"block"},"condition":{"resourceTypes":["image"],"urlFilter":"||juomaposti.fi/wp-content/uploads/*/paraatibanner-mobiili.jpg"},"id":169,"priority":10},
{"action":{"type":"block"},"condition":{"initiatorDomains":["mtv.fi","mtvuutiset.fi"],"resourceTypes":["xmlhttprequest"],"urlFilter":"||fi-mtv3.videoplaza.tv/proxy/distributor/*&xpb=1"},"id":170,"priority":40}
]
