[
{"action":{"type":"block"},"condition":{"urlFilter":"||2mdn.net/2629844/"},"id":1,"priority":10},
{"action":{"type":"block"},"condition":{"urlFilter":"||65.109.238.16/openx-2.4.6/www/delivery/"},"id":2,"priority":10},
{"action":{"type":"block"},"condition":{"urlFilter":"||ads.e-go.gr/gbanner/"},"id":3,"priority":10},
{"action":{"type":"block"},"condition":{"urlFilter":"||agronews.gr/images/banners/"},"id":4,"priority":10},
{"action":{"type":"block"},"condition":{"urlFilter":"||alogos.gr/images/banners/"},"id":5,"priority":10},
{"action":{"type":"block"},"condition":{"urlFilter":"||anendotos.gr/ads/"},"id":6,"priority":10},
{"action":{"type":"block"},"condition":{"urlFilter":"||astrack.mediacdn.com/ipquery?siteorigin=sportfm"},"id":7,"priority":10},
{"action":{"type":"block"},"condition":{"urlFilter":"||asxetos.gr/ban/"},"id":8,"priority":10},
{"action":{"type":"block"},"condition":{"urlFilter":"||avclub.gr/forum/images/banners/"},"id":9,"priority":10},
{"action":{"type":"block"},"condition":{"urlFilter":"||avgi.gr/images/photoarchive/banners/"},"id":10,"priority":10},
{"action":{"type":"block"},"condition":{"urlFilter":"||avopolis.gr/banners/*.swf"},"id":11,"priority":10},
{"action":{"type":"block"},"condition":{"urlFilter":"||avopolis.gr/images/ote*.gif"},"id":12,"priority":10},
{"action":{"type":"block"},"condition":{"urlFilter":"||avopolis.gr/images/backskin5.gif"},"id":13,"priority":10},
{"action":{"type":"block"},"condition":{"urlFilter":"||ax-easy.com/banners/"},"id":14,"priority":10},
{"action":{"type":"block"},"condition":{"urlFilter":"||banners.otenet.gr/banner/all_banners/"},"id":15,"priority":10},
{"action":{"type":"block"},"condition":{"urlFilter":"||bestprice.gr/promos/allshops/"},"id":16,"priority":10},
{"action":{"type":"block"},"condition":{"urlFilter":"||boukouvalas.org/*.gif^"},"id":17,"priority":10},
{"action":{"type":"block"},"condition":{"urlFilter":"||cacheserve.williamhill.com/"},"id":18,"priority":10},
{"action":{"type":"block"},"condition":{"urlFilter":"||cacheserve.williamhillcasino.com/"},"id":19,"priority":10},
{"action":{"type":"block"},"condition":{"urlFilter":"||capital.gr/banners/staticbanners/"},"id":20,"priority":10},
{"action":{"type":"block"},"condition":{"urlFilter":"||connextra.com/vistabet/"},"id":21,"priority":10},
{"action":{"type":"block"},"condition":{"urlFilter":"||contra.gr/xml/sponsors/"},"id":22,"priority":10},
{"action":{"type":"block"},"condition":{"urlFilter":"||corfuland.gr/images/banners/"},"id":23,"priority":10},
{"action":{"type":"block"},"condition":{"urlFilter":"||dev.realize.gr/temp/away.swf?"},"id":24,"priority":10},
{"action":{"type":"block"},"condition":{"urlFilter":"||e-cannibals.gr/blog/wp-content/uploads/kanivaloiad.jpg^"},"id":25,"priority":10},
{"action":{"type":"block"},"condition":{"urlFilter":"||e-cannibals.gr/blog/wp-content/uploads/sm_kanivaloiad.jpg^"},"id":26,"priority":10},
{"action":{"type":"block"},"condition":{"urlFilter":"||e-cannibals.gr/blog/wp-content/uploads/somafusion_adsb.jpg^"},"id":27,"priority":10},
{"action":{"type":"block"},"condition":{"urlFilter":"||e-shop.gr/banners/spamet.swf^"},"id":28,"priority":10},
{"action":{"type":"block"},"condition":{"urlFilter":"||edu4u.gr/portals/0/banners/"},"id":29,"priority":10},
{"action":{"type":"block"},"condition":{"urlFilter":"||epiruspost.gr/images/banners/"},"id":30,"priority":10},
{"action":{"type":"block"},"condition":{"urlFilter":"||files.capital.gr/adserver/"},"id":31,"priority":10},
{"action":{"type":"block"},"condition":{"urlFilter":"||files.capital.gr/banners/"},"id":32,"priority":10},
{"action":{"type":"block"},"condition":{"urlFilter":"||files.capital.gr/images/dowjones/dowjones_home_logo_small.jpg"},"id":33,"priority":10},
{"action":{"type":"block"},"condition":{"urlFilter":"||flights.gr/tromaktikos/"},"id":34,"priority":10},
{"action":{"type":"block"},"condition":{"urlFilter":"||forthnet.gr/media/banners/driveme/"},"id":35,"priority":10},
{"action":{"type":"block"},"condition":{"urlFilter":"||geoloc12.geovisite.com:82/private/geocounter.js"},"id":36,"priority":10},
{"action":{"type":"block"},"condition":{"urlFilter":"||gpoint.com.gr/*.swf^"},"id":37,"priority":10},
{"action":{"type":"block"},"condition":{"urlFilter":"||greeklug.gr/images/banners/"},"id":38,"priority":10},
{"action":{"type":"block"},"condition":{"urlFilter":"||greektube.org/images/banners/"},"id":39,"priority":10},
{"action":{"type":"block"},"condition":{"urlFilter":"||imagehosting.gr/images/"},"id":40,"priority":10},
{"action":{"type":"block"},"condition":{"urlFilter":"||imageshack.gr/banners/"},"id":41,"priority":10},
{"action":{"type":"block"},"condition":{"urlFilter":"||imagine897.gr/dat/"},"id":42,"priority":10},
{"action":{"type":"block"},"condition":{"urlFilter":"||imerisia.gr/slidingpen/"},"id":43,"priority":10},
{"action":{"type":"block"},"condition":{"urlFilter":"||in.gr/banners/"},"id":44,"priority":10},
{"action":{"type":"block"},"condition":{"urlFilter":"||in.gr/files/1/2010/ingr-ovinokia.gif"},"id":45,"priority":10},
{"action":{"type":"block"},"condition":{"urlFilter":"||in.gr/files/1/sponsors/"},"id":46,"priority":10},
{"action":{"type":"block"},"condition":{"urlFilter":"||in.gr/googleadscode/"},"id":47,"priority":10},
{"action":{"type":"block"},"condition":{"urlFilter":"||insomnia.gr/templates/insomnia/images/battleleft.jpg^"},"id":48,"priority":10},
{"action":{"type":"block"},"condition":{"urlFilter":"||insomnia.gr/templates/insomnia/images/cartoonbattle.jpg^"},"id":49,"priority":10},
{"action":{"type":"block"},"condition":{"urlFilter":"||ioannina24.gr//images/banners/"},"id":50,"priority":10},
{"action":{"type":"block"},"condition":{"urlFilter":"||ioannina24.gr/images/banners/"},"id":51,"priority":10},
{"action":{"type":"block"},"condition":{"urlFilter":"||kathimerini.gr/webadmin/ellada/bca/"},"id":52,"priority":10},
{"action":{"type":"block"},"condition":{"urlFilter":"||kathimerini.gr/webadmin/glife/chartis/"},"id":53,"priority":10},
{"action":{"type":"block"},"condition":{"urlFilter":"||kathimerini.gr/webadmin/techno/connx/"},"id":54,"priority":10},
{"action":{"type":"block"},"condition":{"urlFilter":"||lifo.gr/adsimg/"},"id":55,"priority":10},
{"action":{"type":"block"},"condition":{"urlFilter":"||livikos.gr/adserver/"},"id":56,"priority":10},
{"action":{"type":"block"},"condition":{"urlFilter":"||makthes.gr/filestore/banners/"},"id":57,"priority":10},
{"action":{"type":"block"},"condition":{"urlFilter":"||media.adslgr.com/www/images/1a31027deca376bfb2a140554a29a047.jpg^"},"id":58,"priority":10},
{"action":{"type":"block"},"condition":{"urlFilter":"||media.adslgr.com/www/images/8d9b102aab0f8990eeeef58b57ed2c49.gif^"},"id":59,"priority":10},
{"action":{"type":"block"},"condition":{"urlFilter":"||media.adslgr.com/www/images/934adc119cb74c815df8b1697cae4c98.png^"},"id":60,"priority":10},
{"action":{"type":"block"},"condition":{"urlFilter":"||media2.feed.gr/filesystem/images/20090810/low/"},"id":61,"priority":10},
{"action":{"type":"block"},"condition":{"urlFilter":"||media2.feed.gr/pegasus/multimedia/swf/"},"id":62,"priority":10},
{"action":{"type":"block"},"condition":{"urlFilter":"||meteo.gr/addscust/"},"id":63,"priority":10},
{"action":{"type":"block"},"condition":{"urlFilter":"||meteo.gr/absolutebmxe/banners/"},"id":64,"priority":10},
{"action":{"type":"block"},"condition":{"urlFilter":"||michanikos.gr/images/banner/"},"id":65,"priority":10},
{"action":{"type":"block"},"condition":{"urlFilter":"||moneybookers.com/images/banners/gr/"},"id":66,"priority":10},
{"action":{"type":"block"},"condition":{"urlFilter":"||myshopper.gr/ads/"},"id":67,"priority":10},
{"action":{"type":"block"},"condition":{"urlFilter":"||neo.gr/images/banners/"},"id":68,"priority":10},
{"action":{"type":"block"},"condition":{"urlFilter":"||neo.gr/website/ebuy-shops/"},"id":69,"priority":10},
{"action":{"type":"block"},"condition":{"urlFilter":"||paokmania.gr/images/banner_"},"id":70,"priority":10},
{"action":{"type":"block"},"condition":{"urlFilter":"||paokmania.gr/images/banners/"},"id":71,"priority":10},
{"action":{"type":"block"},"condition":{"urlFilter":"||paokmania.gr/images/stories/"},"id":72,"priority":10},
{"action":{"type":"block"},"condition":{"urlFilter":"||partypartners.com/images/marketing-materials/partycasino/greek/"},"id":73,"priority":10},
{"action":{"type":"block"},"condition":{"urlFilter":"||plaisio.gr/bannerimages/0910/"},"id":74,"priority":10},
{"action":{"type":"block"},"condition":{"urlFilter":"||politis-news.com/banners/"},"id":75,"priority":10},
{"action":{"type":"block"},"condition":{"urlFilter":"||prasini.gr/images/stories/banners/"},"id":76,"priority":10},
{"action":{"type":"block"},"condition":{"urlFilter":"||protothema.gr/hyperads/"},"id":77,"priority":10},
{"action":{"type":"block"},"condition":{"urlFilter":"||real.gr/files/advbanners/"},"id":78,"priority":10},
{"action":{"type":"block"},"condition":{"urlFilter":"||resources.sport-fm.gr/sportfm/banners/"},"id":79,"priority":10},
{"action":{"type":"block"},"condition":{"urlFilter":"||resources.sport-fm.gr/supersportfm/images/layout/campaigns/"},"id":80,"priority":10},
{"action":{"type":"block"},"condition":{"urlFilter":"||scdn.gr/images/helmet/promo_material/"},"id":81,"priority":10},
{"action":{"type":"block"},"condition":{"urlFilter":"||sport-fm.gr/resrc/images/layout/campaigns/eshop/"},"id":82,"priority":10},
{"action":{"type":"block"},"condition":{"urlFilter":"||sport-fm.gr/resrc/images/layout/campaigns/europa/"},"id":83,"priority":10},
{"action":{"type":"block"},"condition":{"urlFilter":"||sport24.gr/ast/ads/fil/"},"id":84,"priority":10},
{"action":{"type":"block"},"condition":{"urlFilter":"||sportsioannina.gr/images/stories/ads/"},"id":85,"priority":10},
{"action":{"type":"block"},"condition":{"urlFilter":"||star-tv.gr/assets/media/swf/"},"id":86,"priority":10},
{"action":{"type":"block"},"condition":{"urlFilter":"||static01.aek365.gr/ads/"},"id":87,"priority":10},
{"action":{"type":"block"},"condition":{"urlFilter":"||stercinemas.gr/stercinemas/sterimageslive/banners/right%20banners/emporiki"},"id":88,"priority":10},
{"action":{"type":"block"},"condition":{"urlFilter":"||stercinemas.gr/stercinemas/sterimageslive/nescafe"},"id":89,"priority":10},
{"action":{"type":"block"},"condition":{"urlFilter":"||tech.in.gr/themes/1/default/media/technology/skin/htc_left.jpg^"},"id":90,"priority":10},
{"action":{"type":"block"},"condition":{"urlFilter":"||tech.in.gr/themes/1/default/media/technology/skin/htc_right.jpg^"},"id":91,"priority":10},
{"action":{"type":"block"},"condition":{"urlFilter":"||tech.in.gr/themes/1/default/media/technology/htc-1280grey.jpg^"},"id":92,"priority":10},
{"action":{"type":"block"},"condition":{"urlFilter":"||videos.stifora.gr/banners/"},"id":93,"priority":10},
{"action":{"type":"block"},"condition":{"urlFilter":"||villagecinemas.gr/media/banners/"},"id":94,"priority":10},
{"action":{"type":"block"},"condition":{"urlFilter":"||vrisko.gr/logos/public/tromaktiko/3-300x250.swf^"},"id":95,"priority":10},
{"action":{"type":"block"},"condition":{"urlFilter":"||wagershare.com/affiliate_media/flashbanners/"},"id":96,"priority":10},
{"action":{"type":"block"},"condition":{"urlFilter":"||wk.kathimerini.gr/webadmin/woman/gifsxor/"},"id":97,"priority":10},
{"action":{"type":"block"},"condition":{"urlFilter":"||xe.gr/professionalservices/banners/"},"id":98,"priority":10},
{"action":{"type":"block"},"condition":{"urlFilter":"||zougla.gr/hyperads/"},"id":99,"priority":10},
{"action":{"type":"block"},"condition":{"urlFilter":"||zougla.gr/uploads/thomas/travel_city_banner*"},"id":100,"priority":10},
{"action":{"type":"block"},"condition":{"urlFilter":"||2810.gr/images/2810photo/pelates1/"},"id":101,"priority":10},
{"action":{"type":"block"},"condition":{"urlFilter":"||alfavita.gr/sites/default/files/efsyn_4.png"},"id":102,"priority":10},
{"action":{"type":"block"},"condition":{"urlFilter":"||alfavita.gr/sites/www.alfavita.gr/themes/mixon/images/bannernew.swf"},"id":103,"priority":10},
{"action":{"type":"block"},"condition":{"urlFilter":"||apergia.gr/images/adds/"},"id":104,"priority":10},
{"action":{"type":"block"},"condition":{"urlFilter":"||argiro.gr/images/promotions/"},"id":105,"priority":10},
{"action":{"type":"block"},"condition":{"urlFilter":"||athensvoice.gr/files/honda/"},"id":106,"priority":10},
{"action":{"type":"block"},"condition":{"urlFilter":"||athensvoice.gr/files/samsung/"},"id":107,"priority":10},
{"action":{"type":"block"},"condition":{"urlFilter":"||athensvoice.gr/files/tezenis/"},"id":108,"priority":10},
{"action":{"type":"block"},"condition":{"urlFilter":"||athinorama.gr/adv/lmnts/"},"id":109,"priority":10},
{"action":{"type":"block"},"condition":{"urlFilter":"||athinorama.gr/lmnts/skins/"},"id":110,"priority":10},
{"action":{"type":"block"},"condition":{"urlFilter":"||away.gr/wp-content/themes/carrington_away/images/footer_l.jpg"},"id":111,"priority":10},
{"action":{"type":"block"},"condition":{"urlFilter":"||bourdela.com/images/banners/"},"id":112,"priority":10},
{"action":{"type":"block"},"condition":{"urlFilter":"||bourdela.com/studiobanners/"},"id":113,"priority":10},
{"action":{"type":"block"},"condition":{"urlFilter":"||call.thebutterfly.eu/snippet/"},"id":114,"priority":10},
{"action":{"type":"block"},"condition":{"urlFilter":"||cdn.cnngreece.gr/media/com_news/ads/4/skin_new_cosmote_2.jpg"},"id":115,"priority":10},
{"action":{"type":"block"},"condition":{"urlFilter":"||cdn.cnngreece.gr/templates/kgt_cnn/images/sponsors/videobox_1800x900.png"},"id":116,"priority":10},
{"action":{"type":"block"},"condition":{"urlFilter":"||cdn1.bbend.net/media/com_news/ads/"},"id":117,"priority":10},
{"action":{"type":"block"},"condition":{"urlFilter":"||cheapis.gr/widget/"},"id":118,"priority":10},
{"action":{"type":"block"},"condition":{"urlFilter":"||clickgr.gr/picture_library/"},"id":119,"priority":10},
{"action":{"type":"block"},"condition":{"urlFilter":"||comedylab.gr/ad/"},"id":120,"priority":10},
{"action":{"type":"block"},"condition":{"urlFilter":"||commission.gr/on/"},"id":121,"priority":10},
{"action":{"type":"block"},"condition":{"urlFilter":"||contra.gr/*/binary/original/adidas*.js"},"id":122,"priority":10},
{"action":{"type":"block"},"condition":{"urlFilter":"||contra.gr/basketball/article1799945.ece/binary/original"},"id":123,"priority":10},
{"action":{"type":"block"},"condition":{"urlFilter":"||contra.gr/columns/paparazzi/article1188372.ece/binary/original"},"id":124,"priority":10},
{"action":{"type":"block"},"condition":{"urlFilter":"||contra.gr/columns/article1348068.ece/binary/original"},"id":125,"priority":10},
{"action":{"type":"block"},"condition":{"urlFilter":"||contra.gr/soccer/article1188569.ece/binary/"},"id":126,"priority":10},
{"action":{"type":"block"},"condition":{"urlFilter":"||contra.gr/soccer/article1188575.ece/binary/"},"id":127,"priority":10},
{"action":{"type":"block"},"condition":{"urlFilter":"||contra.gr/genika/article1698130.ece/binary/original/ts.jpg"},"id":128,"priority":10},
{"action":{"type":"block"},"condition":{"urlFilter":"||contra.gr/genika/article1805738.ece/binary/original/cbg.png"},"id":129,"priority":10},
{"action":{"type":"block"},"condition":{"urlFilter":"||contra.gr/genika/article1938232.ece/binary/original/header.png"},"id":130,"priority":10},
{"action":{"type":"block"},"condition":{"urlFilter":"||contra.gr/genika/article2841960.ece/binary/original/contra-editors-skin.jpg"},"id":131,"priority":10},
{"action":{"type":"block"},"condition":{"urlFilter":"||contra.gr/incoming/article4110736.ece/binary/original/stoiximan_contra.png"},"id":132,"priority":10},
{"action":{"type":"block"},"condition":{"urlFilter":"||contra.gr/latest/article1196807.ece/binary/"},"id":133,"priority":10},
{"action":{"type":"block"},"condition":{"urlFilter":"||contra.gr/livematches/article1559168.ece/binary/original/contra_mc_opel_logo.png"},"id":134,"priority":10},
{"action":{"type":"block"},"condition":{"urlFilter":"||contra.gr/multimedia/article3498428.ece/binary/original/contra-articlepng.png"},"id":135,"priority":10},
{"action":{"type":"block"},"condition":{"urlFilter":"||contra.gr/multimedia/article3498429.ece/binary/original/sport24hp-left.png"},"id":136,"priority":10},
{"action":{"type":"block"},"condition":{"urlFilter":"||contra.gr/multimedia/article3508528.ece/binary/original/stoiximan.png"},"id":137,"priority":10},
{"action":{"type":"block"},"condition":{"urlFilter":"||contra.gr/multimedia/article3679751.ece/binary/original/contra-fasa-hp.png"},"id":138,"priority":10},
{"action":{"type":"block"},"condition":{"urlFilter":"||contra.gr/multimedia/article4122214.ece/binary/original/stoiximan-euro2016.jpg"},"id":139,"priority":10},
{"action":{"type":"block"},"condition":{"urlFilter":"||contra.gr/test/article1194453.ece/binary/original"},"id":140,"priority":10},
{"action":{"type":"block"},"condition":{"urlFilter":"||contra.gr/test/article1315085.ece/binary/"},"id":141,"priority":10},
{"action":{"type":"block"},"condition":{"urlFilter":"||contra.gr/test/article1315517.ece/binary/original"},"id":142,"priority":10},
{"action":{"type":"block"},"condition":{"urlFilter":"||contra.gr/test/article1316979.ece/binary/original"},"id":143,"priority":10},
{"action":{"type":"block"},"condition":{"urlFilter":"||contra.gr/vathmologies/article1589967.ece/binary/original/"},"id":144,"priority":10},
{"action":{"type":"block"},"condition":{"urlFilter":"||cosmo.gr/xml/sponsors/"},"id":145,"priority":10},
{"action":{"type":"block"},"condition":{"urlFilter":"||cosmo.gr/incoming/article1337227.ece/binary/"},"id":146,"priority":10},
{"action":{"type":"block"},"condition":{"urlFilter":"||cosmo.gr/latestarticles/article2315555.ece/binary/original"},"id":147,"priority":10},
{"action":{"type":"block"},"condition":{"urlFilter":"||cretalive.gr/flash/full_banner/"},"id":148,"priority":10},
{"action":{"type":"block"},"condition":{"urlFilter":"||cretalive.gr/img/frontend/banners/"},"id":149,"priority":10},
{"action":{"type":"block"},"condition":{"urlFilter":"||cretalive.gr/img/frontend/businesscatalog/"},"id":150,"priority":10},
{"action":{"type":"block"},"condition":{"urlFilter":"||dealin.gr/iframes/5/"},"id":151,"priority":10},
{"action":{"type":"block"},"condition":{"urlFilter":"||defencenet.gr/defence/images/aroma300x250_black.jpg"},"id":152,"priority":10},
{"action":{"type":"block"},"condition":{"urlFilter":"||defencenet.gr/defence/images/banners/"},"id":153,"priority":10},
{"action":{"type":"block"},"condition":{"urlFilter":"||dikaiologitika.gr/images/banners/defence1.gif"},"id":154,"priority":10},
{"action":{"type":"block"},"condition":{"urlFilter":"||e-ptolemeos.gr/wp-content/uploads/2017/05/roi-eid-ban.jpg"},"id":155,"priority":10},
{"action":{"type":"block"},"condition":{"urlFilter":"||ebusiness-interactive.forthnet.gr/portalsites/livescores/"},"id":156,"priority":10},
{"action":{"type":"block"},"condition":{"urlFilter":"||efsyn.gr/ads/"},"id":157,"priority":10},
{"action":{"type":"block"},"condition":{"urlFilter":"||efsyn.gr/wp-content/uploads/2013/10/banner*"},"id":158,"priority":10},
{"action":{"type":"block"},"condition":{"urlFilter":"||efsyn.gr/wp-content/uploads/2014/05/housebanner300x250d.jpg"},"id":159,"priority":10},
{"action":{"type":"block"},"condition":{"urlFilter":"||egnatiapost.gr/images/banners/"},"id":160,"priority":10},
{"action":{"type":"block"},"condition":{"urlFilter":"||egob2.feed.gr/filesystem/images/20130927/low/"},"id":161,"priority":10},
{"action":{"type":"block"},"condition":{"urlFilter":"||eleftheria.gr/images/banners^"},"id":162,"priority":10},
{"action":{"type":"block"},"condition":{"urlFilter":"||emea.gr/banner.php"},"id":163,"priority":10},
{"action":{"type":"block"},"condition":{"urlFilter":"||emea.gr/ftp_files/"},"id":164,"priority":10},
{"action":{"type":"block"},"condition":{"urlFilter":"||enikos.gr/banners/bg/"},"id":165,"priority":10},
{"action":{"type":"block"},"condition":{"urlFilter":"||entertv.gr/sites/default/files/entertv_skin*"},"id":166,"priority":10},
{"action":{"type":"block"},"condition":{"urlFilter":"||flix.gr/skins/"},"id":167,"priority":10},
{"action":{"type":"block"},"condition":{"urlFilter":"||flix.gr/static/skins/"},"id":168,"priority":10},
{"action":{"type":"block"},"condition":{"urlFilter":"||forthnet.gr/media/banners/geodata/"},"id":169,"priority":10},
{"action":{"type":"block"},"condition":{"urlFilter":"||fvcreatives.s3.amazonaws.com/perrier/20131115/banners/img/"},"id":170,"priority":10},
{"action":{"type":"block"},"condition":{"urlFilter":"||gameover.gr/images/promotion/fifa12/"},"id":171,"priority":10},
{"action":{"type":"block"},"condition":{"urlFilter":"||gazzetta.gr/images/banners/"},"id":172,"priority":10},
{"action":{"type":"block"},"condition":{"urlFilter":"||gazzetta.gr/sites/all/themes/basic/images/banners/pokerstar*.jpg"},"id":173,"priority":10},
{"action":{"type":"block"},"condition":{"urlFilter":"||gazzetta.gr/sites/default/files/anytime*.jpg"},"id":174,"priority":10},
{"action":{"type":"block"},"condition":{"urlFilter":"||gossip-tv.gr/images/banner"},"id":175,"priority":10},
{"action":{"type":"block"},"condition":{"urlFilter":"||gossip-tv.gr/media/com_skins/skins/"},"id":176,"priority":10},
{"action":{"type":"block"},"condition":{"urlFilter":"||greek-movies.com/icon/banner"},"id":177,"priority":10},
{"action":{"type":"block"},"condition":{"urlFilter":"||hiphop.gr/ads/"},"id":178,"priority":10},
{"action":{"type":"block"},"condition":{"urlFilter":"||iefimerida.gr/sites/all/themes/base/images/*chivas*"},"id":179,"priority":10},
{"action":{"type":"block"},"condition":{"urlFilter":"||imerisia.gr/images/top_stories_xorhgia2.gif"},"id":180,"priority":10},
{"action":{"type":"block"},"condition":{"urlFilter":"||in.gr/themes/1/default/media/adsl_in-gr_logo.jpg"},"id":181,"priority":10},
{"action":{"type":"block"},"condition":{"urlFilter":"||in.gr/themes/1/default/media/ub_180x18.gif"},"id":182,"priority":10},
{"action":{"type":"block"},"condition":{"urlFilter":"||in.gr/themes/1/default/media/woman/marie-claire-stamp.png"},"id":183,"priority":10},
{"action":{"type":"block"},"condition":{"urlFilter":"||in.gr/themes/1/default/media/chivas.gif"},"id":184,"priority":10},
{"action":{"type":"block"},"condition":{"urlFilter":"||in.gr/themes/1/default/media/havana180x18.jpg"},"id":185,"priority":10},
{"action":{"type":"block"},"condition":{"urlFilter":"||in.gr/themes/1/default/media/imommy.png"},"id":186,"priority":10},
{"action":{"type":"block"},"condition":{"urlFilter":"||in.gr/themes/1/default/media/logo-bp-ingr-95x20.gif"},"id":187,"priority":10},
{"action":{"type":"block"},"condition":{"urlFilter":"||in.gr/themes/1/default/media/logotravelplan_180x18.jpg"},"id":188,"priority":10},
{"action":{"type":"block"},"condition":{"urlFilter":"||in.gr/themes/1/default/media/logo_vb_1.jpg"},"id":189,"priority":10},
{"action":{"type":"block"},"condition":{"urlFilter":"||in.gr/themes/1/default/media/senso_pro*"},"id":190,"priority":10},
{"action":{"type":"block"},"condition":{"urlFilter":"||in.gr/themes/1/default/media/sensodyne-logo.png"},"id":191,"priority":10},
{"action":{"type":"block"},"condition":{"urlFilter":"||in.gr/themes/1/default/media/vb-logo-in.gif"},"id":192,"priority":10},
{"action":{"type":"block"},"condition":{"urlFilter":"||in.gr/files/1/2011/banner/ofi365_370x60.jpg"},"id":193,"priority":10},
{"action":{"type":"block"},"condition":{"urlFilter":"||in.gr/files/1/2012/01/09/office365_37060.jpg"},"id":194,"priority":10},
{"action":{"type":"block"},"condition":{"urlFilter":"||insurer.gr/widgets/calc/insucalc.html?"},"id":195,"priority":10},
{"action":{"type":"block"},"condition":{"urlFilter":"||interactive.forthnet.gr/banner*"},"id":196,"priority":10},
{"action":{"type":"block"},"condition":{"urlFilter":"||ishow.gr/images/*skin.jpg"},"id":197,"priority":10},
{"action":{"type":"block"},"condition":{"urlFilter":"||kathimerini.com.cy/assets/modules/kat/banners/"},"id":198,"priority":10},
{"action":{"type":"block"},"condition":{"urlFilter":"||kathimerini.gr/kath/adv/"},"id":199,"priority":10},
{"action":{"type":"block"},"condition":{"urlFilter":"||kathimerini.gr/webadmin/home/xor/"},"id":200,"priority":10},
{"action":{"type":"block"},"condition":{"urlFilter":"||koutipandoras.gr/img/adds/"},"id":201,"priority":10},
{"action":{"type":"block"},"condition":{"urlFilter":"||koutipandoras.gr/sites/default/files/*banner*.swf"},"id":202,"priority":10},
{"action":{"type":"block"},"condition":{"urlFilter":"||koutipandoras.gr/skins/koutipandoras.gr_skin.jpg"},"id":203,"priority":10},
{"action":{"type":"block"},"condition":{"urlFilter":"||lifo.gr/icache/300/600/1/989673_wind_mila.jpg"},"id":204,"priority":10},
{"action":{"type":"block"},"condition":{"urlFilter":"||lifo.gr/icache/940/337/1/983904_got_970.jpg"},"id":205,"priority":10},
{"action":{"type":"block"},"condition":{"urlFilter":"||luben.tv/wp-content/uploads/2014/11/output_cvzg2g.gif"},"id":206,"priority":10},
{"action":{"type":"block"},"condition":{"urlFilter":"||luben.tv/wp-content/uploads/2015/07/corona-sunsets_a-1.jpg"},"id":207,"priority":10},
{"action":{"type":"block"},"condition":{"urlFilter":"||luben.tv/wp-content/uploads/2015/09/unnamed.png"},"id":208,"priority":10},
{"action":{"type":"block"},"condition":{"urlFilter":"||luben.tv/wp-content/uploads/2016/01/luben-skin-stoli-2-x480x780-new2.png"},"id":209,"priority":10},
{"action":{"type":"block"},"condition":{"urlFilter":"||luben.tv/wp-content/uploads/2017/01/voyager.jpg"},"id":210,"priority":10},
{"action":{"type":"block"},"condition":{"urlFilter":"||makeleio.gr/wp-content/uploads/2014/11/klamin-300x250.jpg"},"id":211,"priority":10},
{"action":{"type":"block"},"condition":{"urlFilter":"||makeleio.gr/wp-content/uploads/2014/11/netra_bannernew.jpg"},"id":212,"priority":10},
{"action":{"type":"block"},"condition":{"urlFilter":"||makeleio.gr/wp-content/uploads/2015/09/hyaluron-250x250-zampidis-2.jpg"},"id":213,"priority":10},
{"action":{"type":"block"},"condition":{"urlFilter":"||marketnews.gr/banners/groupama_970x250.gif"},"id":214,"priority":10},
{"action":{"type":"block"},"condition":{"urlFilter":"||marketnews.gr/banners/ipos.jpg"},"id":215,"priority":10},
{"action":{"type":"block"},"condition":{"urlFilter":"||media.adslgr.com/www/images/0a7c90d00978af65bd2089862535b7e6.jpg"},"id":216,"priority":10},
{"action":{"type":"block"},"condition":{"urlFilter":"||media.adslgr.com/www/images/727fbd95261492dbd269bccbc7fffbb3.jpg"},"id":217,"priority":10},
{"action":{"type":"block"},"condition":{"urlFilter":"||media.adslgr.com/www/images/80ffb536c4617d7afe7c8be553b1c37d.jpg"},"id":218,"priority":10},
{"action":{"type":"block"},"condition":{"urlFilter":"||media.adslgr.com/www/images/c1259c4e50e39b2fc908400addb29c96.jpg"},"id":219,"priority":10},
{"action":{"type":"block"},"condition":{"urlFilter":"||media.adslgr.com/www/images/e3026593eee92619a864ff0841906cd0.gif"},"id":220,"priority":10},
{"action":{"type":"block"},"condition":{"urlFilter":"||medlook.net/banners/"},"id":221,"priority":10},
{"action":{"type":"block"},"condition":{"urlFilter":"||megatv.com/webtv/newsbeast.asp?"},"id":222,"priority":10},
{"action":{"type":"block"},"condition":{"urlFilter":"||mignatiou.com/wp-content/uploads/2014/09/300x250_piraeus_stametrasou_final.jpg"},"id":223,"priority":10},
{"action":{"type":"block"},"condition":{"urlFilter":"||milaraki.com/banner/"},"id":224,"priority":10},
{"action":{"type":"block"},"condition":{"urlFilter":"||missbloom.gr/images/*skin*"},"id":225,"priority":10},
{"action":{"type":"block"},"condition":{"urlFilter":"||missbloom.gr/media/vidspics/*-skin.jpg"},"id":226,"priority":10},
{"action":{"type":"block"},"condition":{"urlFilter":"||mothersblog.gr/media/com_skins/skins/79/"},"id":227,"priority":10},
{"action":{"type":"block"},"condition":{"urlFilter":"||mydirect.gr/calculatorbanner.aspx?"},"id":228,"priority":10},
{"action":{"type":"block"},"condition":{"urlFilter":"||naxospress.gr/wp-content/uploads/313/152/public/assets/js/912/411.js"},"id":229,"priority":10},
{"action":{"type":"block"},"condition":{"urlFilter":"||news.in.gr/themes/1/default/media/image-ads-sponsor.jpg"},"id":230,"priority":10},
{"action":{"type":"block"},"condition":{"urlFilter":"||newsbeast.gr/files/1/banners/animal/animal.jpg"},"id":231,"priority":10},
{"action":{"type":"block"},"condition":{"urlFilter":"||newsbeast.gr/files/1/banners/axatextadimg.png"},"id":232,"priority":10},
{"action":{"type":"block"},"condition":{"urlFilter":"||newsbeast.gr/files/1/top100europe/airfasttickets.png"},"id":233,"priority":10},
{"action":{"type":"block"},"condition":{"urlFilter":"||newsbomb.gr/ads/"},"id":234,"priority":10},
{"action":{"type":"block"},"condition":{"urlFilter":"||newsbomb.gr/media/com_skins/"},"id":235,"priority":10},
{"action":{"type":"block"},"condition":{"urlFilter":"||newsit.gr/flash/banners/2015/06/caremarket_banner300x250_29_6.gif"},"id":236,"priority":10},
{"action":{"type":"block"},"condition":{"urlFilter":"||newsit.gr/flash/categories/category_xorhgia_blank_pixel.gif"},"id":237,"priority":10},
{"action":{"type":"block"},"condition":{"urlFilter":"||newsit.gr/templates/default/images/newsit-11888-search.png"},"id":238,"priority":10},
{"action":{"type":"block"},"condition":{"urlFilter":"||oneman.gr/antikeimena/article1635665.ece/binary/oneman.jpg"},"id":239,"priority":10},
{"action":{"type":"block"},"condition":{"urlFilter":"||oneman.gr/antikeimena/article1635795.ece/binary/original/oneman_fasa.png"},"id":240,"priority":10},
{"action":{"type":"block"},"condition":{"urlFilter":"||oneman.gr/incoming/article1517780.ece/binary/original/skin_onemansony.jpg"},"id":241,"priority":10},
{"action":{"type":"block"},"condition":{"urlFilter":"||oneman.gr/keimena/style/article1659136.ece/binary/oneman.jpg"},"id":242,"priority":10},
{"action":{"type":"block"},"condition":{"urlFilter":"||onlarissa.gr/wp-content/uploads/2018/09/chefs-feb19-300x250.gif"},"id":243,"priority":10},
{"action":{"type":"block"},"condition":{"urlFilter":"||onlinedelivery.gr/banners/"},"id":244,"priority":10},
{"action":{"type":"block"},"condition":{"urlFilter":"||onsports.gr/media/com_skins/"},"id":245,"priority":10},
{"action":{"type":"block"},"condition":{"urlFilter":"||ough.gr/uploads/skins/skin_ough_gapyear-01.jpg"},"id":246,"priority":10},
{"action":{"type":"block"},"condition":{"urlFilter":"||paparazzigr.tv/diafimistika/"},"id":247,"priority":10},
{"action":{"type":"block"},"condition":{"urlFilter":"||parallaximag.gr/wp-content/uploads/bebarkitcen.jpg"},"id":248,"priority":10},
{"action":{"type":"block"},"condition":{"urlFilter":"||parapolitika.gr/portals/0/banners/"},"id":249,"priority":10},
{"action":{"type":"block"},"condition":{"urlFilter":"||prismanews.gr/images/banners/"},"id":250,"priority":10},
{"action":{"type":"block"},"condition":{"urlFilter":"||protagon.gr/resources/campaigns/"},"id":251,"priority":10},
{"action":{"type":"block"},"condition":{"urlFilter":"||protothema.gr/files/1/*/skin*"},"id":252,"priority":10},
{"action":{"type":"block"},"condition":{"urlFilter":"||protothema.gr/files/1/2012/11/12/anytime"},"id":253,"priority":10},
{"action":{"type":"block"},"condition":{"urlFilter":"||protothema.gr/files/1/2013/08/09/"},"id":254,"priority":10},
{"action":{"type":"block"},"condition":{"urlFilter":"||protothema.gr/files/1/bg-banners/"},"id":255,"priority":10},
{"action":{"type":"block"},"condition":{"urlFilter":"||queen.gr/media/com_skins/skins/"},"id":256,"priority":10},
{"action":{"type":"block"},"condition":{"urlFilter":"||real.gr/bannersexternal.aspx*"},"id":257,"priority":10},
{"action":{"type":"block"},"condition":{"urlFilter":"||real.gr/files/skins/"},"id":258,"priority":10},
{"action":{"type":"block"},"condition":{"urlFilter":"||real.gr/files/banners/"},"id":259,"priority":10},
{"action":{"type":"block"},"condition":{"urlFilter":"||roumlouki.gr/images/banners/"},"id":260,"priority":10},
{"action":{"type":"block"},"condition":{"urlFilter":"||roumlouki.gr/images/roumlouki_banners/"},"id":261,"priority":10},
{"action":{"type":"block"},"condition":{"urlFilter":"||runningnews.gr/bimages/"},"id":262,"priority":10},
{"action":{"type":"block"},"condition":{"urlFilter":"||s3.amazonaws.com/bulkimages/2011/skins/newsit-11888-bg.jpg"},"id":263,"priority":10},
{"action":{"type":"block"},"condition":{"urlFilter":"||s3.amazonaws.com/bulkimages/2012/newsit/opap_skin_newsit.jpg"},"id":264,"priority":10},
{"action":{"type":"block"},"condition":{"urlFilter":"||scdn.gr/images/yogurt/dressings/forthnet/"},"id":265,"priority":10},
{"action":{"type":"block"},"condition":{"urlFilter":"||secnews.gr/wp-content/uploads/2014/11/digitalbrains.png"},"id":266,"priority":10},
{"action":{"type":"block"},"condition":{"urlFilter":"||secnews.gr/wp-content/uploads/2014/11/isoqar.png"},"id":267,"priority":10},
{"action":{"type":"block"},"condition":{"urlFilter":"||secnews.gr/wp-content/uploads/2015/05/cyberkid1.jpg"},"id":268,"priority":10},
{"action":{"type":"block"},"condition":{"urlFilter":"||secnews.gr/wp-content/uploads/2015/05/host1plusbanner2.jpg"},"id":269,"priority":10},
{"action":{"type":"block"},"condition":{"urlFilter":"||secnews.gr/wp-content/uploads/2015/05/papei1.png"},"id":270,"priority":10},
{"action":{"type":"block"},"condition":{"urlFilter":"||seleo.gr/images/stories/diafimisi/"},"id":271,"priority":10},
{"action":{"type":"block"},"condition":{"urlFilter":"||seleo.gr/images/stories/mast/"},"id":272,"priority":10},
{"action":{"type":"block"},"condition":{"urlFilter":"||seri.gr/sites/default/iframes/"},"id":273,"priority":10},
{"action":{"type":"block"},"condition":{"urlFilter":"||skai.gr/themes/1/default/media/layout_renault/"},"id":274,"priority":10},
{"action":{"type":"block"},"condition":{"urlFilter":"||skai.gr/themes/1/default/media/skins/ethiniki-trapeza"},"id":275,"priority":10},
{"action":{"type":"block"},"condition":{"urlFilter":"||skai.gr/themes/1/default/media/skins/kri-kri*"},"id":276,"priority":10},
{"action":{"type":"block"},"condition":{"urlFilter":"||skai.gr/themes/1/default/media/skins/samsung"},"id":277,"priority":10},
{"action":{"type":"block"},"condition":{"urlFilter":"||skai.gr/wp-content/themes/vantage/images/*skin*"},"id":278,"priority":10},
{"action":{"type":"block"},"condition":{"urlFilter":"||skroutz.gr/images/helmet/promo/"},"id":279,"priority":10},
{"action":{"type":"block"},"condition":{"urlFilter":"||skroutz.gr/images/yogurt/dressings/wind/"},"id":280,"priority":10},
{"action":{"type":"block"},"condition":{"urlFilter":"||smart-ads.gr/adtextlinks"},"id":281,"priority":10},
{"action":{"type":"block"},"condition":{"urlFilter":"||sofokleousin.gr/files/banners/*.jpg"},"id":282,"priority":10},
{"action":{"type":"block"},"condition":{"urlFilter":"||sport-fm.gr/resrc/campaigns/windone/"},"id":283,"priority":10},
{"action":{"type":"block"},"condition":{"urlFilter":"||sport-fm.gr/resrc/campaigns_v2/"},"id":284,"priority":10},
{"action":{"type":"block"},"condition":{"urlFilter":"||sport-fm.gr/resrc/images/custombanners/novi_438x75_paysafe.jpg"},"id":285,"priority":10},
{"action":{"type":"block"},"condition":{"urlFilter":"||sport103.gr/images/banners/"},"id":286,"priority":10},
{"action":{"type":"block"},"condition":{"urlFilter":"||sport24.gr/genika/article1951216.ece/binary/original/mc_tab.png"},"id":287,"priority":10},
{"action":{"type":"block"},"condition":{"urlFilter":"||sport24.gr/incoming/article778267.ece/binary/"},"id":288,"priority":10},
{"action":{"type":"block"},"condition":{"urlFilter":"||sport24.gr/incoming/article854008.ece/binary/original"},"id":289,"priority":10},
{"action":{"type":"block"},"condition":{"urlFilter":"||sport24.gr/multimedia/*/stoiximan*.jpg"},"id":290,"priority":10},
{"action":{"type":"block"},"condition":{"urlFilter":"||sport24.gr/multimedia/*/stoiximan*.png"},"id":291,"priority":10},
{"action":{"type":"block"},"condition":{"urlFilter":"||sportygossip.com/sites/all/themes/athensbars/images/bg/"},"id":292,"priority":10},
{"action":{"type":"block"},"condition":{"urlFilter":"||static.24media.gr/dealin/"},"id":293,"priority":10},
{"action":{"type":"block"},"condition":{"urlFilter":"||static.24media.gr/interstitials/betoto/"},"id":294,"priority":10},
{"action":{"type":"block"},"condition":{"urlFilter":"||static.24media.gr/push_down/bwin/"},"id":295,"priority":10},
{"action":{"type":"block"},"condition":{"urlFilter":"||static.reembed.com/data/logos/"},"id":296,"priority":10},
{"action":{"type":"block"},"condition":{"urlFilter":"||static.scar.gr/ads/"},"id":297,"priority":10},
{"action":{"type":"block"},"condition":{"urlFilter":"||stokokkino.gr/photos/gsk.jpg"},"id":298,"priority":10},
{"action":{"type":"block"},"condition":{"urlFilter":"||subs4free.com/js/wh4_s4f_p2.js"},"id":299,"priority":10},
{"action":{"type":"block"},"condition":{"urlFilter":"||thepressproject.gr/ad/"},"id":300,"priority":10},
{"action":{"type":"block"},"condition":{"urlFilter":"||tlife.gr/flash/banners/"},"id":301,"priority":10},
{"action":{"type":"block"},"condition":{"urlFilter":"||tovima.gr/themes/1/default/media/home/pireos.jpg"},"id":302,"priority":10},
{"action":{"type":"block"},"condition":{"urlFilter":"||tuned.gr/images/stories/leo/vlas_toolbar.jpg"},"id":303,"priority":10},
{"action":{"type":"block"},"condition":{"urlFilter":"||tvcreta.gr/upload_images/banners/"},"id":304,"priority":10},
{"action":{"type":"block"},"condition":{"urlFilter":"||unboxholics.com/images/banners/egalaxy/e-galaxynew.jpg"},"id":305,"priority":10},
{"action":{"type":"block"},"condition":{"urlFilter":"||unboxholics.com/images/banners/inspot/inspot_banner.jpg"},"id":306,"priority":10},
{"action":{"type":"block"},"condition":{"initiatorDomains":["contra.gr"],"requestDomains":["unibet-cdn.com"]},"id":307,"priority":10},
{"action":{"type":"block"},"condition":{"urlFilter":"||usay.gr/hyperads/"},"id":308,"priority":10},
{"action":{"type":"block"},"condition":{"urlFilter":"||vidata.gr/files/plugins/longtailvideo/v5a/r6/vidads.swf"},"id":309,"priority":10},
{"action":{"type":"block"},"condition":{"urlFilter":"||widgets.nova.gr/nownext_compact/el/"},"id":310,"priority":10},
{"action":{"type":"block"},"condition":{"urlFilter":"||wigetmedia.com/tags/"},"id":311,"priority":10},
{"action":{"type":"block"},"condition":{"urlFilter":"||www.anew.gr/admin/baners/"},"id":312,"priority":10},
{"action":{"type":"block"},"condition":{"urlFilter":"||www.candiadoc.gr/banners/"},"id":313,"priority":10},
{"action":{"type":"block"},"condition":{"urlFilter":"||www.creteplus.gr/assets/bnrs/"},"id":314,"priority":10},
{"action":{"type":"block"},"condition":{"urlFilter":"||www.diaforetiko.gr/wp-content/uploads/2015/03/droidbanner3.gif"},"id":315,"priority":10},
{"action":{"type":"block"},"condition":{"urlFilter":"||www.neakriti.gr/bannersexternal.aspx?bid="},"id":316,"priority":10},
{"action":{"type":"block"},"condition":{"urlFilter":"||www.sportkit.gr/widget.aspx*"},"id":317,"priority":10},
{"action":{"type":"block"},"condition":{"urlFilter":"||www.thelosouvlakia.gr/cms/uploads/ad/"},"id":318,"priority":10},
{"action":{"type":"block"},"condition":{"urlFilter":"||www.triakilakodika.gr/images/teamworkpm650.png"},"id":319,"priority":10},
{"action":{"type":"block"},"condition":{"urlFilter":"||yupiii.gr/banners/bg/"},"id":320,"priority":10},
{"action":{"type":"block"},"condition":{"urlFilter":"||zougla.gr/uploads/banners/"},"id":321,"priority":10},
{"action":{"type":"block"},"condition":{"domainType":"firstParty","resourceTypes":["script"],"urlFilter":"||kavalanews.gr/sites/all/modules/copyprevention/copyprevention.js^"},"id":322,"priority":10},
{"action":{"type":"block"},"condition":{"requestDomains":["ad.gr.doubleclick.net","ad2.linkwise.gr","adman.kathimerini.gr","adman.otenet.gr","ads.24media.gr","ads.naftemporiki.gr","adserver.linkwise.gr","affiliate.linkwise.gr","axiabanners.exodus.gr","banners.dol.gr","bold.adman.gr","call.theowl.gr","cdn.orangeclickmedia.com","clickbanner.gr","d.agkn.com","educate.theowl.gr","el.williamhillcasino.com","gazzetta.adman.gr","gpoint.gpoint.com.gr","gr.partypoker.com","media.mybet.com","obj.adman.gr","phaistos-ssp.adman.gr","promo.gpoint.com.gr","promos.pathfinder.gr","scripts.bestprice.gr","serve.ads.gr","smartadserver.com","static.adman.gr","switch.statman.gr"]},"id":323,"priority":10},
{"action":{"type":"block"},"condition":{"resourceTypes":["image"],"urlFilter":"||www.e-evros.gr/banners/*.gif"},"id":324,"priority":10},
{"action":{"type":"block"},"condition":{"resourceTypes":["image"],"urlFilter":"||kavalapoint.gr/wp-content/uploads/2023/11/ezgif.com*"},"id":325,"priority":10},
{"action":{"type":"block"},"condition":{"resourceTypes":["image"],"urlFilter":"||meteo.gr/graphics/ads/"},"id":326,"priority":10},
{"action":{"type":"block"},"condition":{"resourceTypes":["image"],"urlFilter":"||athensmagazine.gr/files/banners/"},"id":327,"priority":10},
{"action":{"type":"block"},"condition":{"resourceTypes":["image"],"urlFilter":"||bankingnews.gr/ad/"},"id":328,"priority":10},
{"action":{"type":"block"},"condition":{"resourceTypes":["image"],"urlFilter":"||cdn-gr.sexgr.net/b/"},"id":329,"priority":10},
{"action":{"type":"block"},"condition":{"resourceTypes":["image"],"urlFilter":"||cdn.cnngreece.gr/media/com_news/ads/"},"id":330,"priority":10},
{"action":{"type":"block"},"condition":{"resourceTypes":["image"],"urlFilter":"||deliver.mediacdn.com/live24/itrofi-wide.jpg"},"id":331,"priority":10},
{"action":{"type":"block"},"condition":{"resourceTypes":["image"],"urlFilter":"||e-ptolemeos.gr/*.gif"},"id":332,"priority":10},
{"action":{"type":"block"},"condition":{"resourceTypes":["image"],"urlFilter":"||e-ptolemeos.gr/*banner"},"id":333,"priority":10},
{"action":{"type":"block"},"condition":{"resourceTypes":["image"],"urlFilter":"||focuswebtv.gr/images/banners/"},"id":334,"priority":10},
{"action":{"type":"block"},"condition":{"resourceTypes":["image"],"urlFilter":"||fonitisparou.gr/*/banners/"},"id":335,"priority":10},
{"action":{"type":"block"},"condition":{"resourceTypes":["image"],"urlFilter":"||gossip-tv.gr/media/com_news/ads/"},"id":336,"priority":10},
{"action":{"type":"block"},"condition":{"resourceTypes":["image"],"urlFilter":"||i-kyr.gr/wp-content/uploads/2016/03/banner*"},"id":337,"priority":10},
{"action":{"type":"block"},"condition":{"resourceTypes":["image"],"urlFilter":"||i-kyr.gr/wp-content/uploads/2018/05/alpha*"},"id":338,"priority":10},
{"action":{"type":"block"},"condition":{"resourceTypes":["image"],"urlFilter":"||idrones.gr/images/banners/"},"id":339,"priority":10},
{"action":{"type":"block"},"condition":{"resourceTypes":["image"],"urlFilter":"||imerodromos.gr/wp-content/uploads/2017/02/podium-2.gif"},"id":340,"priority":10},
{"action":{"type":"block"},"condition":{"resourceTypes":["image"],"urlFilter":"||imerodromos.gr/wp-content/uploads/2017/06/collectives1-20.jpg"},"id":341,"priority":10},
{"action":{"type":"block"},"condition":{"resourceTypes":["image"],"urlFilter":"||imerodromos.gr/wp-content/uploads/2018/04/baner_asfalistiko_300x249.jpg"},"id":342,"priority":10},
{"action":{"type":"block"},"condition":{"resourceTypes":["image"],"urlFilter":"||imerodromos.gr/wp-content/uploads/2018/05/screen-shot-2018-05-07-at-20.41.56.png"},"id":343,"priority":10},
{"action":{"type":"block"},"condition":{"resourceTypes":["image"],"urlFilter":"||imerodromos.gr/wp-content/uploads/2018/05/tiniakosgr.gif"},"id":344,"priority":10},
{"action":{"type":"block"},"condition":{"resourceTypes":["image"],"urlFilter":"||imerodromos.gr/wp-content/uploads/2018/07/boukovibanner-500x417.jpg"},"id":345,"priority":10},
{"action":{"type":"block"},"condition":{"resourceTypes":["image"],"urlFilter":"||imerodromos.gr/wp-content/uploads/2018/11/500x417_columbia.jpg"},"id":346,"priority":10},
{"action":{"type":"block"},"condition":{"resourceTypes":["image"],"urlFilter":"||imerodromos.gr/wp-content/uploads/2018/11/500x417_marcos.jpg"},"id":347,"priority":10},
{"action":{"type":"block"},"condition":{"resourceTypes":["image"],"urlFilter":"||imerodromos.gr/wp-content/uploads/2018/11/500x417_marx.jpg"},"id":348,"priority":10},
{"action":{"type":"block"},"condition":{"resourceTypes":["image"],"urlFilter":"||imerodromos.gr/wp-content/uploads/2018/12/megalh-istoria-ths-elladas-1.jpg"},"id":349,"priority":10},
{"action":{"type":"block"},"condition":{"resourceTypes":["image"],"urlFilter":"||imerodromos.gr/wp-content/uploads/2018/12/megalh-istoria-ths-elladas-2.jpg"},"id":350,"priority":10},
{"action":{"type":"block"},"condition":{"resourceTypes":["image"],"urlFilter":"||imerodromos.gr/wp-content/uploads/2018/12/na_ntysoume_tous_gymnous_500x417pix-2-1.gif"},"id":351,"priority":10},
{"action":{"type":"block"},"condition":{"resourceTypes":["image"],"urlFilter":"||insider.gr/sites/default/files/2019-02/eurobank%20rgb_1.png"},"id":352,"priority":10},
{"action":{"type":"block"},"condition":{"resourceTypes":["image"],"urlFilter":"||irafina.gr/wp-content/uploads/*banner*.jpg"},"id":353,"priority":10},
{"action":{"type":"block"},"condition":{"resourceTypes":["image"],"urlFilter":"||irafina.gr/wp-content/uploads/*banner*.gif"},"id":354,"priority":10},
{"action":{"type":"block"},"condition":{"resourceTypes":["image"],"urlFilter":"||irafina.gr/wp-content/uploads/*banner*.jpeg"},"id":355,"priority":10},
{"action":{"type":"block"},"condition":{"resourceTypes":["image"],"urlFilter":"||irafina.gr/wp-content/uploads/*baner*.jpg"},"id":356,"priority":10},
{"action":{"type":"block"},"condition":{"resourceTypes":["image"],"urlFilter":"||irafina.gr/wp-content/uploads/2024/11/mezedopoleio_neo_leon*.webp"},"id":357,"priority":10},
{"action":{"type":"block"},"condition":{"resourceTypes":["image"],"urlFilter":"||onlarissa.gr/wp-content/uploads/2016/09/icbsnew1200small.gif"},"id":358,"priority":10},
{"action":{"type":"block"},"condition":{"resourceTypes":["image"],"urlFilter":"||onlarissa.gr/wp-content/uploads/2018/09/eda-thess.png"},"id":359,"priority":10},
{"action":{"type":"block"},"condition":{"resourceTypes":["image"],"urlFilter":"||onlarissa.gr/wp-content/uploads/2018/09/europroodos.gif"},"id":360,"priority":10},
{"action":{"type":"block"},"condition":{"resourceTypes":["image"],"urlFilter":"||onlarissa.gr/wp-content/uploads/2018/09/fashion-city.gif"},"id":361,"priority":10},
{"action":{"type":"block"},"condition":{"resourceTypes":["image"],"urlFilter":"||onlarissa.gr/wp-content/uploads/2018/09/kazanas_xeimerines_ekptwseis_2019.gif"},"id":362,"priority":10},
{"action":{"type":"block"},"condition":{"resourceTypes":["image"],"urlFilter":"||onlarissa.gr/wp-content/uploads/2018/09/larisa-300x250.gif"},"id":363,"priority":10},
{"action":{"type":"block"},"condition":{"resourceTypes":["image"],"urlFilter":"||onlarissa.gr/wp-content/uploads/2018/09/nona-rossa.gif"},"id":364,"priority":10},
{"action":{"type":"block"},"condition":{"resourceTypes":["image"],"urlFilter":"||onlarissa.gr/wp-content/uploads/2018/09/snoopy-1.gif"},"id":365,"priority":10},
{"action":{"type":"block"},"condition":{"resourceTypes":["image"],"urlFilter":"||onlarissa.gr/wp-content/uploads/2018/09/snoopy.gif"},"id":366,"priority":10},
{"action":{"type":"block"},"condition":{"resourceTypes":["image"],"urlFilter":"||onlarissa.gr/wp-content/uploads/2018/11/webp.net-gifmaker-1.gif"},"id":367,"priority":10},
{"action":{"type":"block"},"condition":{"resourceTypes":["image"],"urlFilter":"||onlarissa.gr/wp-content/uploads/2018/11/victoria-10.gif"},"id":368,"priority":10},
{"action":{"type":"block"},"condition":{"resourceTypes":["image"],"urlFilter":"||onlarissa.gr/wp-content/uploads/2018/12/benneton.jpg"},"id":369,"priority":10},
{"action":{"type":"block"},"condition":{"resourceTypes":["image"],"urlFilter":"||onlarissa.gr/wp-content/uploads/2018/12/giannakos-christmas.gif"},"id":370,"priority":10},
{"action":{"type":"block"},"condition":{"resourceTypes":["image"],"urlFilter":"||onlarissa.gr/wp-content/uploads/2018/12/giannakos-miltos.gif"},"id":371,"priority":10},
{"action":{"type":"block"},"condition":{"resourceTypes":["image"],"urlFilter":"||onlarissa.gr/wp-content/uploads/2018/12/karla-final.gif"},"id":372,"priority":10},
{"action":{"type":"block"},"condition":{"resourceTypes":["image"],"urlFilter":"||onlarissa.gr/wp-content/uploads/2018/12/ktimatografisi.jpg"},"id":373,"priority":10},
{"action":{"type":"block"},"condition":{"resourceTypes":["image"],"urlFilter":"||onlarissa.gr/wp-content/uploads/2019/01/leroy.gif"},"id":374,"priority":10},
{"action":{"type":"block"},"condition":{"resourceTypes":["image"],"urlFilter":"||parianostypos.gr/images/banners/"},"id":375,"priority":10},
{"action":{"type":"block"},"condition":{"resourceTypes":["image"],"urlFilter":"||parianostypos.gr/*/diafimissi/"},"id":376,"priority":10},
{"action":{"type":"block"},"condition":{"resourceTypes":["image"],"urlFilter":"||protagon.gr/wp-content/uploads/2018/11/opap-new_generic_3_174px-protagon-1.jpg"},"id":377,"priority":10},
{"action":{"type":"block"},"condition":{"resourceTypes":["image"],"urlFilter":"||queen.gr/media/com_news/ads/"},"id":378,"priority":10},
{"action":{"type":"block"},"condition":{"resourceTypes":["image"],"urlFilter":"||realestatenews.gr/images/stories/1theloakinita5.gif"},"id":379,"priority":10},
{"action":{"type":"block"},"condition":{"resourceTypes":["image"],"urlFilter":"||realestatenews.gr/images/stories/250px.gif"},"id":380,"priority":10},
{"action":{"type":"block"},"condition":{"resourceTypes":["image"],"urlFilter":"||realestatenews.gr/images/stories/baner-pontiki.gif"},"id":381,"priority":10},
{"action":{"type":"block"},"condition":{"resourceTypes":["image"],"urlFilter":"||realestatenews.gr/images/stories/img-trap.jpg"},"id":382,"priority":10},
{"action":{"type":"block"},"condition":{"resourceTypes":["image"],"urlFilter":"||realestatenews.gr/images/stories/logo-sygkatoikos-ren-a.gif"},"id":383,"priority":10},
{"action":{"type":"block"},"condition":{"resourceTypes":["image"],"urlFilter":"||realestatenews.gr/images/stories/nomisma_140x60.gif"},"id":384,"priority":10},
{"action":{"type":"block"},"condition":{"resourceTypes":["image"],"urlFilter":"||realestatenews.gr/images/stories/para_250x300.gif"},"id":385,"priority":10},
{"action":{"type":"block"},"condition":{"resourceTypes":["image"],"urlFilter":"||realestatenews.gr/images/stories/pomidaani.gif"},"id":386,"priority":10},
{"action":{"type":"block"},"condition":{"resourceTypes":["image"],"urlFilter":"||irafina.gr/wp-content/uploads/2022/07/xeimona-kalokairi*.jpg"},"id":387,"priority":10},
{"action":{"type":"block"},"condition":{"resourceTypes":["image"],"urlFilter":"||irafina.gr/wp-content/uploads/2022/07/laf-lab-23_tetr.jpg"},"id":388,"priority":10},
{"action":{"type":"block"},"condition":{"resourceTypes":["image"],"urlFilter":"||sport24.gr/img/app/9018330/0/o/0/0/matchcenter_stoiximan_desk.png"},"id":389,"priority":10},
{"action":{"type":"block"},"condition":{"resourceTypes":["image"],"urlFilter":"||static.crete2day.com/files/banners/*/*.gif"},"id":390,"priority":10},
{"action":{"type":"block"},"condition":{"resourceTypes":["image"],"urlFilter":"||static.crete2day.com/files/banners/*.jpg"},"id":391,"priority":10},
{"action":{"type":"block"},"condition":{"resourceTypes":["image"],"urlFilter":"||travelstyle.gr/portal/files/banners/"},"id":392,"priority":10},
{"action":{"type":"block"},"condition":{"resourceTypes":["image"],"urlFilter":"||irafina.gr/wp-content/uploads/2022/07/platanos*.jpg"},"id":393,"priority":10},
{"action":{"type":"block"},"condition":{"resourceTypes":["image"],"urlFilter":"||www.e-food.gr/site-assets/img/coca/"},"id":394,"priority":10},
{"action":{"type":"block"},"condition":{"resourceTypes":["image","object"],"urlFilter":"||www.taxheaven.gr/public/banners/"},"id":395,"priority":10},
{"action":{"type":"block"},"condition":{"resourceTypes":["image"],"urlFilter":"||www.trinews.gr/runimg/2016_04_saucony.gif"},"id":396,"priority":10},
{"action":{"type":"block"},"condition":{"resourceTypes":["image"],"urlFilter":"||www.trinews.gr/runimg/2016_05_ethicsports_150x300.gif"},"id":397,"priority":10},
{"action":{"type":"block"},"condition":{"resourceTypes":["image"],"urlFilter":"||www.trinews.gr/runimg/2016_07_intersport-summersales_150x300.gif"},"id":398,"priority":10},
{"action":{"type":"block"},"condition":{"resourceTypes":["object"],"urlFilter":"||realestatenews.gr/images/stories/banner-red.swf"},"id":399,"priority":10},
{"action":{"type":"block"},"condition":{"initiatorDomains":["gazzetta.gr"],"resourceTypes":["script"],"urlFilter":"||cdnprojectagora.s3.amazonaws.com/gr/gazzetta.js"},"id":400,"priority":10},
{"action":{"type":"block"},"condition":{"resourceTypes":["sub_frame"],"urlFilter":"||bankingnews.gr/ad/*/"},"id":401,"priority":10},
{"action":{"type":"block"},"condition":{"requestDomains":["madinad-data.s3.amazonaws.com"],"resourceTypes":["sub_frame"]},"id":402,"priority":10},
{"action":{"type":"block"},"condition":{"resourceTypes":["main_frame"],"urlFilter":"goldenconcept.ir^"},"id":403,"priority":10},
{"action":{"type":"block"},"condition":{"resourceTypes":["main_frame"],"urlFilter":"indusviva.com^"},"id":404,"priority":10},
{"action":{"type":"block"},"condition":{"domainType":"thirdParty","requestDomains":["adstorebluebird.cy","adwebone.com","madinad.com","vidads.gr"]},"id":405,"priority":10},
{"action":{"type":"allow"},"condition":{"urlFilter":"||politis-news.com/banners/entheta/"},"id":406,"priority":30},
{"action":{"type":"allow"},"condition":{"urlFilter":"||resources.sport-fm.gr/sportfm/newspapers/"},"id":407,"priority":30},
{"action":{"type":"allow"},"condition":{"urlFilter":"||sport-fm.gr/resrc/images/layout/campaigns/mb2010/bg-bck-block.jpg"},"id":408,"priority":30},
{"action":{"type":"allow"},"condition":{"urlFilter":"||sport-fm.gr/resrc/images/layout/campaigns/mb2010/bg-fp-block-mb2010.jpg"},"id":409,"priority":30},
{"action":{"type":"allow"},"condition":{"urlFilter":"||sport-fm.gr/resrc/images/layout/campaigns/mb2010/bg-fp-block__v3.jpg"},"id":410,"priority":30},
{"action":{"type":"allow"},"condition":{"urlFilter":"||ads.patris.gr/_banners/1421748421.gif"},"id":411,"priority":30},
{"action":{"type":"allow"},"condition":{"urlFilter":"||athinorama.gr/adv/lmnts/blank.gif"},"id":412,"priority":30},
{"action":{"type":"allow"},"condition":{"urlFilter":"||athinorama.gr/adv/lmnts/disimata/"},"id":413,"priority":30},
{"action":{"type":"allow"},"condition":{"urlFilter":"||athinorama.gr/adv/lmnts/earth/*.swf"},"id":414,"priority":30},
{"action":{"type":"allow"},"condition":{"urlFilter":"||athinorama.gr/adv/lmnts/stegi/*.swf"},"id":415,"priority":30},
{"action":{"type":"allow"},"condition":{"urlFilter":"||contra.gr/xml/sponsors/pokergr/ilika/"},"id":416,"priority":30},
{"action":{"type":"allow"},"condition":{"urlFilter":"||megatv.com/*/xml/jw/adverts.asp?"},"id":417,"priority":30},
{"action":{"type":"allow"},"condition":{"urlFilter":"||skaihd-f.akamaihd.net/z/advert/"},"id":418,"priority":30},
{"action":{"type":"allow"},"condition":{"urlFilter":"||xe.gr/property/recent_ads?"},"id":419,"priority":30},
{"action":{"type":"allow"},"condition":{"initiatorDomains":["www.antenna.gr"],"resourceTypes":["script"],"urlFilter":"||www.antenna.gr/js/adman-video*.js"},"id":420,"priority":30},
{"action":{"type":"block"},"condition":{"resourceTypes":["image"],"urlFilter":"||irafina.gr/wp-content/uploads/2022/07/zampas-1.jpg"},"id":421,"priority":10},
{"action":{"type":"block"},"condition":{"resourceTypes":["image"],"urlFilter":"||irafina.gr/wp-content/uploads/2023/04/deli_wine*.jpg"},"id":422,"priority":10},
{"action":{"type":"block"},"condition":{"resourceTypes":["image"],"urlFilter":"||irafina.gr/wp-content/uploads/*banner*.webp"},"id":423,"priority":10},
{"action":{"type":"block"},"condition":{"resourceTypes":["image"],"urlFilter":"||irafina.gr/wp-content/uploads/2022/07/electrical_gk.jpeg"},"id":424,"priority":10},
{"action":{"type":"block"},"condition":{"resourceTypes":["image"],"urlFilter":"||irafina.gr/wp-content/uploads/2022/07/kapsanakis.jpg"},"id":425,"priority":10},
{"action":{"type":"block"},"condition":{"resourceTypes":["image"],"urlFilter":"||irafina.gr/wp-content/uploads/2022/07/yellow_t_shirt.jpg"},"id":426,"priority":10},
{"action":{"type":"block"},"condition":{"resourceTypes":["image"],"urlFilter":"||irafina.gr/wp-content/uploads/2022/07/iliaxt-23_tetr.jpg"},"id":427,"priority":10},
{"action":{"type":"block"},"condition":{"resourceTypes":["image"],"urlFilter":"||irafina.gr/wp-content/uploads/2022/07/limani_rafinas*.jpg"},"id":428,"priority":10},
{"action":{"type":"block"},"condition":{"resourceTypes":["image"],"urlFilter":"||irafina.gr/wp-content/uploads/2024/04/solar_star*.jpg"},"id":429,"priority":10},
{"action":{"type":"block"},"condition":{"resourceTypes":["image"],"urlFilter":"||goodnet.gr/files/goodnet/banners/*.jpg"},"id":430,"priority":10},
{"action":{"type":"block"},"condition":{"resourceTypes":["image"],"urlFilter":"||goodnet.gr/files/goodnet/banners/*.gif"},"id":431,"priority":10}
]
