[
{"action":{"type":"block"},"condition":{"initiatorDomains":["vilagunk.hu"],"urlFilter":"||3monkey.lol/vilagunk_640.html"},"id":1,"priority":10},
{"action":{"type":"block"},"condition":{"initiatorDomains":["karpathir.com"],"urlFilter":"||floweryoperation.com/v2/0/"},"id":2,"priority":10},
{"action":{"type":"block"},"condition":{"urlFilter":"/empty.json"},"id":3,"priority":10},
{"action":{"type":"block"},"condition":{"urlFilter":"/eu-banned-popup/"},"id":4,"priority":10},
{"action":{"type":"block"},"condition":{"urlFilter":"||444.hu/*/ease/"},"id":5,"priority":10},
{"action":{"type":"block"},"condition":{"urlFilter":"||affiliation.arukereso.hu/pbox/"},"id":6,"priority":10},
{"action":{"type":"block"},"condition":{"urlFilter":"||amiotthonunk.hu/images/banners/"},"id":7,"priority":10},
{"action":{"type":"block"},"condition":{"urlFilter":"||aori.hu/banner"},"id":8,"priority":10},
{"action":{"type":"block"},"condition":{"urlFilter":"||asva.info/tmp/"},"id":9,"priority":10},
{"action":{"type":"block"},"condition":{"urlFilter":"||atv.hu/*reklam"},"id":10,"priority":10},
{"action":{"type":"block"},"condition":{"urlFilter":"||blog.hu/*/ad/"},"id":11,"priority":10},
{"action":{"type":"block"},"condition":{"urlFilter":"||blog.hu/*/hird/*."},"id":12,"priority":10},
{"action":{"type":"block"},"condition":{"urlFilter":"||blog.hu/ad/"},"id":13,"priority":10},
{"action":{"type":"block"},"condition":{"urlFilter":"||blog.hu/pixel"},"id":14,"priority":10},
{"action":{"type":"block"},"condition":{"urlFilter":"||borsonline.hu/*hirdetes"},"id":15,"priority":10},
{"action":{"type":"block"},"condition":{"urlFilter":"||cegmarketing.hu/banner"},"id":16,"priority":10},
{"action":{"type":"block"},"condition":{"urlFilter":"||chat.hu/client/banner"},"id":17,"priority":10},
{"action":{"type":"block"},"condition":{"urlFilter":"||cosmopolitan.hu/*/sponsor/"},"id":18,"priority":10},
{"action":{"type":"block"},"condition":{"urlFilter":"||duen.hu/*ad"},"id":19,"priority":10},
{"action":{"type":"block"},"condition":{"urlFilter":"||eudomain.eu/ad"},"id":20,"priority":10},
{"action":{"type":"block"},"condition":{"urlFilter":"||eudomain.eu/affiliate"},"id":21,"priority":10},
{"action":{"type":"block"},"condition":{"urlFilter":"||ezoterikus.hu/*banner*/"},"id":22,"priority":10},
{"action":{"type":"block"},"condition":{"urlFilter":"||femcafe.hu/*/spike_ad/"},"id":23,"priority":10},
{"action":{"type":"block"},"condition":{"urlFilter":"||femcafe.hu/*/sponsoration/"},"id":24,"priority":10},
{"action":{"type":"block"},"condition":{"urlFilter":"||femcafe.hu/*/szponzoracio/"},"id":25,"priority":10},
{"action":{"type":"block"},"condition":{"urlFilter":"||femcafe.hu/spike-ad/"},"id":26,"priority":10},
{"action":{"type":"block"},"condition":{"urlFilter":"||freeweb.hu/*_banner*."},"id":27,"priority":10},
{"action":{"type":"block"},"condition":{"urlFilter":"||gamepod.hu/ajanlo/lapcsalad.html"},"id":28,"priority":10},
{"action":{"type":"block"},"condition":{"urlFilter":"||geeks.hu/*body-bg-*."},"id":29,"priority":10},
{"action":{"type":"block"},"condition":{"urlFilter":"||harmonet.hu/*hirdetes"},"id":30,"priority":10},
{"action":{"type":"block"},"condition":{"urlFilter":"||hasznaltgsm.hu/gsm/iframes/"},"id":31,"priority":10},
{"action":{"type":"block"},"condition":{"urlFilter":"||hatarido-szamitas.hu/partnerek/"},"id":32,"priority":10},
{"action":{"type":"block"},"condition":{"urlFilter":"||hazipatika.com/sponsoredbys/"},"id":33,"priority":10},
{"action":{"type":"block"},"condition":{"urlFilter":"||hircsarda.hu/ads/"},"id":34,"priority":10},
{"action":{"type":"block"},"condition":{"urlFilter":"||hungariantop1000.com/cgi-bin/counter.cgi"},"id":35,"priority":10},
{"action":{"type":"block"},"condition":{"urlFilter":"||hupont.hu/hirdetes/"},"id":36,"priority":10},
{"action":{"type":"block"},"condition":{"urlFilter":"||hwsw.hu/images/bodybgs2/"},"id":37,"priority":10},
{"action":{"type":"block"},"condition":{"urlFilter":"||i.cdn29.hu/apix_collect/ads"},"id":38,"priority":10},
{"action":{"type":"block"},"condition":{"urlFilter":"||iho.hu/img/banner/"},"id":39,"priority":10},
{"action":{"type":"block"},"condition":{"urlFilter":"||infogyor.hu/*_banners/"},"id":40,"priority":10},
{"action":{"type":"block"},"condition":{"urlFilter":"||informed.hu/*banner"},"id":41,"priority":10},
{"action":{"type":"block"},"condition":{"urlFilter":"||ingyenweb.hu/felso/*."},"id":42,"priority":10},
{"action":{"type":"block"},"condition":{"urlFilter":"||ingyenweb.hu/smsbanner/"},"id":43,"priority":10},
{"action":{"type":"block"},"condition":{"urlFilter":"||jogiforum.hu/files/partner/"},"id":44,"priority":10},
{"action":{"type":"block"},"condition":{"requestDomains":["a.adnium.com","ad.depo.hu","ad.gyermekevek.hu","ad.hirekmedia.hu","ad.kapos.hu","ad.love.hu","ad.napilapcsoport.hu","ad.onadozo.hu","ad.parom.hu","ad.pphungary.hu","ad.szexneked.hu","adat.freemail.hu","adfair.hu","adfree-stat.p3g.hu","ads.geeks.hu","adtrackeraa.com","adv.forpsi.hu","adv.hu","adverbs.napilapcsoport.hu","app.livechatoo.com","audit.median.hu","avatraffic.com","banner.webtar.hu","bannerzone.agroinform.hu","beam-tracker.telex.hu","beam.telex.hu","brostraffic.com","campaign-remp.444.hu","cdn-dynamic.optimonk.com","chatrobot.mia.gov.hu","chimpstatic.com","counter.megagroup.ru","daserver.ultraweb.hu","doubleclick.net","et.twyn.com","fourtwentytradingcompany.net","fruitflan.com","gemius.hu","gemius.pl","iofferphoto.com","loading-delivery2.com","media.netpositive.hu","netadclick.com","netexs.com","pixel.blog.hu","pixel.sojern.com","px.blog.hu","rc.rc.hu","rc.rootclick.com","redwolfmoon.com","related.hu","smartadserver.com","smartcj.com","stat.adultium.com","stats.badoostats.com","syndication.trafficreps.com","tracker.azet.sk","tracking.binarypromos.com","tracking.tchibo.hu","up-banner.wavecdn.de","vid4u.org","wdtyl.xyz","widget.block4d.com","wstat.ozon.ru"]},"id":45,"priority":10},
{"action":{"type":"block"},"condition":{"urlFilter":"||koponyeg.hu/skins/k4/hirdetes/"},"id":46,"priority":10},
{"action":{"type":"block"},"condition":{"urlFilter":"||lapok.hu/felso/felso.php"},"id":47,"priority":10},
{"action":{"type":"block"},"condition":{"urlFilter":"||libri.hu/export/prodbann/"},"id":48,"priority":10},
{"action":{"type":"block"},"condition":{"urlFilter":"||love.hu/design/*hirdetes*."},"id":49,"priority":10},
{"action":{"type":"block"},"condition":{"urlFilter":"||medicalonline.hu/*hirdetes"},"id":50,"priority":10},
{"action":{"type":"block"},"condition":{"urlFilter":"||miabonyunk.hu/hirdetesek/"},"id":51,"priority":10},
{"action":{"type":"block"},"condition":{"urlFilter":"||mkbnetbankar.hu/banner"},"id":52,"priority":10},
{"action":{"type":"block"},"condition":{"urlFilter":"||mobilarena.hu/ajanlo/lapcsalad.html"},"id":53,"priority":10},
{"action":{"type":"block"},"condition":{"urlFilter":"||napidroid.hu/*/*hird"},"id":54,"priority":10},
{"action":{"type":"block"},"condition":{"urlFilter":"||nso.hu/*/sponsoration/*."},"id":55,"priority":10},
{"action":{"type":"block"},"condition":{"urlFilter":"||okmanyiroda.hu/banner.html"},"id":56,"priority":10},
{"action":{"type":"block"},"condition":{"urlFilter":"||p3k.hu/*szponz*."},"id":57,"priority":10},
{"action":{"type":"block"},"condition":{"urlFilter":"||pornolize.com/*?clicktag="},"id":58,"priority":10},
{"action":{"type":"block"},"condition":{"urlFilter":"||port-network.com/sponsoration_elements/"},"id":59,"priority":10},
{"action":{"type":"block"},"condition":{"urlFilter":"||randihely.hu/adnews/"},"id":60,"priority":10},
{"action":{"type":"block"},"condition":{"urlFilter":"||revizoronline.com/*banner"},"id":61,"priority":10},
{"action":{"type":"block"},"condition":{"urlFilter":"||sg.hu/sg.wgt"},"id":62,"priority":10},
{"action":{"type":"block"},"condition":{"urlFilter":"||static.love.hu/design/ad/"},"id":63,"priority":10},
{"action":{"type":"block"},"condition":{"urlFilter":"||static.nemzetisport.hu//style/nso/i/*banner"},"id":64,"priority":10},
{"action":{"type":"block"},"condition":{"urlFilter":"||stylemagazin.hu/static/template_settings/"},"id":65,"priority":10},
{"action":{"type":"block"},"condition":{"urlFilter":"||szegeder.hu/get-ads"},"id":66,"priority":10},
{"action":{"type":"block"},"condition":{"urlFilter":"||szegedma.hu/*banners/*."},"id":67,"priority":10},
{"action":{"type":"block"},"condition":{"urlFilter":"||talalka.hu/hirdetes/"},"id":68,"priority":10},
{"action":{"type":"block"},"condition":{"urlFilter":"||telefonguru.hu/iframes/"},"id":69,"priority":10},
{"action":{"type":"block"},"condition":{"urlFilter":"||ultraweb.hu/ad*.php"},"id":70,"priority":10},
{"action":{"type":"block"},"condition":{"urlFilter":"||utcakereso.hu/hirdetes/"},"id":71,"priority":10},
{"action":{"type":"block"},"condition":{"urlFilter":"||zeneszoveg.hu/gfx/skin-*/*."},"id":72,"priority":10},
{"action":{"type":"block"},"condition":{"urlFilter":"||ad*.gyaloglo.hu^"},"id":73,"priority":10},
{"action":{"type":"block"},"condition":{"urlFilter":"||ad*.mellesleg.hu^"},"id":74,"priority":10},
{"action":{"type":"block"},"condition":{"urlFilter":"||advert*.ultraweb.hu^"},"id":75,"priority":10},
{"action":{"type":"block"},"condition":{"urlFilter":"||adverticum.*.hu^"},"id":76,"priority":10},
{"action":{"type":"block"},"condition":{"urlFilter":"||as*.prog.hu^"},"id":77,"priority":10},
{"action":{"type":"block"},"condition":{"urlFilter":"||etargetnet.*.hu^"},"id":78,"priority":10},
{"action":{"type":"block"},"condition":{"urlFilter":"||rehs.*.hu^"},"id":79,"priority":10},
{"action":{"type":"block"},"condition":{"urlFilter":"||sher.*.hu^"},"id":80,"priority":10},
{"action":{"type":"block"},"condition":{"urlFilter":"||szemezgeto*.ingatlan.com^"},"id":81,"priority":10},
{"action":{"type":"block"},"condition":{"urlFilter":".hu/userip.php"},"id":82,"priority":10},
{"action":{"type":"block"},"condition":{"urlFilter":"||websas.hu/statistics/"},"id":83,"priority":10},
{"action":{"type":"block"},"condition":{"initiatorDomains":["myonlineradio.hu"],"urlFilter":"/inside-banner.mini.js"},"id":84,"priority":10},
{"action":{"type":"block"},"condition":{"resourceTypes":["image"],"urlFilter":"||filmvilag.me/*.gif"},"id":85,"priority":10},
{"action":{"type":"block"},"condition":{"resourceTypes":["stylesheet"],"urlFilter":"||static.origos.hu/s/css/responsive-ads/hangar/hangar-investor-web.css"},"id":86,"priority":10},
{"action":{"type":"block"},"condition":{"resourceTypes":["image"],"urlFilter":"||ado.hu/banners/"},"id":87,"priority":10},
{"action":{"type":"block"},"condition":{"resourceTypes":["image"],"urlFilter":"||alfahir.hu^*/hirdetesfoto/"},"id":88,"priority":10},
{"action":{"type":"block"},"condition":{"resourceTypes":["image"],"urlFilter":"||asva.info/wp-content/themes/branfordmagazine/images/banners/"},"id":89,"priority":10},
{"action":{"type":"block"},"condition":{"resourceTypes":["image"],"urlFilter":"||autopro.hu/uploads/banners/"},"id":90,"priority":10},
{"action":{"type":"block"},"condition":{"resourceTypes":["image"],"urlFilter":"||bitport.hu/images/szponzoracio/"},"id":91,"priority":10},
{"action":{"type":"block"},"condition":{"resourceTypes":["image"],"urlFilter":"||bkv.hu/public/assets/img/banner/"},"id":92,"priority":10},
{"action":{"type":"block"},"condition":{"resourceTypes":["image"],"urlFilter":"||blog.hu/media/image/hird/"},"id":93,"priority":10},
{"action":{"type":"block"},"condition":{"resourceTypes":["image"],"urlFilter":"||chat.hu/imgadverts"},"id":94,"priority":10},
{"action":{"type":"block"},"condition":{"resourceTypes":["image"],"urlFilter":"||csongradihirek.hu/portal/images/stories/_reklamok/"},"id":95,"priority":10},
{"action":{"type":"block"},"condition":{"resourceTypes":["image"],"urlFilter":"||dijnet.hu/ekonto/images/news/"},"id":96,"priority":10},
{"action":{"type":"block"},"condition":{"resourceTypes":["image"],"urlFilter":"||dijnet.hu/ekonto/images/szolg_logo/adomany_logo.jpg"},"id":97,"priority":10},
{"action":{"type":"block"},"condition":{"resourceTypes":["image"],"urlFilter":"||dijnet.hu/ekonto/images/szolg_logo/hu/adomany_logo.jpg"},"id":98,"priority":10},
{"action":{"type":"block"},"condition":{"resourceTypes":["image"],"urlFilter":"||esport1.hu/banner/"},"id":99,"priority":10},
{"action":{"type":"block"},"condition":{"resourceTypes":["image"],"urlFilter":"||est.hu/design/img/szponzoracio/"},"id":100,"priority":10},
{"action":{"type":"block"},"condition":{"resourceTypes":["image"],"urlFilter":"||fototrend.hu/design/hatter.jpg"},"id":101,"priority":10},
{"action":{"type":"block"},"condition":{"resourceTypes":["image"],"urlFilter":"||gigasex.hu/bannerek/"},"id":102,"priority":10},
{"action":{"type":"block"},"condition":{"resourceTypes":["image"],"urlFilter":"||gyakorikerdesek.hu/pic/bannerek/"},"id":103,"priority":10},
{"action":{"type":"block"},"condition":{"resourceTypes":["image"],"urlFilter":"||hirado.hu*/microsites/*wallpaper*."},"id":104,"priority":10},
{"action":{"type":"block"},"condition":{"resourceTypes":["image"],"urlFilter":"||hirado.hu/newsreel/*_bg_*."},"id":105,"priority":10},
{"action":{"type":"block"},"condition":{"resourceTypes":["image"],"urlFilter":"||hirdetes.ingatlan.com/banner/"},"id":106,"priority":10},
{"action":{"type":"block"},"condition":{"resourceTypes":["image"],"urlFilter":"||hirek.sk/banner/"},"id":107,"priority":10},
{"action":{"type":"block"},"condition":{"resourceTypes":["image"],"urlFilter":"||hosszupuskasub.com/css/*skin.jpg"},"id":108,"priority":10},
{"action":{"type":"block"},"condition":{"resourceTypes":["image"],"urlFilter":"||hrportal.hu/images/banner/"},"id":109,"priority":10},
{"action":{"type":"block"},"condition":{"resourceTypes":["image"],"urlFilter":"||hwsw.hu/images/bodybgs/"},"id":110,"priority":10},
{"action":{"type":"block"},"condition":{"resourceTypes":["image"],"urlFilter":"||image.arukereso.hu/ad"},"id":111,"priority":10},
{"action":{"type":"block"},"condition":{"resourceTypes":["image"],"urlFilter":"||img.hunbasket.webpont.com/kosarsport/art/*banner"},"id":112,"priority":10},
{"action":{"type":"block"},"condition":{"resourceTypes":["image"],"urlFilter":"||kiszamolo.hu/wp-content/uploads/*banner*.png"},"id":113,"priority":10},
{"action":{"type":"block"},"condition":{"resourceTypes":["image"],"urlFilter":"||kiszamolo.hu/wp-content/uploads/2016/09/hitel-290x200-blog-jobb.gif"},"id":114,"priority":10},
{"action":{"type":"block"},"condition":{"resourceTypes":["image"],"urlFilter":"||kiszamolo.hu/wp-content/uploads/2019/11/550x104-02.jpg"},"id":115,"priority":10},
{"action":{"type":"block"},"condition":{"resourceTypes":["image"],"urlFilter":"||kiszamolo.hu/wp-content/uploads/2019/11/400x400-02.jpg"},"id":116,"priority":10},
{"action":{"type":"block"},"condition":{"resourceTypes":["image"],"urlFilter":"||klasszikradio.hu/uploads/banner/"},"id":117,"priority":10},
{"action":{"type":"block"},"condition":{"resourceTypes":["image"],"urlFilter":"||klubradio.hu/data/files/banner"},"id":118,"priority":10},
{"action":{"type":"block"},"condition":{"resourceTypes":["image"],"urlFilter":"||konkretkonyvek.hu/data/banners/"},"id":119,"priority":10},
{"action":{"type":"block"},"condition":{"resourceTypes":["image"],"urlFilter":"||kuruc.info/galerian/banner/"},"id":120,"priority":10},
{"action":{"type":"block"},"condition":{"resourceTypes":["image"],"urlFilter":"||libri.hu/html/images/skin/"},"id":121,"priority":10},
{"action":{"type":"block"},"condition":{"resourceTypes":["image"],"urlFilter":"||lolmarkt.hu/banner/"},"id":122,"priority":10},
{"action":{"type":"block"},"condition":{"resourceTypes":["image"],"urlFilter":"||magyar-elektronika.hu/images/banners/"},"id":123,"priority":10},
{"action":{"type":"block"},"condition":{"resourceTypes":["image"],"urlFilter":"||magyarszo.com/images/banner/"},"id":124,"priority":10},
{"action":{"type":"block"},"condition":{"resourceTypes":["image"],"urlFilter":"||mandiner.hu/*/banner/"},"id":125,"priority":10},
{"action":{"type":"block"},"condition":{"resourceTypes":["image"],"urlFilter":"||mandiner.hu/images/design/*-bg."},"id":126,"priority":10},
{"action":{"type":"block"},"condition":{"resourceTypes":["image"],"urlFilter":"||metropol.hu/*/images/sponsor_*."},"id":127,"priority":10},
{"action":{"type":"block"},"condition":{"resourceTypes":["image"],"urlFilter":"||mindmegette.hu/images/294/o/nyerjagyulaival_2020_background_300x300.jpg"},"id":128,"priority":10},
{"action":{"type":"block"},"condition":{"resourceTypes":["image"],"urlFilter":"||mlzphoto.hu/bannerek/"},"id":129,"priority":10},
{"action":{"type":"block"},"condition":{"resourceTypes":["image"],"urlFilter":"||napidroid.hu/*/*logo"},"id":130,"priority":10},
{"action":{"type":"block"},"condition":{"resourceTypes":["image"],"urlFilter":"||napocska.hu/images/*_advert*."},"id":131,"priority":10},
{"action":{"type":"block"},"condition":{"resourceTypes":["image"],"urlFilter":"||net-solutions.hu/banner/"},"id":132,"priority":10},
{"action":{"type":"block"},"condition":{"resourceTypes":["image"],"urlFilter":"||noplaza.hu/banner/"},"id":133,"priority":10},
{"action":{"type":"block"},"condition":{"resourceTypes":["image"],"urlFilter":"||p3k.hu/*_hatter*."},"id":134,"priority":10},
{"action":{"type":"block"},"condition":{"resourceTypes":["image"],"urlFilter":"||pcwplus.hu/bannerek/"},"id":135,"priority":10},
{"action":{"type":"block"},"condition":{"resourceTypes":["image"],"urlFilter":"||pcguru.hu/uploads/banners/*.jpg"},"id":136,"priority":10},
{"action":{"type":"block"},"condition":{"resourceTypes":["image"],"urlFilter":"||pcpult.hu/*/banner/"},"id":137,"priority":10},
{"action":{"type":"block"},"condition":{"domainType":"thirdParty","initiatorDomains":["atlatszo.hu","autoszektor.hu","blikk.hu","bpiautosok.hu","budapestkornyeke.hu","economx.hu","femina.hu","fototrend.hu","gamepod.hu","hardverapro.hu","hirtv.hu","hvg.hu","index.hu","itcafe.hu","logout.hu","magyarnarancs.hu","magyarnemzet.hu","media1.hu","mobilarena.hu","myonlineradio.hu","nepszava.hu","noizz.hu","origo.hu","penzcentrum.hu","pestisracok.hu","portfolio.hu","prohardver.hu","rtl.hu","telex.hu","vg.hu","videa.hu"],"requestDomains":["cmp.inmobi.com"],"resourceTypes":["script"]},"id":138,"priority":10},
{"action":{"type":"block"},"condition":{"resourceTypes":["image"],"urlFilter":"||piacesprofit.hu/files/skin/"},"id":139,"priority":10},
{"action":{"type":"block"},"condition":{"resourceTypes":["image"],"urlFilter":"||portfolio.hu/img/partner/"},"id":140,"priority":10},
{"action":{"type":"block"},"condition":{"resourceTypes":["image"],"urlFilter":"||preissuchmaschine.de/banner/"},"id":141,"priority":10},
{"action":{"type":"block"},"condition":{"resourceTypes":["image"],"urlFilter":"||prohardver.hu/dl/cnt/*/background.png"},"id":142,"priority":10},
{"action":{"type":"block"},"condition":{"resourceTypes":["image"],"urlFilter":"||sg.hu/images/hirdetes.gif"},"id":143,"priority":10},
{"action":{"type":"block"},"condition":{"resourceTypes":["image"],"urlFilter":"||sielok.hu/kampanybanner/"},"id":144,"priority":10},
{"action":{"type":"block"},"condition":{"resourceTypes":["image"],"urlFilter":"||sikerado.hu/banner/"},"id":145,"priority":10},
{"action":{"type":"block"},"condition":{"resourceTypes":["image"],"urlFilter":"||stat.profession.hu/static/assets/images/prize-game"},"id":146,"priority":10},
{"action":{"type":"block"},"condition":{"resourceTypes":["image"],"urlFilter":"||static.lhp.hu/lhp.hu/bannerek/"},"id":147,"priority":10},
{"action":{"type":"block"},"condition":{"resourceTypes":["image"],"urlFilter":"||static.nemzetisport.hu//style/nso/i/betclic.gif"},"id":148,"priority":10},
{"action":{"type":"block"},"condition":{"resourceTypes":["image"],"urlFilter":"||szepsegbroker.hu/banner/"},"id":149,"priority":10},
{"action":{"type":"block"},"condition":{"resourceTypes":["image"],"urlFilter":"||telefonguru.hu/banners/"},"id":150,"priority":10},
{"action":{"type":"block"},"condition":{"resourceTypes":["image"],"urlFilter":"||tvn.hu/tvn/kepek/xpoker.hu/"},"id":151,"priority":10},
{"action":{"type":"block"},"condition":{"resourceTypes":["image"],"urlFilter":"||vatera.hu/affiliate/images/banner/"},"id":152,"priority":10},
{"action":{"type":"block"},"condition":{"resourceTypes":["image"],"urlFilter":"||vezess.hu/data/files/bannerek/"},"id":153,"priority":10},
{"action":{"type":"block"},"condition":{"resourceTypes":["image"],"urlFilter":"||vezess.hu/data/files/kapcsolodo_anyagok/szponz_hatterek/"},"id":154,"priority":10},
{"action":{"type":"block"},"condition":{"resourceTypes":["image"],"urlFilter":"||vezess2.p3k.hu/app/uploads/*nyeremenyjatek"},"id":155,"priority":10},
{"action":{"type":"block"},"condition":{"resourceTypes":["image"],"urlFilter":"||vg.hu/banners/"},"id":156,"priority":10},
{"action":{"type":"block"},"condition":{"resourceTypes":["image"],"urlFilter":"||webminute.hu/bannerek/"},"id":157,"priority":10},
{"action":{"type":"block"},"condition":{"resourceTypes":["image"],"urlFilter":"||hestore.hu/pic/cookie.png"},"id":158,"priority":10},
{"action":{"type":"block"},"condition":{"initiatorDomains":["gyakorikerdesek.hu","hoxa.hu"],"resourceTypes":["script"],"urlFilter":"||aghtag.tech/libs/projectagora.min.js^"},"id":159,"priority":10},
{"action":{"type":"block"},"condition":{"resourceTypes":["script"],"urlFilter":"||glassdoor.com/app/static/js/gd-fj-ads-init"},"id":160,"priority":10},
{"action":{"type":"block"},"condition":{"resourceTypes":["script"],"urlFilter":"||szegeder.hu/js/ads-prebid.js^"},"id":161,"priority":10},
{"action":{"type":"block"},"condition":{"resourceTypes":["script"],"urlFilter":"||szepsegbroker.hu/elements/bannerz.2019.js^"},"id":162,"priority":10},
{"action":{"type":"block"},"condition":{"initiatorDomains":["infostart.hu"],"resourceTypes":["script"],"urlFilter":"/js/push.js"},"id":163,"priority":10},
{"action":{"type":"block"},"condition":{"initiatorDomains":["agrarszektor.hu","autoszektor.hu","bacsmegye.hu","bama.hu","baon.hu","beol.hu","blikk.hu","boon.hu","bpiautosok.hu","budapestkornyeke.hu","civishir.hu","delmagyar.hu","duol.hu","feol.hu","g7.hu","gamepod.hu","gsplus.hu","haon.hu","hardverapro.hu","hazipatika.com","hellovidek.hu","heol.hu","hrportal.hu","index.hu","itcafe.hu","kemma.hu","kisalfold.hu","logout.hu","magyarnarancs.hu","mandiner.hu","mobilarena.hu","myonlineradio.hu","nool.hu","pcwplus.hu","pestisracok.hu","player.hu","port.hu","portfolio.hu","prohardver.hu","sassy.hu","sonline.hu","szeretlekmagyarorszag.hu","szoljon.hu","szon.hu","telex.hu","teol.hu","totalbike.hu","totalcar.hu","twice.hu","vaol.hu","veol.hu","zaol.hu"],"requestDomains":["cmp.quantcast.com"],"resourceTypes":["script"]},"id":164,"priority":10},
{"action":{"type":"block"},"condition":{"initiatorDomains":["egeszsegkalauz.hu"],"resourceTypes":["script"],"urlFilter":"||medinfo.ocdn.eu/hu/consent_v2/choice.js^"},"id":165,"priority":10},
{"action":{"type":"block"},"condition":{"initiatorDomains":["agrarszektor.hu","autoszektor.hu","bacsmegye.hu","bama.hu","baon.hu","beol.hu","blikk.hu","boon.hu","bpiautosok.hu","budapestkornyeke.hu","civishir.hu","delmagyar.hu","duol.hu","feol.hu","g7.hu","gsplus.hu","haon.hu","hazipatika.com","hellovidek.hu","heol.hu","hrportal.hu","index.hu","kemma.hu","kisalfold.hu","magyarnarancs.hu","mandiner.hu","myonlineradio.hu","nool.hu","pcwplus.hu","pestisracok.hu","player.hu","port.hu","portfolio.hu","sassy.hu","sonline.hu","szeretlekmagyarorszag.hu","szoljon.hu","szon.hu","telex.hu","teol.hu","totalbike.hu","totalcar.hu","twice.hu","vaol.hu","veol.hu","zaol.hu"],"requestDomains":["quantcast.mgr.consensu.org"],"resourceTypes":["script"]},"id":166,"priority":10},
{"action":{"type":"block"},"condition":{"initiatorDomains":["szeretlekmagyarorszag.hu"],"resourceTypes":["script"],"urlFilter":"||static.quantcast.mgr.consensu.org/v30/cmpui-popup.js^"},"id":167,"priority":10},
{"action":{"type":"block"},"condition":{"resourceTypes":["script"],"urlFilter":"||itthonrolhaza.hu/wp-content/plugins/wp-popups-lite/src/assets/js/wppopups.js^"},"id":168,"priority":10},
{"action":{"type":"block"},"condition":{"resourceTypes":["script"],"urlFilter":"||money.hu/assets-new/js/calculator-widget-init.js"},"id":169,"priority":10},
{"action":{"type":"block"},"condition":{"resourceTypes":["script"],"urlFilter":"||penzcentrum.hu/assets/js/bioep.min.js"},"id":170,"priority":10},
{"action":{"type":"block"},"condition":{"resourceTypes":["script"],"urlFilter":"||szepsegbroker.hu/items/jquery.floating_popup*.js^"},"id":171,"priority":10},
{"action":{"type":"block"},"condition":{"resourceTypes":["script"],"urlFilter":"||liked.hu/choice/*/cmp2*.js^"},"id":172,"priority":10},
{"action":{"type":"block"},"condition":{"resourceTypes":["script"],"urlFilter":"||onlinestream.live/js/adb.js"},"id":173,"priority":10},
{"action":{"type":"block"},"condition":{"initiatorDomains":["bpiautosok.hu"],"resourceTypes":["script"],"urlFilter":"||cdn.performax.cz/acc/insert_rtb.js"},"id":174,"priority":10},
{"action":{"type":"block"},"condition":{"resourceTypes":["script"],"urlFilter":"/gemius.js^"},"id":175,"priority":10},
{"action":{"type":"block"},"condition":{"resourceTypes":["script"],"urlFilter":"/gemius.min.js^"},"id":176,"priority":10},
{"action":{"type":"block"},"condition":{"resourceTypes":["script"],"urlFilter":"/xgemius.js^"},"id":179,"priority":10},
{"action":{"type":"block"},"condition":{"resourceTypes":["script"],"urlFilter":"/xgemius.min.js^"},"id":180,"priority":10},
{"action":{"type":"block"},"condition":{"resourceTypes":["script"],"urlFilter":"||infostart.hu/js/ga.js"},"id":181,"priority":10},
{"action":{"type":"block"},"condition":{"requestDomains":["affiliate.hu","bannerserver.hu"],"resourceTypes":["sub_frame"]},"id":182,"priority":10},
{"action":{"type":"block"},"condition":{"domainType":"thirdParty","requestDomains":["abmr.net","ad.hu","ad4mat.net","adfox.ru","ads.sg.hu","ads.ventivmedia.com","advantage.as","advertshot.ru","affiliate.hu","analytics.yahoo.com","audtd.com","banner.aqua.hu","betfair.com","bongacash.com","calivary.com","cfusion-internet.com","clicksure.com","counter.hitslink.com","data.bookline.hu","ex1tp.com","google-analytics.com","gravity.com","head-clickfusion.com","hitelkereso.hu","iforex.com","iitech.dk","ingatlannet.hu","js.leadin.com","klix.hu","link.adaptivemedia.hu","lo.v.liveperson.net","mytarget.hu","napiaszhirdetesek","onesignal.com","out.pladform.ru","performax.cz","po.st","pornedup.com","premads.info","salesmanago.pl","seedr.com","seedr.ru","sexchat.hu","shortlink.sex","statsector.hu","streameye.net","sumome.com","targetix.net","track306.info","trackingterrorism.org","tripod.com","tripod.lycos.com","tulajdonostol.com"]},"id":183,"priority":10},
{"action":{"type":"block"},"condition":{"domainType":"thirdParty","urlFilter":"||m2mzona.hu/ads^"},"id":184,"priority":10},
{"action":{"type":"block"},"condition":{"domainType":"thirdParty","initiatorDomains":["civishir.hu"],"requestDomains":["api.indidata.com"]},"id":185,"priority":10},
{"action":{"type":"block"},"condition":{"domainType":"thirdParty","initiatorDomains":["agroinform.hu"],"requestDomains":["consent.cookiebot.com"],"resourceTypes":["script"]},"id":186,"priority":10},
{"action":{"type":"block"},"condition":{"domainType":"thirdParty","requestDomains":["va.v.liveperson.net"],"resourceTypes":["script"]},"id":188,"priority":10},
{"action":{"type":"allow"},"condition":{"initiatorDomains":["mafab.hu"],"urlFilter":"||imasdk.googleapis.com/js/sdkloader/ima3.js"},"id":189,"priority":30},
{"action":{"type":"allow"},"condition":{"initiatorDomains":["bikemag.hu","testbike.hu"],"resourceTypes":["script"],"urlFilter":"/js/adx_blacklist.js"},"id":190,"priority":30},
{"action":{"type":"allow"},"condition":{"initiatorDomains":["portfolio.hu"],"resourceTypes":["script"],"urlFilter":"||assets.portfolio.hu/js/ad_300x250.js"},"id":191,"priority":30},
{"action":{"type":"allow"},"condition":{"resourceTypes":["script"],"urlFilter":"||777blog.hu/wp-content/themes/florence/js/dfp.min.js^"},"id":192,"priority":30},
{"action":{"type":"allow"},"condition":{"resourceTypes":["script"],"urlFilter":"||bitepito.hu/rejtveny/data/ads/pagead/js/adsbygoogle.js^"},"id":193,"priority":30},
{"action":{"type":"allow"},"condition":{"resourceTypes":["script"],"urlFilter":"||bitepito.hu/rejtveny/data/ads/adsense.js^"},"id":194,"priority":30},
{"action":{"type":"allow"},"condition":{"resourceTypes":["script"],"urlFilter":"||bitepito.hu/rejtveny/data/ads/googleads.js^"},"id":195,"priority":30},
{"action":{"type":"allow"},"condition":{"resourceTypes":["script"],"urlFilter":"||meszotar.hu/scripts/advertising.js"},"id":196,"priority":30},
{"action":{"type":"allow"},"condition":{"initiatorDomains":["embed.rtl.hu"],"resourceTypes":["script"],"urlFilter":"||pro.hit.gemius.pl/gstream.js"},"id":197,"priority":30},
{"action":{"type":"allow"},"condition":{"initiatorDomains":["menetrendek.hu"],"requestDomains":["adocean.pl"],"resourceTypes":["script"]},"id":198,"priority":30}
]
