[
{"action":{"type":"block"},"condition":{"initiatorDomains":["press24.mk"],"urlFilter":"about:blank"},"id":1,"priority":10},
{"action":{"type":"block"},"condition":{"initiatorDomains":["mkd-news.com"],"urlFilter":"javascript:"},"id":2,"priority":10},
{"action":{"type":"block"},"condition":{"urlFilter":"||10bez10.com/ads/"},"id":3,"priority":10},
{"action":{"type":"block"},"condition":{"urlFilter":"||10bez10.com/images/banners/"},"id":4,"priority":10},
{"action":{"type":"block"},"condition":{"urlFilter":"||a.kajgana.mk/"},"id":5,"priority":10},
{"action":{"type":"block"},"condition":{"urlFilter":"||a.press24.mk/"},"id":6,"priority":10},
{"action":{"type":"block"},"condition":{"urlFilter":"||ad.fakulteti.mk/"},"id":7,"priority":10},
{"action":{"type":"block"},"condition":{"urlFilter":"||admin.grid.mk/services/banners/"},"id":8,"priority":10},
{"action":{"type":"block"},"condition":{"urlFilter":"||ads.foxmedia.mk/"},"id":9,"priority":10},
{"action":{"type":"block"},"condition":{"urlFilter":"||ads.kajgana.mk/"},"id":10,"priority":10},
{"action":{"type":"block"},"condition":{"urlFilter":"||ads.kanal77.com.mk/"},"id":11,"priority":10},
{"action":{"type":"block"},"condition":{"urlFilter":"||ads.off.net.mk/"},"id":12,"priority":10},
{"action":{"type":"block"},"condition":{"urlFilter":"||ads.slobodenpecat.mk/"},"id":13,"priority":10},
{"action":{"type":"block"},"condition":{"urlFilter":"||ads.sportmedia.mk/"},"id":14,"priority":10},
{"action":{"type":"block"},"condition":{"urlFilter":"||ads.telefoni.mk/"},"id":15,"priority":10},
{"action":{"type":"block"},"condition":{"urlFilter":"||ads.vecer.mk/"},"id":16,"priority":10},
{"action":{"type":"block"},"condition":{"urlFilter":"||adserver.novamakedonija.com.mk/"},"id":17,"priority":10},
{"action":{"type":"block"},"condition":{"urlFilter":"||apps.obiani.com/"},"id":18,"priority":10},
{"action":{"type":"block"},"condition":{"urlFilter":"||autoinfo.mk/banners/"},"id":19,"priority":10},
{"action":{"type":"block"},"condition":{"urlFilter":"||avtoplus.mk/html_banners/"},"id":20,"priority":10},
{"action":{"type":"block"},"condition":{"urlFilter":"||avtoplus.mk/images/banners/"},"id":21,"priority":10},
{"action":{"type":"block"},"condition":{"urlFilter":"||banner-ads.different.com.mk/"},"id":22,"priority":10},
{"action":{"type":"block"},"condition":{"urlFilter":"||bi.mk/baneri/"},"id":23,"priority":10},
{"action":{"type":"block"},"condition":{"urlFilter":"||biznisvesti.mk/wp-content/banners/"},"id":24,"priority":10},
{"action":{"type":"block"},"condition":{"urlFilter":"||cdn.adman.itea.mk/"},"id":25,"priority":10},
{"action":{"type":"block"},"condition":{"urlFilter":"||cdn.marketkonekt.com/makedonija/"},"id":26,"priority":10},
{"action":{"type":"block"},"condition":{"urlFilter":"||cdn.zk.mk/sites/zk/templates/responsive/img/kuponwidgettop.png"},"id":27,"priority":10},
{"action":{"type":"block"},"condition":{"urlFilter":"||duma.mk/images/stories/baneri/"},"id":28,"priority":10},
{"action":{"type":"block"},"condition":{"urlFilter":"||enauka.mk/ad/"},"id":29,"priority":10},
{"action":{"type":"block"},"condition":{"urlFilter":"||evesti.mk/wp-content/uploads/banners/"},"id":30,"priority":10},
{"action":{"type":"block"},"condition":{"urlFilter":"||exclusive.mk/banners/^"},"id":31,"priority":10},
{"action":{"type":"block"},"condition":{"urlFilter":"||files.bannersnack.net/"},"id":32,"priority":10},
{"action":{"type":"block"},"condition":{"urlFilter":"||form.jotformeu.com/"},"id":33,"priority":10},
{"action":{"type":"block"},"condition":{"urlFilter":"||formacedonia.com/banner/"},"id":34,"priority":10},
{"action":{"type":"block"},"condition":{"urlFilter":"||gsm.mk/reklami/"},"id":35,"priority":10},
{"action":{"type":"block"},"condition":{"urlFilter":"||hitportal.com.mk/banners/"},"id":36,"priority":10},
{"action":{"type":"block"},"condition":{"urlFilter":"||http://212.13.64.105/"},"id":37,"priority":10},
{"action":{"type":"block"},"condition":{"urlFilter":"||http://pl.panelmk.gemius.com/"},"id":38,"priority":10},
{"action":{"type":"block"},"condition":{"urlFilter":"||images.kumanovonews.com/reklami/"},"id":39,"priority":10},
{"action":{"type":"block"},"condition":{"urlFilter":"||kajgana.com/_ad/"},"id":40,"priority":10},
{"action":{"type":"block"},"condition":{"urlFilter":"||kariera.mk/images/banners/"},"id":41,"priority":10},
{"action":{"type":"block"},"condition":{"urlFilter":"||kavadar4e.com/images/galerija/"},"id":42,"priority":10},
{"action":{"type":"block"},"condition":{"urlFilter":"||koli.com.mk/baneri_html5/"},"id":43,"priority":10},
{"action":{"type":"block"},"condition":{"urlFilter":"||kurir.mk/banners/"},"id":44,"priority":10},
{"action":{"type":"block"},"condition":{"urlFilter":"||libertas.mk/wp-content/uploads/2015/09/banner-unet-web-300x250.swf"},"id":45,"priority":10},
{"action":{"type":"block"},"condition":{"urlFilter":"||libertas.mk/wp-content/uploads/2015/10/300x250.gif"},"id":46,"priority":10},
{"action":{"type":"block"},"condition":{"urlFilter":"||libertas.mk/wp-content/uploads/2015/10/diners300.jpg"},"id":47,"priority":10},
{"action":{"type":"block"},"condition":{"urlFilter":"||libertas.mk/wp-content/uploads/2015/10/fon300.png"},"id":48,"priority":10},
{"action":{"type":"block"},"condition":{"urlFilter":"||libertas.mk/wp-content/uploads/2015/12/alarm-29-so-link-1.swf"},"id":49,"priority":10},
{"action":{"type":"block"},"condition":{"urlFilter":"||lider.mk/wp-content/uploads/banners/"},"id":50,"priority":10},
{"action":{"type":"block"},"condition":{"urlFilter":"||lisica.mk/images/banners/"},"id":51,"priority":10},
{"action":{"type":"block"},"condition":{"urlFilter":"||lokalno.mk/wp-content/uploads/*/*/*.html"},"id":52,"priority":10},
{"action":{"type":"block"},"condition":{"urlFilter":"||makfax.com.mk/upload/banners/"},"id":53,"priority":10},
{"action":{"type":"block"},"condition":{"urlFilter":"||media.ohridnews.com/klienti/"},"id":54,"priority":10},
{"action":{"type":"block"},"condition":{"urlFilter":"||metar2.mk/banner/"},"id":55,"priority":10},
{"action":{"type":"block"},"condition":{"urlFilter":"||mk.marketkonekt.com/mk/"},"id":56,"priority":10},
{"action":{"type":"block"},"condition":{"urlFilter":"||mkd-news.com/baneri/"},"id":57,"priority":10},
{"action":{"type":"block"},"condition":{"urlFilter":"||mkd.mk/epp/"},"id":58,"priority":10},
{"action":{"type":"block"},"condition":{"urlFilter":"||motori.com.mk/images/stories/joomlart/banners/"},"id":59,"priority":10},
{"action":{"type":"block"},"condition":{"urlFilter":"||netpress.com.mk/wp-content/uploads/banners/"},"id":60,"priority":10},
{"action":{"type":"block"},"condition":{"urlFilter":"||nmd.mk/modules/images/marketing_transparent.png"},"id":61,"priority":10},
{"action":{"type":"block"},"condition":{"urlFilter":"||panika.be/banners/"},"id":62,"priority":10},
{"action":{"type":"block"},"condition":{"urlFilter":"||plusinfo.mk/upload/banners/*."},"id":63,"priority":10},
{"action":{"type":"block"},"condition":{"urlFilter":"||press24.mk/sites/default/files/goethe-banner-950x90/"},"id":64,"priority":10},
{"action":{"type":"block"},"condition":{"urlFilter":"||puls24.mk/2014/puls24/baneri/"},"id":65,"priority":10},
{"action":{"type":"block"},"condition":{"urlFilter":"||puls24.mk/2015/baneri/"},"id":66,"priority":10},
{"action":{"type":"block"},"condition":{"urlFilter":"||puls24.mk/2016/baneri/"},"id":67,"priority":10},
{"action":{"type":"block"},"condition":{"urlFilter":"||puls24.mk/2017/baneri/"},"id":68,"priority":10},
{"action":{"type":"block"},"condition":{"urlFilter":"||puls24.mk/upload/puls24/flash/"},"id":69,"priority":10},
{"action":{"type":"block"},"condition":{"urlFilter":"||reklama5.mk/img/banner/"},"id":70,"priority":10},
{"action":{"type":"block"},"condition":{"urlFilter":"||reklami.digitalpresent.mk/"},"id":71,"priority":10},
{"action":{"type":"block"},"condition":{"urlFilter":"||reklami.pixel.mk/"},"id":72,"priority":10},
{"action":{"type":"block"},"condition":{"urlFilter":"||reporter.mk/ads/"},"id":73,"priority":10},
{"action":{"type":"block"},"condition":{"urlFilter":"||reporter.mk/wp-content/uploads/2015/03/advokat-banner-300x250-px-2.png"},"id":74,"priority":10},
{"action":{"type":"block"},"condition":{"urlFilter":"||reporter.mk/wp-content/uploads/2015/03/dummybanner.jpg"},"id":75,"priority":10},
{"action":{"type":"block"},"condition":{"urlFilter":"||reporter.mk/wp-content/uploads/2015/03/dummybanner2.jpg"},"id":76,"priority":10},
{"action":{"type":"block"},"condition":{"urlFilter":"||reporter.mk/wp-content/uploads/2015/03/trodat.jpg"},"id":77,"priority":10},
{"action":{"type":"block"},"condition":{"urlFilter":"||reporter.mk/wp-content/uploads/2015/10/crven-baner-300-250.jpg"},"id":78,"priority":10},
{"action":{"type":"block"},"condition":{"urlFilter":"||reporter.mk/wp-content/uploads/2015/11/208_noemvri-2015_300x250.html"},"id":79,"priority":10},
{"action":{"type":"block"},"condition":{"urlFilter":"||reporter.mk/wp-content/uploads/2016/01/208-728x90_januari-2016.html"},"id":80,"priority":10},
{"action":{"type":"block"},"condition":{"urlFilter":"||reporter.mk/wp-content/uploads/2016/02/508_300x250px_fevruari_2016_.html"},"id":81,"priority":10},
{"action":{"type":"block"},"condition":{"urlFilter":"||republika.mk/wp-content/uploads/banners/"},"id":82,"priority":10},
{"action":{"type":"block"},"condition":{"urlFilter":"||sdk.mk/sdk-adv/"},"id":83,"priority":10},
{"action":{"type":"block"},"condition":{"urlFilter":"||sky.mk/images/januari_2015/_d_/"},"id":84,"priority":10},
{"action":{"type":"block"},"condition":{"urlFilter":"||stipka.com.mk/images/businesswomen.gif"},"id":85,"priority":10},
{"action":{"type":"block"},"condition":{"urlFilter":"||stipka.com.mk/images/stories/banercinja/"},"id":86,"priority":10},
{"action":{"type":"block"},"condition":{"urlFilter":"||t.adonly.com/"},"id":87,"priority":10},
{"action":{"type":"block"},"condition":{"urlFilter":"||time.mk/ads/"},"id":88,"priority":10},
{"action":{"type":"block"},"condition":{"urlFilter":"||tzm.mk/upload/pixelbanner/"},"id":89,"priority":10},
{"action":{"type":"block"},"condition":{"urlFilter":"||vesti.mk/banner/"},"id":90,"priority":10},
{"action":{"type":"block"},"condition":{"urlFilter":"||vremeto.mk/widget.php"},"id":91,"priority":10},
{"action":{"type":"block"},"condition":{"urlFilter":"||webtv.vip.mk/kanali-img/tv-presentment_vip-now.jpg"},"id":92,"priority":10},
{"action":{"type":"block"},"condition":{"urlFilter":"||webtv.vip.mk/kanali-img/viptv-banner-small1.png"},"id":93,"priority":10},
{"action":{"type":"block"},"condition":{"urlFilter":"||www.24vesti.mk/sites/default/files/2013/12/27/31706/images/98681.jpg"},"id":94,"priority":10},
{"action":{"type":"block"},"condition":{"urlFilter":"||www.24vesti.mk/sites/default/files/2014/10/20/45129/images/98679.jpg"},"id":95,"priority":10},
{"action":{"type":"block"},"condition":{"urlFilter":"||www.24vesti.mk/sites/default/files/2015/04/15/51801/images/108154.swf"},"id":96,"priority":10},
{"action":{"type":"block"},"condition":{"urlFilter":"||www.24vesti.mk/sites/default/files/2015/08/17/56267/images/126921.gif"},"id":97,"priority":10},
{"action":{"type":"block"},"condition":{"urlFilter":"||www.24vesti.mk/sites/default/files/2015/10/13/58238/images/125179.swf"},"id":98,"priority":10},
{"action":{"type":"block"},"condition":{"urlFilter":"||www.24vesti.mk/sites/default/files/2015/11/19/59604/images/123346.jpg"},"id":99,"priority":10},
{"action":{"type":"block"},"condition":{"urlFilter":"||www.24vesti.mk/sites/default/files/2016/01/15/61283/images/126646.jpg"},"id":100,"priority":10},
{"action":{"type":"block"},"condition":{"urlFilter":"||www.advertisia.net/"},"id":101,"priority":10},
{"action":{"type":"block"},"condition":{"urlFilter":"||www.akademik.mk/wp-content/uploads/*/*/*.swf"},"id":102,"priority":10},
{"action":{"type":"block"},"condition":{"urlFilter":"||www.avtobanda.com.mk/images/flash/"},"id":103,"priority":10},
{"action":{"type":"block"},"condition":{"urlFilter":"||www.barnorama.com/ads/"},"id":104,"priority":10},
{"action":{"type":"block"},"condition":{"urlFilter":"||www.barnorama.com/tab.html"},"id":105,"priority":10},
{"action":{"type":"block"},"condition":{"urlFilter":"||www.brkajrabota.mk/images/banners/"},"id":106,"priority":10},
{"action":{"type":"block"},"condition":{"urlFilter":"||www.carclub.mk/flash/"},"id":107,"priority":10},
{"action":{"type":"block"},"condition":{"urlFilter":"||www.carclub.mk/m/pb/randomizer.php"},"id":108,"priority":10},
{"action":{"type":"block"},"condition":{"urlFilter":"||www.exclusive.mk/newsmanagement/upload/banners/"},"id":109,"priority":10},
{"action":{"type":"block"},"condition":{"urlFilter":"||www.fakulteti.mk/custom/widgets/"},"id":110,"priority":10},
{"action":{"type":"block"},"condition":{"urlFilter":"||www.fakulteti.mk/reklami/"},"id":111,"priority":10},
{"action":{"type":"block"},"condition":{"urlFilter":"||www.femina.mk/images/banners/763/"},"id":112,"priority":10},
{"action":{"type":"block"},"condition":{"urlFilter":"||www.kavadar4e.com/flash/"},"id":113,"priority":10},
{"action":{"type":"block"},"condition":{"urlFilter":"||www.kavadar4e.com/images/flash/"},"id":114,"priority":10},
{"action":{"type":"block"},"condition":{"urlFilter":"||www.kavadar4e.com/images/reklami/"},"id":115,"priority":10},
{"action":{"type":"block"},"condition":{"urlFilter":"||www.koli.com.mk/baneri/"},"id":116,"priority":10},
{"action":{"type":"block"},"condition":{"urlFilter":"||www.ladybook.mk/images/banners/"},"id":117,"priority":10},
{"action":{"type":"block"},"condition":{"urlFilter":"||www.mobile24.mk/ads/"},"id":118,"priority":10},
{"action":{"type":"block"},"condition":{"urlFilter":"||www.mobile24.mk/iframe-ads.php"},"id":119,"priority":10},
{"action":{"type":"block"},"condition":{"urlFilter":"||www.motika.com.mk/reklami/"},"id":120,"priority":10},
{"action":{"type":"block"},"condition":{"urlFilter":"||www.oglasnik24.mk/baners/"},"id":121,"priority":10},
{"action":{"type":"block"},"condition":{"urlFilter":"||www.pozitivo.net/wp-content/plugins/cornerpeel/peel.png"},"id":122,"priority":10},
{"action":{"type":"block"},"condition":{"urlFilter":"||www.srekja.mk/wp-content/uploads/2015/11/lapaj-logo-srekja-300x250.jpg"},"id":123,"priority":10},
{"action":{"type":"block"},"condition":{"urlFilter":"||www.tripadvisor.com/widgetembed-cdsgeohighlights"},"id":124,"priority":10},
{"action":{"type":"block"},"condition":{"urlFilter":"||www.vipmarket5.mk/themes/airlija/images/banners/"},"id":125,"priority":10},
{"action":{"type":"block"},"condition":{"urlFilter":"||www.vipponuda.com/abans/"},"id":126,"priority":10},
{"action":{"type":"block"},"condition":{"urlFilter":"||www.vrabotuvanje.com.mk/content/dataimages/banners/"},"id":127,"priority":10},
{"action":{"type":"block"},"condition":{"urlFilter":"||adserver.piksel.mk/"},"id":128,"priority":10},
{"action":{"type":"block"},"condition":{"urlFilter":"||tagx.bambarmedia.com/"},"id":129,"priority":10},
{"action":{"type":"block"},"condition":{"urlFilter":"||republika.mk/banners/"},"id":130,"priority":10},
{"action":{"type":"block"},"condition":{"urlFilter":"||sportski.mk/wp-content/uploads/*/1920x1080-1.png"},"id":131,"priority":10},
{"action":{"type":"block"},"condition":{"urlFilter":"||images.gorivo.mk/000web/"},"id":132,"priority":10},
{"action":{"type":"block"},"condition":{"requestDomains":["10bet.com","a.sitel.com.mk","acadv.net","ad.mox.tv","adexchange.mk","adocean.pl","ads.1cm.com.mk","ads.360stepeni.mk","ads.365.mk","ads.com.mk","ads.crnobelo.mk","ads.deca.mk","ads.ekipa.mk","ads.emedia.mk","ads.ereklama.mk","ads.exdynsrv.com","ads.faktor.mk","ads.fakulteti.mk","ads.fashionel.mk","ads.fokus.mk","ads.foxit.mk","ads.grouper.mk","ads.idividi.com.mk","ads.it.mk","ads.kafepauza.mk","ads.kajgana.com","ads.kanal77.mk","ads.lokalno.mk","ads.mkd.mk","ads.mpm.com.mk","ads.nexage.com","ads.novatv.mk","ads.plusinfo.mk","ads.popularno.mk","ads.press24.mk","ads.programattik.com","ads.pubmatic.com","ads.puls24.mk","ads.skopjeinfo.mk","ads.sport1.mk","ads.sportclub.mk","ads.stankov.me","ads.studenti.mk","ads.tocka.com.mk","ads.trendolend.mk","ads.vrabotuvanje.com.mk","adsdms.mk","adserver.mk","adserver.neotel.mk","adservice.google.mk","advertiseserve.com","adxbid.info","adxpremium.services","aplikacii.com","baneri.24fudbal.com.mk","bid.aero","bttrack.com","clevernt.com","clickattack.mk","cm.adskeeper.co.uk","coinmedia.tk","d.agkn.com","doubleclick.net","ds-aksb-a.akamaihd.net","eadsrv.com","easyads.bg","free.xjs.lol","hipersushiads.com","httpool.com","httpool.com.mk","ib.adnxs.com","ireklama.mk","jsc.adskeeper.co.uk","keepaneye.mk","keepaneyeadmk.hit.gemius.pl","keepaneyegdemk.hit.gemius.pl","lacmus.mk","live.acads.net","load77.exelator.com","loadm.exelator.com","marketgid.com","marketing.centar.com.mk","marketing.utrinskivesnik.mk","mas.nth.ch","match.adsrvr.org","match.taboola.com","mgid.com","midas-network.com","mobi-promo.com","mozzart.ideaplus.mk","n.ads-adnow.com","n.ads1-adnow.com","n.ads2-adnow.com","n.ads3-adnow.com","n.ads4-adnow.com","n.ads5-adnow.com","nativemedia.rs","net-ads.mk","onesignal.com","pixel.onaudience.com","pixel.quantserve.com","pubpress.net","r.denar.mk","reklami.daily.mk","reklami.gbccom.com.mk","rev.balkanmediagroup.com","revcontent.com","revive.futura.net.mk","rtb.mfadsrvr.com","s-img.adskeeper.co.uk","s.pubmine.com","s0.2mdn.net","s1.adform.net","s2blosh.com","sa.daily.mk","servicer.adskeeper.co.uk","serving-sys.com","smartadserver.com","st-n.ads1-adnow.com","st-n.ads2-adnow.com","st-n.ads3-adnow.com","st-n.ads4-adnow.com","st-n.ads5-adnow.com","st-n.gsasd.info","static.off.mk","storygize.net","tags.bluekai.com","toboads.com","tv21macedonia.xyz","vdads2019.com","vionservices.com","www.mktrack.com","x.bidswitch.net"]},"id":133,"priority":10},
{"action":{"type":"block"},"condition":{"resourceTypes":["image"],"urlFilter":"||ads.zase.mk/"},"id":134,"priority":10},
{"action":{"type":"block"},"condition":{"resourceTypes":["image"],"urlFilter":"||emagazin.mk/images-banner/"},"id":135,"priority":10},
{"action":{"type":"block"},"condition":{"resourceTypes":["image"],"urlFilter":"||jugoinfo.mk/images/reklami/"},"id":136,"priority":10},
{"action":{"type":"block"},"condition":{"resourceTypes":["image"],"urlFilter":"||majkatiitatkoti.com/reklami/"},"id":137,"priority":10},
{"action":{"type":"block"},"condition":{"resourceTypes":["image"],"urlFilter":"||negotinoinfo.mk/baneri/"},"id":138,"priority":10},
{"action":{"type":"block"},"condition":{"resourceTypes":["image"],"urlFilter":"||strumicadenes.mk/banners/"},"id":139,"priority":10},
{"action":{"type":"block"},"condition":{"resourceTypes":["image"],"urlFilter":"||tera.mk/wp-content/uploads/2015/07/aries.jpg"},"id":140,"priority":10},
{"action":{"type":"block"},"condition":{"resourceTypes":["image"],"urlFilter":"||tera.mk/wp-content/uploads/2015/07/telekabel_logo.jpg"},"id":141,"priority":10},
{"action":{"type":"block"},"condition":{"resourceTypes":["image"],"urlFilter":"||tera.mk/wp-content/uploads/2016/01/fer-komp.jpg"},"id":142,"priority":10},
{"action":{"type":"block"},"condition":{"resourceTypes":["image"],"urlFilter":"||tera.mk/wp-content/uploads/2016/01/josifov.jpg"},"id":143,"priority":10},
{"action":{"type":"block"},"condition":{"resourceTypes":["image"],"urlFilter":"||tera.mk/wp-content/uploads/2016/07/13695099_1253805737965440_1652189031_n.jpg"},"id":144,"priority":10},
{"action":{"type":"block"},"condition":{"resourceTypes":["image"],"urlFilter":"||tera.mk/wp-content/uploads/2016/11/logo.png"},"id":145,"priority":10},
{"action":{"type":"block"},"condition":{"resourceTypes":["image"],"urlFilter":"||tera.mk/wp-content/uploads/2016/11/logo_faktor.png"},"id":146,"priority":10},
{"action":{"type":"block"},"condition":{"resourceTypes":["image"],"urlFilter":"||www.dokazm.mk/wp-content/uploads/2017/05/smartservice-gif.gif"},"id":147,"priority":10},
{"action":{"type":"block"},"condition":{"resourceTypes":["image"],"urlFilter":"||www.fama.mk/images/banners/"},"id":148,"priority":10},
{"action":{"type":"block"},"condition":{"resourceTypes":["image"],"urlFilter":"||a.kajgana.com/*."},"id":149,"priority":10},
{"action":{"type":"block"},"condition":{"resourceTypes":["image"],"urlFilter":"||tera.mk/wp-content/uploads/2023/06/baner_300-x-250-1.gif"},"id":150,"priority":10},
{"action":{"type":"block"},"condition":{"resourceTypes":["image"],"urlFilter":"||kapital.mk/wp-content/uploads/2024/02/baner-res-fevruari-2024.gif"},"id":151,"priority":10},
{"action":{"type":"block"},"condition":{"initiatorDomains":["reporter.mk"],"resourceTypes":["sub_frame"],"urlFilter":"about:blank"},"id":152,"priority":10},
{"action":{"type":"block"},"condition":{"resourceTypes":["sub_frame"],"urlFilter":"||cdn.grouper.mk/files/widgets/"},"id":153,"priority":10},
{"action":{"type":"block"},"condition":{"resourceTypes":["sub_frame"],"urlFilter":"||grid.mk/adsgrid"},"id":154,"priority":10},
{"action":{"type":"block"},"condition":{"resourceTypes":["sub_frame"],"urlFilter":"||reporter.mk/wp-content/uploads/2016/04/308-2008-300x250px_april-2016.html"},"id":155,"priority":10},
{"action":{"type":"block"},"condition":{"resourceTypes":["sub_frame"],"urlFilter":"||time.mk/widget/"},"id":156,"priority":10},
{"action":{"type":"block"},"condition":{"resourceTypes":["sub_frame"],"urlFilter":"||www.najdidom.mk/widget/"},"id":157,"priority":10},
{"action":{"type":"block"},"condition":{"resourceTypes":["sub_frame"],"urlFilter":"||www.pazar3.mk/wgdata/"},"id":158,"priority":10},
{"action":{"type":"block"},"condition":{"resourceTypes":["sub_frame"],"urlFilter":"||cdnmm.hyperpromote.com^"},"id":159,"priority":10}
]
