[
{"action":{"type":"block"},"condition":{"urlFilter":".com/a.gif?"},"id":1,"priority":10},
{"action":{"type":"block"},"condition":{"excludedInitiatorDomains":["idaprikol.ru","thg.ru"],"urlFilter":"/1x1.gif"},"id":2,"priority":10},
{"action":{"type":"block"},"condition":{"excludedInitiatorDomains":["bosch-home.ru","bsh-group.ru","comfy.ua","oplmanager.com","patagonia.com","pgatour.com","sport-express.ru","zobiki.ru"],"urlFilter":"/1x1.png"},"id":3,"priority":10},
{"action":{"type":"block"},"condition":{"urlFilter":"/?local_ga_js="},"id":4,"priority":10},
{"action":{"type":"block"},"condition":{"urlFilter":"/?sentry_key="},"id":5,"priority":10},
{"action":{"type":"block"},"condition":{"urlFilter":"/acint-counter.js"},"id":6,"priority":10},
{"action":{"type":"block"},"condition":{"urlFilter":"/adlogger_tracker.js?"},"id":7,"priority":10},
{"action":{"type":"block"},"condition":{"urlFilter":"/admp-tc."},"id":8,"priority":10},
{"action":{"type":"block"},"condition":{"urlFilter":"/awstats_misc_tracker."},"id":9,"priority":10},
{"action":{"type":"block"},"condition":{"urlFilter":"/b/ss/*?aqb=1&ndh="},"id":10,"priority":10},
{"action":{"type":"block"},"condition":{"urlFilter":"/bitrix/spread.php?"},"id":11,"priority":10},
{"action":{"type":"block"},"condition":{"urlFilter":"/c.gif?*&udc="},"id":12,"priority":10},
{"action":{"type":"block"},"condition":{"urlFilter":"/c.gif?*rnd="},"id":13,"priority":10},
{"action":{"type":"block"},"condition":{"urlFilter":"/cdn-cgi/zaraz/"},"id":14,"priority":10},
{"action":{"type":"block"},"condition":{"urlFilter":"/cnt-gif1x1.php?"},"id":15,"priority":10},
{"action":{"type":"block"},"condition":{"urlFilter":"/cnt.cgi?"},"id":16,"priority":10},
{"action":{"type":"block"},"condition":{"urlFilter":"/cnt.php?"},"id":17,"priority":10},
{"action":{"type":"block"},"condition":{"urlFilter":"/count.php"},"id":18,"priority":10},
{"action":{"type":"block"},"condition":{"excludedResourceTypes":["main_frame","object"],"urlFilter":"/counter.php?"},"id":19,"priority":10},
{"action":{"type":"block"},"condition":{"urlFilter":"/atlas/metrics/"},"id":20,"priority":10},
{"action":{"type":"block"},"condition":{"excludedInitiatorDomains":["stopgame.ru"],"urlFilter":"/counter_"},"id":21,"priority":10},
{"action":{"type":"block"},"condition":{"excludedInitiatorDomains":["au.ru","av.by","filmweb.pl","glavagronom.ru","itpc.ru","letu.ru","pay.tns-e.ru","pikabu.ru","poro.gg","traktorist.ua","work.ua"],"urlFilter":"/counters^"},"id":22,"priority":10},
{"action":{"type":"block"},"condition":{"urlFilter":"/csi?v=*&action="},"id":23,"priority":10},
{"action":{"type":"block"},"condition":{"urlFilter":"/cycounter."},"id":24,"priority":10},
{"action":{"type":"block"},"condition":{"urlFilter":"/cycounter^"},"id":25,"priority":10},
{"action":{"type":"block"},"condition":{"urlFilter":"/dcs.gif?"},"id":26,"priority":10},
{"action":{"type":"block"},"condition":{"urlFilter":"/elqnow/"},"id":27,"priority":10},
{"action":{"type":"block"},"condition":{"urlFilter":"/embedasynclogger."},"id":28,"priority":10},
{"action":{"type":"block"},"condition":{"urlFilter":"/foresee/"},"id":29,"priority":10},
{"action":{"type":"block"},"condition":{"urlFilter":"/front-metrics/?rnd="},"id":30,"priority":10},
{"action":{"type":"block"},"condition":{"urlFilter":"/ga_social_tracking.js"},"id":31,"priority":10},
{"action":{"type":"block"},"condition":{"urlFilter":"/gemius.js"},"id":32,"priority":10},
{"action":{"type":"block"},"condition":{"urlFilter":"/gemius/"},"id":33,"priority":10},
{"action":{"type":"block"},"condition":{"urlFilter":"/google-analyticator/"},"id":34,"priority":10},
{"action":{"type":"block"},"condition":{"urlFilter":"/jsre-min.js"},"id":35,"priority":10},
{"action":{"type":"block"},"condition":{"urlFilter":"/library/svy/*/broker.js"},"id":36,"priority":10},
{"action":{"type":"block"},"condition":{"urlFilter":"/log_interaction?"},"id":37,"priority":10},
{"action":{"type":"block"},"condition":{"urlFilter":"/mint/?js"},"id":38,"priority":10},
{"action":{"type":"block"},"condition":{"urlFilter":"/mmcount3.dll?"},"id":39,"priority":10},
{"action":{"type":"block"},"condition":{"urlFilter":"/modules/google_analytics/"},"id":40,"priority":10},
{"action":{"type":"block"},"condition":{"excludedInitiatorDomains":["piwik.org"],"urlFilter":"/piwik-"},"id":41,"priority":10},
{"action":{"type":"block"},"condition":{"excludedInitiatorDomains":["player.smotrim.ru"],"urlFilter":"/piwik.js"},"id":42,"priority":10},
{"action":{"type":"block"},"condition":{"urlFilter":"/piwik.php"},"id":43,"priority":10},
{"action":{"type":"block"},"condition":{"excludedInitiatorDomains":["piwik.org"],"urlFilter":"/piwik/"},"id":44,"priority":10},
{"action":{"type":"block"},"condition":{"urlFilter":"/piwiktracker."},"id":45,"priority":10},
{"action":{"type":"block"},"condition":{"urlFilter":"/pixel.gif?"},"id":46,"priority":10},
{"action":{"type":"block"},"condition":{"urlFilter":"/pixel.php?"},"id":47,"priority":10},
{"action":{"type":"block"},"condition":{"urlFilter":"/pixel.png?"},"id":48,"priority":10},
{"action":{"type":"block"},"condition":{"urlFilter":"/pixel/?token="},"id":49,"priority":10},
{"action":{"type":"block"},"condition":{"urlFilter":"/player/stats.php?"},"id":50,"priority":10},
{"action":{"type":"block"},"condition":{"urlFilter":"/px.gif?"},"id":51,"priority":10},
{"action":{"type":"block"},"condition":{"urlFilter":"/quant.js"},"id":52,"priority":10},
{"action":{"type":"block"},"condition":{"urlFilter":"/rating.cgi?id="},"id":53,"priority":10},
{"action":{"type":"block"},"condition":{"urlFilter":"/readcounter."},"id":54,"priority":10},
{"action":{"type":"block"},"condition":{"urlFilter":"/sbtracking/pageview2?"},"id":55,"priority":10},
{"action":{"type":"block"},"condition":{"urlFilter":"/services/counter.gif"},"id":56,"priority":10},
{"action":{"type":"block"},"condition":{"excludedInitiatorDomains":["smclinic-sol.ru"],"urlFilter":"/sourcebuster.min.js"},"id":57,"priority":10},
{"action":{"type":"block"},"condition":{"urlFilter":"/stat/dspixel.js?"},"id":58,"priority":10},
{"action":{"type":"block"},"condition":{"urlFilter":"/static/js/px.js?ch="},"id":59,"priority":10},
{"action":{"type":"block"},"condition":{"urlFilter":"/statistic/pixel?"},"id":60,"priority":10},
{"action":{"type":"block"},"condition":{"urlFilter":"/tnc.js?h="},"id":61,"priority":10},
{"action":{"type":"block"},"condition":{"urlFilter":"/tnscounter.js"},"id":62,"priority":10},
{"action":{"type":"block"},"condition":{"urlFilter":"/top/img.php?"},"id":63,"priority":10},
{"action":{"type":"block"},"condition":{"urlFilter":"/top_counter."},"id":64,"priority":10},
{"action":{"type":"block"},"condition":{"urlFilter":"/tracker.dll?"},"id":65,"priority":10},
{"action":{"type":"block"},"condition":{"urlFilter":"/ucounter."},"id":66,"priority":10},
{"action":{"type":"block"},"condition":{"urlFilter":"/vglnk.js"},"id":67,"priority":10},
{"action":{"type":"block"},"condition":{"urlFilter":"/wp-content/cache/busting/google-tracking/"},"id":68,"priority":10},
{"action":{"type":"block"},"condition":{"urlFilter":"/wp-slimstat/"},"id":69,"priority":10},
{"action":{"type":"block"},"condition":{"urlFilter":"/xgemius.js"},"id":70,"priority":10},
{"action":{"type":"block"},"condition":{"urlFilter":"/xtcore.js"},"id":71,"priority":10},
{"action":{"type":"block"},"condition":{"urlFilter":"://advstat."},"id":72,"priority":10},
{"action":{"type":"block"},"condition":{"urlFilter":"://cnt."},"id":73,"priority":10},
{"action":{"type":"block"},"condition":{"urlFilter":"://count."},"id":74,"priority":10},
{"action":{"type":"block"},"condition":{"excludedInitiatorDomains":["tengrinews.kz","vesti.kz"],"urlFilter":"://counter."},"id":75,"priority":10},
{"action":{"type":"block"},"condition":{"urlFilter":"://counting."},"id":76,"priority":10},
{"action":{"type":"block"},"condition":{"urlFilter":"://tracking.*/event"},"id":77,"priority":10},
{"action":{"type":"block"},"condition":{"urlFilter":";0x0;0;0;-;0|"},"id":78,"priority":10},
{"action":{"type":"block"},"condition":{"urlFilter":"=advanced-ads-tracking-"},"id":79,"priority":10},
{"action":{"type":"block"},"condition":{"urlFilter":"^name=atatracker^"},"id":80,"priority":10},
{"action":{"type":"block"},"condition":{"urlFilter":"_hits_stat."},"id":81,"priority":10},
{"action":{"type":"block"},"condition":{"urlFilter":"_pagespeed_beacon?"},"id":82,"priority":10},
{"action":{"type":"block"},"condition":{"urlFilter":"||analytics.*.*/pixel.php?h="},"id":83,"priority":10},
{"action":{"type":"block"},"condition":{"urlFilter":"||kz/js/analytic"},"id":84,"priority":10},
{"action":{"type":"block"},"condition":{"urlFilter":"||ru/cnt/?"},"id":85,"priority":10},
{"action":{"type":"block"},"condition":{"excludedInitiatorDomains":["yandex.by","yandex.kz","yandex.ru","yandex.uz"],"urlFilter":"||ru/count/"},"id":86,"priority":10},
{"action":{"type":"block"},"condition":{"urlFilter":"||ru/img.php?id"},"id":87,"priority":10},
{"action":{"type":"block"},"condition":{"excludedInitiatorDomains":["allsocial.ru","barcodes.olegon.ru","be1.ru","metrika.yandex.ru","mobtop.ru","proships.ru","sms-track.ru","sports.ru","textovod.com","wordstat.yandex.ru"],"urlFilter":"||ru/stat/"},"id":88,"priority":10},
{"action":{"type":"block"},"condition":{"urlFilter":"||su/stat/"},"id":89,"priority":10},
{"action":{"type":"block"},"condition":{"excludedInitiatorDomains":["fotomag.com.ua"],"urlFilter":"||ua/stat/"},"id":90,"priority":10},
{"action":{"type":"block"},"condition":{"initiatorDomains":["maximum.ru","montecarlo.ru"],"urlFilter":"/metrics.js"},"id":91,"priority":10},
{"action":{"type":"block"},"condition":{"initiatorDomains":["autonews.ru","rbc.ru","sportrbc.ru"],"urlFilter":"/redir/stat/"},"id":92,"priority":10},
{"action":{"type":"block"},"condition":{"urlFilter":"/yandex-metrika.js"},"id":93,"priority":10},
{"action":{"type":"block"},"condition":{"excludedInitiatorDomains":["tns-counter.ru"],"urlFilter":"://tns-counter.ru/"},"id":94,"priority":10},
{"action":{"type":"block"},"condition":{"urlFilter":"||24smi.org/api/metrics/"},"id":95,"priority":10},
{"action":{"type":"block"},"condition":{"urlFilter":"||24support.cc/js/stats.js"},"id":96,"priority":10},
{"action":{"type":"block"},"condition":{"urlFilter":"||2gis.ru/_/log"},"id":97,"priority":10},
{"action":{"type":"block"},"condition":{"urlFilter":"||2gis.ru/_/metrics"},"id":98,"priority":10},
{"action":{"type":"block"},"condition":{"urlFilter":"||7days.ru/statistics/*/hit?id="},"id":99,"priority":10},
{"action":{"type":"block"},"condition":{"urlFilter":"||a.lifehacker.ru/lifehacker/tracker"},"id":100,"priority":10},
{"action":{"type":"block"},"condition":{"urlFilter":"||abt.s3.yandex.net/expjs/latest/exp.js"},"id":101,"priority":10},
{"action":{"type":"block"},"condition":{"urlFilter":"||accessily.com/img/accessily_badge.png"},"id":102,"priority":10},
{"action":{"type":"block"},"condition":{"urlFilter":"||addthis.com^*.gif?*&cxnid="},"id":103,"priority":10},
{"action":{"type":"block"},"condition":{"urlFilter":"||adme.media/metric-collector"},"id":104,"priority":10},
{"action":{"type":"block"},"condition":{"urlFilter":"||adone.ru/cntr/"},"id":105,"priority":10},
{"action":{"type":"block"},"condition":{"urlFilter":"||affiliates.rozetka.com.ua/tools/utm.php?r="},"id":106,"priority":10},
{"action":{"type":"block"},"condition":{"urlFilter":"||ag.ru/*/info/info.php?"},"id":107,"priority":10},
{"action":{"type":"block"},"condition":{"urlFilter":"||agropoisk.ru/getbanner.php?"},"id":108,"priority":10},
{"action":{"type":"block"},"condition":{"urlFilter":"||ainews.kz/api/metrics/"},"id":109,"priority":10},
{"action":{"type":"block"},"condition":{"urlFilter":"||ainews.kz/api/track/"},"id":110,"priority":10},
{"action":{"type":"block"},"condition":{"urlFilter":"||alexa.com/site_stats/"},"id":111,"priority":10},
{"action":{"type":"block"},"condition":{"urlFilter":"||amazonaws.com/ki.js/"},"id":112,"priority":10},
{"action":{"type":"block"},"condition":{"urlFilter":"||analytics.google.com/g/collect?"},"id":113,"priority":10},
{"action":{"type":"block"},"condition":{"urlFilter":"||analytics.trbna.com/"},"id":114,"priority":10},
{"action":{"type":"block"},"condition":{"urlFilter":"||api-analytics.rozetka.com.ua/js/exponea.min.js"},"id":115,"priority":10},
{"action":{"type":"block"},"condition":{"urlFilter":"||api-hprof.odkl.ru/api/crash/tracksession?"},"id":116,"priority":10},
{"action":{"type":"block"},"condition":{"excludedInitiatorDomains":["ok.ru"],"urlFilter":"||api-hprof.odkl.ru/api/crash/upload?"},"id":117,"priority":10},
{"action":{"type":"block"},"condition":{"excludedInitiatorDomains":["ok.ru"],"urlFilter":"||api-hprof.odkl.ru/api/crash/uploadbatch?"},"id":118,"priority":10},
{"action":{"type":"block"},"condition":{"urlFilter":"||api.mindbox.ru/scripts/*/tracker."},"id":119,"priority":10},
{"action":{"type":"block"},"condition":{"urlFilter":"||api.vp.rambler.ru/events/"},"id":120,"priority":10},
{"action":{"type":"block"},"condition":{"urlFilter":"||apistats.rg.ru/add-visit?"},"id":121,"priority":10},
{"action":{"type":"block"},"condition":{"urlFilter":"||apm-server.trbna.com/intake/*/rum/events"},"id":122,"priority":10},
{"action":{"type":"block"},"condition":{"urlFilter":"||app.renteres.ru/embed/analytics.php?"},"id":123,"priority":10},
{"action":{"type":"block"},"condition":{"urlFilter":"||astr24.ru/top/"},"id":124,"priority":10},
{"action":{"type":"block"},"condition":{"urlFilter":"||atlas.rambler.ru/metrics"},"id":125,"priority":10},
{"action":{"type":"block"},"condition":{"urlFilter":"||audtd.com/match/"},"id":126,"priority":10},
{"action":{"type":"block"},"condition":{"excludedResourceTypes":["main_frame","xmlhttprequest"],"urlFilter":"||auto.ru/-/ajax/"},"id":127,"priority":10},
{"action":{"type":"block"},"condition":{"urlFilter":"||auto.ru/static/yafp.html"},"id":128,"priority":10},
{"action":{"type":"block"},"condition":{"urlFilter":"||autodealer.ru/includes/button.php?"},"id":129,"priority":10},
{"action":{"type":"block"},"condition":{"urlFilter":"||avito.ru/stat/"},"id":130,"priority":10},
{"action":{"type":"block"},"condition":{"urlFilter":"||avtorambler.com/metrics/"},"id":131,"priority":10},
{"action":{"type":"block"},"condition":{"urlFilter":"||bemobile.ua/bug/"},"id":132,"priority":10},
{"action":{"type":"block"},"condition":{"urlFilter":"||bemobile.ua/cm/"},"id":133,"priority":10},
{"action":{"type":"block"},"condition":{"urlFilter":"||bemobile.ua/id/"},"id":134,"priority":10},
{"action":{"type":"block"},"condition":{"urlFilter":"||bemobile.ua/pagestat/"},"id":135,"priority":10},
{"action":{"type":"block"},"condition":{"urlFilter":"||bemobile.ua/vplayer/"},"id":136,"priority":10},
{"action":{"type":"block"},"condition":{"urlFilter":"||bestpersons.ru/service/visit?"},"id":137,"priority":10},
{"action":{"type":"block"},"condition":{"urlFilter":"||bet365.com/defaultaff.asp?affiliate="},"id":138,"priority":10},
{"action":{"type":"block"},"condition":{"urlFilter":"||bits.wikimedia.org/geoiplookup"},"id":139,"priority":10},
{"action":{"type":"block"},"condition":{"urlFilter":"||biysk.info/cgi-bin/click?"},"id":140,"priority":10},
{"action":{"type":"block"},"condition":{"urlFilter":"||biysk24.ru/top/"},"id":141,"priority":10},
{"action":{"type":"block"},"condition":{"urlFilter":"||bonbone.ru/bon.php?"},"id":142,"priority":10},
{"action":{"type":"block"},"condition":{"urlFilter":"||booking.com/js_tracking?"},"id":143,"priority":10},
{"action":{"type":"block"},"condition":{"urlFilter":"||brightcove.com/1pix.gif?"},"id":144,"priority":10},
{"action":{"type":"block"},"condition":{"urlFilter":"||business-key.com/top/"},"id":145,"priority":10},
{"action":{"type":"block"},"condition":{"urlFilter":"||business.if.ua/common/scripts/getstat.asp?"},"id":146,"priority":10},
{"action":{"type":"block"},"condition":{"urlFilter":"||c0.froala.com/i?"},"id":147,"priority":10},
{"action":{"type":"block"},"condition":{"urlFilter":"||carline.ru/best-top/count?"},"id":148,"priority":10},
{"action":{"type":"block"},"condition":{"urlFilter":"||cdn.jsdelivr.net/npm/yandex-metrica-watch/tag.js"},"id":149,"priority":10},
{"action":{"type":"block"},"condition":{"urlFilter":"||cdn.jsdelivr.net/npm/yandex-metrica-watch/watch.js"},"id":150,"priority":10},
{"action":{"type":"block"},"condition":{"urlFilter":"||ceros.com/a?data="},"id":151,"priority":10},
{"action":{"type":"block"},"condition":{"urlFilter":"||chatov.net/img.php?id="},"id":152,"priority":10},
{"action":{"type":"block"},"condition":{"urlFilter":"||circle.am/service/?"},"id":153,"priority":10},
{"action":{"type":"block"},"condition":{"urlFilter":"||citilink.ru/googletagmanager.js"},"id":154,"priority":10},
{"action":{"type":"block"},"condition":{"urlFilter":"||click.ru/af.js"},"id":155,"priority":10},
{"action":{"type":"block"},"condition":{"urlFilter":"||cloudfront.me/metrika/watch"},"id":156,"priority":10},
{"action":{"type":"block"},"condition":{"urlFilter":"||cloudfront.net/metrika/watch"},"id":157,"priority":10},
{"action":{"type":"block"},"condition":{"urlFilter":"||cloudfront.pro/metrika/watch"},"id":158,"priority":10},
{"action":{"type":"block"},"condition":{"urlFilter":"||collector.github.com/github/collect|"},"id":159,"priority":10},
{"action":{"type":"block"},"condition":{"excludedInitiatorDomains":["facebook.net","fb.com"],"urlFilter":"||connect.facebook.net/*&autologappevents="},"id":160,"priority":10},
{"action":{"type":"block"},"condition":{"urlFilter":"||cpanetwork.ru/tracki.asp?"},"id":161,"priority":10},
{"action":{"type":"block"},"condition":{"urlFilter":"||creativecdn.com/partner/actionpay/pixel?"},"id":162,"priority":10},
{"action":{"type":"block"},"condition":{"urlFilter":"||creativecdn.com/tags?"},"id":163,"priority":10},
{"action":{"type":"block"},"condition":{"urlFilter":"||customfingerprints.bablosoft.com/clientsafe.js"},"id":164,"priority":10},
{"action":{"type":"block"},"condition":{"urlFilter":"||cys.ru/button.png?url="},"id":165,"priority":10},
{"action":{"type":"block"},"condition":{"urlFilter":"||dc.services.visualstudio.com^*/track"},"id":166,"priority":10},
{"action":{"type":"block"},"condition":{"urlFilter":"||doubleclick.net/pixel?"},"id":167,"priority":10},
{"action":{"type":"block"},"condition":{"urlFilter":"||dtm-dre.platform.hicloud.com/download/web/dtm.js"},"id":168,"priority":10},
{"action":{"type":"block"},"condition":{"urlFilter":"||emoment.net/cnt/"},"id":169,"priority":10},
{"action":{"type":"block"},"condition":{"urlFilter":"||exe.bid/pixel?"},"id":170,"priority":10},
{"action":{"type":"block"},"condition":{"urlFilter":"||facebook.com/security/hsts-pixel.gif"},"id":171,"priority":10},
{"action":{"type":"block"},"condition":{"urlFilter":"||facebook.com/tr/?"},"id":172,"priority":10},
{"action":{"type":"block"},"condition":{"urlFilter":"||facebook.com/tr/|"},"id":173,"priority":10},
{"action":{"type":"block"},"condition":{"urlFilter":"||feedburner.com/~r/"},"id":174,"priority":10},
{"action":{"type":"block"},"condition":{"urlFilter":"||feedsportal.com/c/"},"id":175,"priority":10},
{"action":{"type":"block"},"condition":{"urlFilter":"||fleshlight-russia.com/fbl.gif"},"id":176,"priority":10},
{"action":{"type":"block"},"condition":{"urlFilter":"||fontanka.ru/api/metrics/"},"id":177,"priority":10},
{"action":{"type":"block"},"condition":{"urlFilter":"||ft-online.info/img_"},"id":178,"priority":10},
{"action":{"type":"block"},"condition":{"urlFilter":"||fundamentaltop500.com/ft500.php3?sid="},"id":179,"priority":10},
{"action":{"type":"block"},"condition":{"urlFilter":"||gc.onliner.by/assets/conversion.*.js"},"id":180,"priority":10},
{"action":{"type":"block"},"condition":{"urlFilter":"||gcmsite.ru/?pg=stat&"},"id":181,"priority":10},
{"action":{"type":"block"},"condition":{"urlFilter":"||gigatop.net/c.php?"},"id":182,"priority":10},
{"action":{"type":"block"},"condition":{"urlFilter":"||gismeteo.*/static/js/xgemius*.js|"},"id":183,"priority":10},
{"action":{"type":"block"},"condition":{"urlFilter":"||gismeteo.ru/stat.js"},"id":184,"priority":10},
{"action":{"type":"block"},"condition":{"urlFilter":"||github.com/_private/browser/stats"},"id":185,"priority":10},
{"action":{"type":"block"},"condition":{"urlFilter":"||go.imgsmail.ru/0c.gif?megarandom="},"id":186,"priority":10},
{"action":{"type":"block"},"condition":{"urlFilter":"||goha.ru*/event?hash="},"id":187,"priority":10},
{"action":{"type":"block"},"condition":{"urlFilter":"||goha.ru^*&geodata="},"id":188,"priority":10},
{"action":{"type":"block"},"condition":{"urlFilter":"||google-analytics.com/collect?"},"id":189,"priority":10},
{"action":{"type":"block"},"condition":{"urlFilter":"||google-analytics.com/r/collect?"},"id":190,"priority":10},
{"action":{"type":"block"},"condition":{"urlFilter":"||google.*/ads/ga-audiences?v="},"id":191,"priority":10},
{"action":{"type":"block"},"condition":{"urlFilter":"||goto.kz/img.php?"},"id":192,"priority":10},
{"action":{"type":"block"},"condition":{"urlFilter":"||gws.ru/gwscnt/?"},"id":193,"priority":10},
{"action":{"type":"block"},"condition":{"urlFilter":"||h-cdn.com/loader.js?customer="},"id":194,"priority":10},
{"action":{"type":"block"},"condition":{"urlFilter":"||hdgo.cc/statistics/"},"id":195,"priority":10},
{"action":{"type":"block"},"condition":{"urlFilter":"||hmn.ru/counterdb.php?"},"id":196,"priority":10},
{"action":{"type":"block"},"condition":{"urlFilter":"||i.bigmir.net/cnt/"},"id":197,"priority":10},
{"action":{"type":"block"},"condition":{"urlFilter":"||i.online.ua/catalog/logo/"},"id":198,"priority":10},
{"action":{"type":"block"},"condition":{"urlFilter":"||icounter.net/getcode.php?site="},"id":199,"priority":10},
{"action":{"type":"block"},"condition":{"urlFilter":"||imageshack.us/scripts/common/is-comscore.js"},"id":200,"priority":10},
{"action":{"type":"block"},"condition":{"urlFilter":"||imstat.ru/image.php?"},"id":201,"priority":10},
{"action":{"type":"block"},"condition":{"urlFilter":"||inews.name/top.php?count="},"id":202,"priority":10},
{"action":{"type":"block"},"condition":{"urlFilter":"||influ2.com/tracker?"},"id":203,"priority":10},
{"action":{"type":"block"},"condition":{"urlFilter":"||inforotor.net/rotor/"},"id":204,"priority":10},
{"action":{"type":"block"},"condition":{"urlFilter":"||instagram.com/logging/"},"id":205,"priority":10},
{"action":{"type":"block"},"condition":{"urlFilter":"||intel.com/b/"},"id":206,"priority":10},
{"action":{"type":"block"},"condition":{"urlFilter":"||intensedebate.com/remotevisit.php?"},"id":207,"priority":10},
{"action":{"type":"block"},"condition":{"urlFilter":"||interfax.ru/cnt/"},"id":208,"priority":10},
{"action":{"type":"block"},"condition":{"urlFilter":"||interzet.ru/log.php?"},"id":209,"priority":10},
{"action":{"type":"block"},"condition":{"urlFilter":"||irecommend.ru^*superstat/"},"id":210,"priority":10},
{"action":{"type":"block"},"condition":{"urlFilter":"||j.uralweb.ru/"},"id":211,"priority":10},
{"action":{"type":"block"},"condition":{"urlFilter":"||join.com.ua/count.cgi?"},"id":212,"priority":10},
{"action":{"type":"block"},"condition":{"urlFilter":"||jsengine.ru/geoproxy/"},"id":213,"priority":10},
{"action":{"type":"block"},"condition":{"urlFilter":"||jwpltx.com^*/ping.gif?"},"id":214,"priority":10},
{"action":{"type":"block"},"condition":{"urlFilter":"||katalog-chatov.ru/top/"},"id":215,"priority":10},
{"action":{"type":"block"},"condition":{"urlFilter":"||kinostok.net/stat/"},"id":216,"priority":10},
{"action":{"type":"block"},"condition":{"urlFilter":"||krutilka.price.ru/count_"},"id":217,"priority":10},
{"action":{"type":"block"},"condition":{"urlFilter":"||kz24.net/top/?"},"id":218,"priority":10},
{"action":{"type":"block"},"condition":{"urlFilter":"||l.ivi.ru/logger/px/"},"id":219,"priority":10},
{"action":{"type":"block"},"condition":{"urlFilter":"||l2.io/ip.js"},"id":220,"priority":10},
{"action":{"type":"block"},"condition":{"urlFilter":"||launchpad-wrapper.privacymanager.io/*/launchpad-liveramp.js"},"id":221,"priority":10},
{"action":{"type":"block"},"condition":{"urlFilter":"||libo.ru/rat/img/"},"id":222,"priority":10},
{"action":{"type":"block"},"condition":{"urlFilter":"||livejournal.com/ljcounter/"},"id":223,"priority":10},
{"action":{"type":"block"},"condition":{"urlFilter":"||livejournal.com^*/pagestats/"},"id":224,"priority":10},
{"action":{"type":"block"},"condition":{"urlFilter":"||m24.ru/js/top100.js"},"id":225,"priority":10},
{"action":{"type":"block"},"condition":{"urlFilter":"||mail.kz/assets/frontend/img/counter."},"id":226,"priority":10},
{"action":{"type":"block"},"condition":{"urlFilter":"||mail.ru/api-proxy/rb-mimic/"},"id":227,"priority":10},
{"action":{"type":"block"},"condition":{"urlFilter":"||mail.ru/direct.gif?"},"id":228,"priority":10},
{"action":{"type":"block"},"condition":{"urlFilter":"||mail.ru/dstat?"},"id":229,"priority":10},
{"action":{"type":"block"},"condition":{"urlFilter":"||mail.ru/grstat?"},"id":230,"priority":10},
{"action":{"type":"block"},"condition":{"urlFilter":"||mail.yandex.*/monitoring_*?event=ads-blocked&type="},"id":231,"priority":10},
{"action":{"type":"block"},"condition":{"urlFilter":"||mail.yandex.*/monitoring_liza.txt"},"id":232,"priority":10},
{"action":{"type":"block"},"condition":{"urlFilter":"||mainspy.ru/tic/"},"id":233,"priority":10},
{"action":{"type":"block"},"condition":{"urlFilter":"||maploco.com/vmap/"},"id":234,"priority":10},
{"action":{"type":"block"},"condition":{"urlFilter":"||maulnet.ru/tools/panel/get_counter/"},"id":235,"priority":10},
{"action":{"type":"block"},"condition":{"urlFilter":"||maxpark.com/iframe_"},"id":236,"priority":10},
{"action":{"type":"block"},"condition":{"urlFilter":"||medfirms.ru/top/"},"id":237,"priority":10},
{"action":{"type":"block"},"condition":{"urlFilter":"||media-imdb.com/twilight/?"},"id":238,"priority":10},
{"action":{"type":"block"},"condition":{"urlFilter":"||mediachat.ru/cnt?"},"id":239,"priority":10},
{"action":{"type":"block"},"condition":{"urlFilter":"||medialand.ru/null.swf"},"id":240,"priority":10},
{"action":{"type":"block"},"condition":{"excludedInitiatorDomains":["mediator.mail.ru"],"requestDomains":["mediator.mail.ru"]},"id":241,"priority":10},
{"action":{"type":"block"},"condition":{"urlFilter":"||meduza.io/stat/"},"id":242,"priority":10},
{"action":{"type":"block"},"condition":{"urlFilter":"||mokuz.ru/vipcounter/"},"id":243,"priority":10},
{"action":{"type":"block"},"condition":{"urlFilter":"||mozilla.net^*/webtrends/"},"id":244,"priority":10},
{"action":{"type":"block"},"condition":{"urlFilter":"||msecnd.net/scripts/a/ai.0.js"},"id":245,"priority":10},
{"action":{"type":"block"},"condition":{"urlFilter":"||musiccounter.ru/hit.pl?id="},"id":246,"priority":10},
{"action":{"type":"block"},"condition":{"urlFilter":"||mytop.vkplay.live/js/code.js"},"id":247,"priority":10},
{"action":{"type":"block"},"condition":{"urlFilter":"||narod.kz/img.php?"},"id":248,"priority":10},
{"action":{"type":"block"},"condition":{"urlFilter":"||net.kg/img.php?id="},"id":249,"priority":10},
{"action":{"type":"block"},"condition":{"urlFilter":"||newsharecounts.com/count.json"},"id":250,"priority":10},
{"action":{"type":"block"},"condition":{"urlFilter":"||nfshome.com/track.php?id="},"id":251,"priority":10},
{"action":{"type":"block"},"condition":{"excludedInitiatorDomains":["olx.pl"],"urlFilter":"||ninja.data.olxcdn.com/ninja-cee.js"},"id":252,"priority":10},
{"action":{"type":"block"},"condition":{"urlFilter":"||nomery.ru/p.php"},"id":253,"priority":10},
{"action":{"type":"block"},"condition":{"urlFilter":"||odnoklassniki.ru/dk?*&uid=odklcnt0&ref="},"id":254,"priority":10},
{"action":{"type":"block"},"condition":{"urlFilter":"||ohnorobot.com/verify.pl?"},"id":255,"priority":10},
{"action":{"type":"block"},"condition":{"urlFilter":"||onesignal.com/api/v*/sync/"},"id":256,"priority":10},
{"action":{"type":"block"},"condition":{"urlFilter":"||onesignal.com/webpushanalytics"},"id":257,"priority":10},
{"action":{"type":"block"},"condition":{"urlFilter":"||onthe.io/io.js"},"id":258,"priority":10},
{"action":{"type":"block"},"condition":{"urlFilter":"||p-rank.org/pr.php?"},"id":259,"priority":10},
{"action":{"type":"block"},"condition":{"urlFilter":"||paycaptcha.net/metrika_"},"id":260,"priority":10},
{"action":{"type":"block"},"condition":{"urlFilter":"||piano.io/publisher/fusion/lucid/data/"},"id":261,"priority":10},
{"action":{"type":"block"},"condition":{"urlFilter":"||piano.io/tracker/"},"id":262,"priority":10},
{"action":{"type":"block"},"condition":{"urlFilter":"||piccy.info/c?"},"id":263,"priority":10},
{"action":{"type":"block"},"condition":{"urlFilter":"||pics.rbc.ru^*/img.*?"},"id":264,"priority":10},
{"action":{"type":"block"},"condition":{"urlFilter":"||planetanovosti.com/stat/"},"id":265,"priority":10},
{"action":{"type":"block"},"condition":{"urlFilter":"||plausible.io/api/event"},"id":266,"priority":10},
{"action":{"type":"block"},"condition":{"urlFilter":"||plausible.io/js/script.js"},"id":267,"priority":10},
{"action":{"type":"block"},"condition":{"urlFilter":"||plwork.net/stats_all"},"id":268,"priority":10},
{"action":{"type":"block"},"condition":{"urlFilter":"||prchecker.info/getpr.php?"},"id":269,"priority":10},
{"action":{"type":"block"},"condition":{"urlFilter":"||prcyonline.info/img_"},"id":270,"priority":10},
{"action":{"type":"block"},"condition":{"urlFilter":"||preved.tut.by/1px.gif"},"id":271,"priority":10},
{"action":{"type":"block"},"condition":{"urlFilter":"||pro.auto.ru/metric.html"},"id":272,"priority":10},
{"action":{"type":"block"},"condition":{"urlFilter":"||pronpic.org/counter.php"},"id":273,"priority":10},
{"action":{"type":"block"},"condition":{"urlFilter":"||r3.mail.ru/k?"},"id":274,"priority":10},
{"action":{"type":"block"},"condition":{"urlFilter":"||rambler.ru/clicks/"},"id":275,"priority":10},
{"action":{"type":"block"},"condition":{"urlFilter":"||rambler.ru/metrics/"},"id":276,"priority":10},
{"action":{"type":"block"},"condition":{"excludedInitiatorDomains":["rang.com.ua"],"requestDomains":["rang.com.ua"]},"id":277,"priority":10},
{"action":{"type":"block"},"condition":{"urlFilter":"||rankw.ru/pinger.php?"},"id":278,"priority":10},
{"action":{"type":"block"},"condition":{"urlFilter":"||rbc.ru/click?"},"id":279,"priority":10},
{"action":{"type":"block"},"condition":{"urlFilter":"||rbc.ru^*/geoinfo/by-ip/"},"id":280,"priority":10},
{"action":{"type":"block"},"condition":{"urlFilter":"||redditstatic.com/ads/pixel.js"},"id":281,"priority":10},
{"action":{"type":"block"},"condition":{"urlFilter":"||remp.nv.ua/assets/lib/js/remplib.js"},"id":282,"priority":10},
{"action":{"type":"block"},"condition":{"urlFilter":"||republer.com/match?"},"id":283,"priority":10},
{"action":{"type":"block"},"condition":{"urlFilter":"||riamedia.com.ua/assets/js/tracker.js"},"id":284,"priority":10},
{"action":{"type":"block"},"condition":{"urlFilter":"||rkn.gov.ru/5a71c95863f38b1dcfcbb763.js"},"id":285,"priority":10},
{"action":{"type":"block"},"condition":{"urlFilter":"||rufox.ru^*/ncounter.pl?"},"id":286,"priority":10},
{"action":{"type":"block"},"condition":{"urlFilter":"||russianamerica.com/top/"},"id":287,"priority":10},
{"action":{"type":"block"},"condition":{"urlFilter":"||rutube.ru/dbg/player_stat?"},"id":288,"priority":10},
{"action":{"type":"block"},"condition":{"urlFilter":"||rutube.ru/partner-analytics.js"},"id":289,"priority":10},
{"action":{"type":"block"},"condition":{"urlFilter":"||saint-petersburg.ru/i.php?"},"id":290,"priority":10},
{"action":{"type":"block"},"condition":{"urlFilter":"||savedwebhistory.org/rank.php?s="},"id":291,"priority":10},
{"action":{"type":"block"},"condition":{"urlFilter":"||search.com.ua/analytics/set/visit?data="},"id":292,"priority":10},
{"action":{"type":"block"},"condition":{"urlFilter":"||seliweb.com/info/nole.html?"},"id":293,"priority":10},
{"action":{"type":"block"},"condition":{"urlFilter":"||seogift.ru/seo-cntr-"},"id":294,"priority":10},
{"action":{"type":"block"},"condition":{"urlFilter":"||serank.ru/prinf/view.php?"},"id":295,"priority":10},
{"action":{"type":"block"},"condition":{"urlFilter":"||services.meteored.com/web/usr/v*/check/"},"id":296,"priority":10},
{"action":{"type":"block"},"condition":{"urlFilter":"||shazoo.ru/pixel/"},"id":297,"priority":10},
{"action":{"type":"block"},"condition":{"urlFilter":"||skypeassets.com^*/wanalytics/"},"id":298,"priority":10},
{"action":{"type":"block"},"condition":{"urlFilter":"||softportal.com/js/metrika.js"},"id":299,"priority":10},
{"action":{"type":"block"},"condition":{"urlFilter":"||sovetnik.net/count/"},"id":300,"priority":10},
{"action":{"type":"block"},"condition":{"urlFilter":"||sports.ru/static/sp.js"},"id":301,"priority":10},
{"action":{"type":"block"},"condition":{"urlFilter":"||spywap.net/ct/"},"id":302,"priority":10},
{"action":{"type":"block"},"condition":{"urlFilter":"||stat.sports.ru/api/"},"id":303,"priority":10},
{"action":{"type":"block"},"condition":{"urlFilter":"||stat.sports.ru/piwik*.js"},"id":304,"priority":10},
{"action":{"type":"block"},"condition":{"urlFilter":"||stat.tvigle.ru/track/"},"id":305,"priority":10},
{"action":{"type":"block"},"condition":{"urlFilter":"||stat70.ru/gather/?"},"id":306,"priority":10},
{"action":{"type":"block"},"condition":{"urlFilter":"||static-mail.kz/assets/frontend/js/counter.js"},"id":307,"priority":10},
{"action":{"type":"block"},"condition":{"urlFilter":"||static.cloudflareinsights.com/beacon.min.js"},"id":308,"priority":10},
{"action":{"type":"block"},"condition":{"urlFilter":"||static.gazeta.ru/*/js/block_counter."},"id":309,"priority":10},
{"action":{"type":"block"},"condition":{"urlFilter":"||static.olx.*/js/newrelic.js"},"id":310,"priority":10},
{"action":{"type":"block"},"condition":{"urlFilter":"||static.olx.*/js/tracking/"},"id":311,"priority":10},
{"action":{"type":"block"},"condition":{"urlFilter":"||static.tonkosti.ru/tonkosti/www/js/snvars.js"},"id":312,"priority":10},
{"action":{"type":"block"},"condition":{"urlFilter":"||statok.net/image/"},"id":313,"priority":10},
{"action":{"type":"block"},"condition":{"urlFilter":"||strm.yandex.ru/log/?"},"id":314,"priority":10},
{"action":{"type":"block"},"condition":{"urlFilter":"||superjob.ru/com.snowplowanalytics."},"id":315,"priority":10},
{"action":{"type":"block"},"condition":{"urlFilter":"||superjob.ru/ws/"},"id":316,"priority":10},
{"action":{"type":"block"},"condition":{"urlFilter":"||sve.online.sberbank.ru/metrics/partners"},"id":317,"priority":10},
{"action":{"type":"block"},"condition":{"urlFilter":"||syl.ru/misc/js/global/tracker.js"},"id":318,"priority":10},
{"action":{"type":"block"},"condition":{"urlFilter":"||sync.rambler.ru/*?partner_id="},"id":319,"priority":10},
{"action":{"type":"block"},"condition":{"excludedInitiatorDomains":["tv5monde.com"],"requestDomains":["tag.aticdn.net"]},"id":320,"priority":10},
{"action":{"type":"block"},"condition":{"urlFilter":"||tags.tiqcdn.com/utag^*/utag.sync.js"},"id":321,"priority":10},
{"action":{"type":"block"},"condition":{"excludedInitiatorDomains":["smi2.ru"],"requestDomains":["target.smi2.net"]},"id":322,"priority":10},
{"action":{"type":"block"},"condition":{"urlFilter":"||tengrinews.kz/js/hide/seohide.js"},"id":323,"priority":10},
{"action":{"type":"block"},"condition":{"urlFilter":"||thedownloadplanet.com/tools/supplemental.php"},"id":324,"priority":10},
{"action":{"type":"block"},"condition":{"urlFilter":"||thesame.tv/tsn.html"},"id":325,"priority":10},
{"action":{"type":"block"},"condition":{"urlFilter":"||threadloom.com/ga/"},"id":326,"priority":10},
{"action":{"type":"block"},"condition":{"urlFilter":"||tonkosti.ru/js/statistic.php"},"id":327,"priority":10},
{"action":{"type":"block"},"condition":{"urlFilter":"||top.elec.ru/cnt?"},"id":328,"priority":10},
{"action":{"type":"block"},"condition":{"urlFilter":"||top10.vl.ru*/hh.hit^"},"id":329,"priority":10},
{"action":{"type":"block"},"condition":{"urlFilter":"||top20.md/client/scripts/"},"id":330,"priority":10},
{"action":{"type":"block"},"condition":{"urlFilter":"||topshops.com.ua/images/buttons/"},"id":331,"priority":10},
{"action":{"type":"block"},"condition":{"urlFilter":"||toptracker.ru/details.php?id="},"id":332,"priority":10},
{"action":{"type":"block"},"condition":{"urlFilter":"||tpc-init.radius.technology/tpc-script.js"},"id":333,"priority":10},
{"action":{"type":"block"},"condition":{"urlFilter":"||trustcommander.net/privacy/"},"id":334,"priority":10},
{"action":{"type":"block"},"condition":{"urlFilter":"||tut.by/res_co_track.gif"},"id":335,"priority":10},
{"action":{"type":"block"},"condition":{"urlFilter":"||tut.by/scripts/by/ga~"},"id":336,"priority":10},
{"action":{"type":"block"},"condition":{"urlFilter":"||tut.by/stat/"},"id":337,"priority":10},
{"action":{"type":"block"},"condition":{"urlFilter":"||tvigle.ru/img/stat.gif?"},"id":338,"priority":10},
{"action":{"type":"block"},"condition":{"urlFilter":"||tvzavr.ru/astat/"},"id":339,"priority":10},
{"action":{"type":"block"},"condition":{"urlFilter":"||tvzavr.ru/streamstat/"},"id":340,"priority":10},
{"action":{"type":"block"},"condition":{"urlFilter":"||ukr.net/track.js?"},"id":341,"priority":10},
{"action":{"type":"block"},"condition":{"urlFilter":"||ukrnationalism.org.ua/get/img.cgi?n="},"id":342,"priority":10},
{"action":{"type":"block"},"condition":{"urlFilter":"||ulogin.ru^*stats."},"id":343,"priority":10},
{"action":{"type":"block"},"condition":{"urlFilter":"||unpkg.com/web-vitals"},"id":344,"priority":10},
{"action":{"type":"block"},"condition":{"urlFilter":"||utro.ru/utro_images/*empty.gif?"},"id":345,"priority":10},
{"action":{"type":"block"},"condition":{"urlFilter":"||vdmsti.ru/empty.gif?"},"id":346,"priority":10},
{"action":{"type":"block"},"condition":{"urlFilter":"||viqeo.tv/stats?"},"id":347,"priority":10},
{"action":{"type":"block"},"condition":{"urlFilter":"||vk.com/videostats.php?"},"id":348,"priority":10},
{"action":{"type":"block"},"condition":{"urlFilter":"||volantix.com/check.js"},"id":349,"priority":10},
{"action":{"type":"block"},"condition":{"urlFilter":"||wapstok.ru/cnt/"},"id":350,"priority":10},
{"action":{"type":"block"},"condition":{"urlFilter":"||webalta.net/reliancebutton?"},"id":351,"priority":10},
{"action":{"type":"block"},"condition":{"excludedInitiatorDomains":["weblog.com.ua"],"requestDomains":["weblog.com.ua"]},"id":352,"priority":10},
{"action":{"type":"block"},"condition":{"urlFilter":"||webplus.info/getres.php?"},"id":353,"priority":10},
{"action":{"type":"block"},"condition":{"urlFilter":"||wow-impulse.net/track/"},"id":354,"priority":10},
{"action":{"type":"block"},"condition":{"urlFilter":"||wp.aliexpress.com/trace.gif?event="},"id":355,"priority":10},
{"action":{"type":"block"},"condition":{"urlFilter":"||ws.md/c.png?"},"id":356,"priority":10},
{"action":{"type":"block"},"condition":{"urlFilter":"||wtools.biz/sample2.php?"},"id":357,"priority":10},
{"action":{"type":"block"},"condition":{"urlFilter":"||yandex.ru/setud/adlook/"},"id":358,"priority":10},
{"action":{"type":"block"},"condition":{"urlFilter":"||yapfiles.ru/action/track/"},"id":359,"priority":10},
{"action":{"type":"block"},"condition":{"urlFilter":"||yastatic.net/*/gdpr/popup/"},"id":360,"priority":10},
{"action":{"type":"block"},"condition":{"urlFilter":"||yastatic.net/s*/milab/js/metrika-counter.js"},"id":361,"priority":10},
{"action":{"type":"block"},"condition":{"urlFilter":"||youtorrents.net/button.php?"},"id":362,"priority":10},
{"action":{"type":"block"},"condition":{"urlFilter":"||zero.kz/c.php?"},"id":363,"priority":10},
{"action":{"type":"block"},"condition":{"urlFilter":"||zoomby.ru/s/pixel?"},"id":364,"priority":10},
{"action":{"type":"block"},"condition":{"urlFilter":"/__utm.gif"},"id":365,"priority":10},
{"action":{"type":"block"},"condition":{"excludedResourceTypes":["main_frame","xmlhttprequest"],"urlFilter":"/generate_204"},"id":366,"priority":10},
{"action":{"type":"block"},"condition":{"urlFilter":"||google-add.com/button/"},"id":367,"priority":10},
{"action":{"type":"block"},"condition":{"excludedResourceTypes":["main_frame","xmlhttprequest"],"urlFilter":"||google.*/client_204?"},"id":368,"priority":10},
{"action":{"type":"block"},"condition":{"urlFilter":"||google.*/gen204?"},"id":369,"priority":10},
{"action":{"type":"block"},"condition":{"excludedResourceTypes":["main_frame","xmlhttprequest"],"urlFilter":"||google.*/gen_204?"},"id":370,"priority":10},
{"action":{"type":"block"},"condition":{"urlFilter":"||google.com/uds/stats?"},"id":371,"priority":10},
{"action":{"type":"block"},"condition":{"urlFilter":"||googleusercontent.com/tracker/"},"id":372,"priority":10},
{"action":{"type":"block"},"condition":{"urlFilter":"||id.google.*/verify/*.gif"},"id":373,"priority":10},
{"action":{"type":"block"},"condition":{"urlFilter":"||video-stats.video.google."},"id":374,"priority":10},
{"action":{"type":"block"},"condition":{"urlFilter":"||youtube-nocookie.com/gen_204?"},"id":375,"priority":10},
{"action":{"type":"block"},"condition":{"urlFilter":"||youtube-nocookie.com/robots.txt?"},"id":376,"priority":10},
{"action":{"type":"block"},"condition":{"urlFilter":"||youtube.com/api/stats/atr?"},"id":377,"priority":10},
{"action":{"type":"block"},"condition":{"urlFilter":"||youtube.com/gen_204?"},"id":378,"priority":10},
{"action":{"type":"block"},"condition":{"urlFilter":"||youtube.com/get_video?"},"id":379,"priority":10},
{"action":{"type":"block"},"condition":{"urlFilter":"||youtube.com/player_204?"},"id":380,"priority":10},
{"action":{"type":"block"},"condition":{"urlFilter":"||youtube.com/ptracking?"},"id":381,"priority":10},
{"action":{"type":"block"},"condition":{"urlFilter":"||youtube.com/s?"},"id":382,"priority":10},
{"action":{"type":"block"},"condition":{"urlFilter":"||youtube.com/set_awesome?"},"id":383,"priority":10},
{"action":{"type":"block"},"condition":{"urlFilter":"||mail.ru/gstat?"},"id":384,"priority":10},
{"action":{"type":"block"},"condition":{"urlFilter":"||mail.ru/ok?ok="},"id":385,"priority":10},
{"action":{"type":"block"},"condition":{"urlFilter":"||mail.ru/share_count?"},"id":386,"priority":10},
{"action":{"type":"block"},"condition":{"excludedInitiatorDomains":["mail.rambler.ru"],"urlFilter":"||rambler.ru/*/js/counters."},"id":387,"priority":10},
{"action":{"type":"block"},"condition":{"urlFilter":"||rambler.ru/cl?"},"id":388,"priority":10},
{"action":{"type":"block"},"condition":{"urlFilter":"||rambler.ru/p_stat?"},"id":389,"priority":10},
{"action":{"type":"block"},"condition":{"urlFilter":"||rambler.ru/static/top100/tesla/"},"id":390,"priority":10},
{"action":{"type":"block"},"condition":{"urlFilter":"||at.ua/stat/"},"id":391,"priority":10},
{"action":{"type":"block"},"condition":{"urlFilter":"||do.am/stat/"},"id":392,"priority":10},
{"action":{"type":"block"},"condition":{"urlFilter":"||ucoz.*/main/?a=ustat;"},"id":393,"priority":10},
{"action":{"type":"block"},"condition":{"urlFilter":"||ucoz.*/stat/"},"id":394,"priority":10},
{"action":{"type":"block"},"condition":{"excludedResourceTypes":["main_frame","script"],"urlFilter":"||bs.yandex."},"id":395,"priority":10},
{"action":{"type":"block"},"condition":{"urlFilter":"||button.blogs.yandex."},"id":396,"priority":10},
{"action":{"type":"block"},"condition":{"urlFilter":"||clck.dzen.ru/click|"},"id":397,"priority":10},
{"action":{"type":"block"},"condition":{"excludedResourceTypes":["main_frame","other"],"requestDomains":["clck.yandex.ru"]},"id":398,"priority":10},
{"action":{"type":"block"},"condition":{"urlFilter":"||yabs.yandex.ru/count/"},"id":399,"priority":10},
{"action":{"type":"block"},"condition":{"urlFilter":"||yandex.*/clck/"},"id":400,"priority":10},
{"action":{"type":"block"},"condition":{"urlFilter":"||yandex.ru/click/"},"id":401,"priority":10},
{"action":{"type":"block"},"condition":{"urlFilter":"||yandex.ru/metrika/"},"id":402,"priority":10},
{"action":{"type":"block"},"condition":{"initiatorDomains":["eapteka.ru"],"urlFilter":"/manifest.json"},"id":403,"priority":10},
{"action":{"type":"block"},"condition":{"urlFilter":"||footboom.com/dist/app/js/antiadblock-"},"id":404,"priority":10},
{"action":{"type":"block"},"condition":{"initiatorDomains":["4pda.to","cdnvideo.ru","igromania.ru","rambler.ru"],"requestDomains":["google-analytics.com"]},"id":405,"priority":10},
{"action":{"type":"block"},"condition":{"initiatorDomains":["5-tv.ru","censor.net","citilink.ru","dtf.ru","gazeta.ru","ixbt.com","ixbt.games","ixbt.market","ixbt.video","kp.kg","kp.kz","kp.md","kp.ru","kufar.by","lifehacker.ru","livejournal.com","motor.ru","nur.kz","point.md","rambler.ru","rbkgames.com","rutube.ru","sbermegamarket.ru","sports.ru","tsn.ua","tut.by","vc.ru"],"urlFilter":"||googletagmanager.com/gtm.js"},"id":406,"priority":10},
{"action":{"type":"block"},"condition":{"initiatorDomains":["avtorambler.com","rambler.ru","secretmag.ru"],"requestDomains":["rcm.rambler.ru"]},"id":407,"priority":10},
{"action":{"type":"block"},"condition":{"initiatorDomains":["avtorambler.com","rambler.ru"],"requestDomains":["rcmjs.rambler.ru"]},"id":408,"priority":10},
{"action":{"type":"block"},"condition":{"urlFilter":"||strm.yandex.ru/get/*?sid=*&vsid="},"id":409,"priority":10},
{"action":{"type":"block"},"condition":{"urlFilter":"||ya.ru/portal/proxy?blocks=feed_banner"},"id":410,"priority":10},
{"action":{"type":"block"},"condition":{"excludedInitiatorDomains":["bspb.ru","foxford.ru","goodgame.ru","tgc-2.ru"],"urlFilter":"/counter^"},"id":411,"priority":10},
{"action":{"type":"block"},"condition":{"resourceTypes":["image"],"urlFilter":"/_res/script/image.php?type="},"id":412,"priority":10},
{"action":{"type":"block"},"condition":{"resourceTypes":["image"],"urlFilter":"/button.php?id="},"id":413,"priority":10},
{"action":{"type":"block"},"condition":{"resourceTypes":["image"],"urlFilter":"/button.php?u="},"id":414,"priority":10},
{"action":{"type":"block"},"condition":{"resourceTypes":["image"],"urlFilter":"/hit/?siteid="},"id":415,"priority":10},
{"action":{"type":"block"},"condition":{"resourceTypes":["image"],"urlFilter":"/hit?url=*&rnd="},"id":416,"priority":10},
{"action":{"type":"block"},"condition":{"resourceTypes":["image"],"urlFilter":"/l.php3?who="},"id":417,"priority":10},
{"action":{"type":"block"},"condition":{"resourceTypes":["image"],"urlFilter":"/pagerank."},"id":418,"priority":10},
{"action":{"type":"block"},"condition":{"resourceTypes":["image"],"urlFilter":"/pagerank/"},"id":419,"priority":10},
{"action":{"type":"block"},"condition":{"resourceTypes":["image"],"urlFilter":"=com_hitscounter&"},"id":420,"priority":10},
{"action":{"type":"block"},"condition":{"resourceTypes":["image"],"urlFilter":"||prime.rambler.ru/phtimes?view_id="},"id":421,"priority":10},
{"action":{"type":"block"},"condition":{"resourceTypes":["image"],"urlFilter":"||www.google.*/imghover?"},"id":422,"priority":10},
{"action":{"type":"block"},"condition":{"resourceTypes":["image"],"urlFilter":"||academia.edu/login?"},"id":423,"priority":10},
{"action":{"type":"block"},"condition":{"resourceTypes":["image"],"urlFilter":"||amazon.com/ap/signin/*?"},"id":424,"priority":10},
{"action":{"type":"block"},"condition":{"resourceTypes":["image"],"urlFilter":"||battle.net/login/*/index?"},"id":425,"priority":10},
{"action":{"type":"block"},"condition":{"resourceTypes":["image"],"urlFilter":"||bitbucket.org/account/signin/?"},"id":426,"priority":10},
{"action":{"type":"block"},"condition":{"resourceTypes":["image"],"urlFilter":"||carbonmade.com/signin?"},"id":427,"priority":10},
{"action":{"type":"block"},"condition":{"resourceTypes":["image"],"urlFilter":"||com/login.php?"},"id":428,"priority":10},
{"action":{"type":"block"},"condition":{"resourceTypes":["image"],"urlFilter":"||com/login/?"},"id":429,"priority":10},
{"action":{"type":"block"},"condition":{"resourceTypes":["image"],"urlFilter":"||com/login?"},"id":430,"priority":10},
{"action":{"type":"block"},"condition":{"resourceTypes":["image"],"urlFilter":"||disqus.com/profile/login/?"},"id":431,"priority":10},
{"action":{"type":"block"},"condition":{"resourceTypes":["image"],"urlFilter":"||edx.org/login?"},"id":432,"priority":10},
{"action":{"type":"block"},"condition":{"resourceTypes":["image"],"urlFilter":"||expedia.de/user/login?"},"id":433,"priority":10},
{"action":{"type":"block"},"condition":{"resourceTypes":["image"],"urlFilter":"||flickr.com/signin/yahoo/?"},"id":434,"priority":10},
{"action":{"type":"block"},"condition":{"resourceTypes":["image"],"urlFilter":"||google.com/servicelogin?"},"id":435,"priority":10},
{"action":{"type":"block"},"condition":{"resourceTypes":["image"],"urlFilter":"||indeed.com/account/login?"},"id":436,"priority":10},
{"action":{"type":"block"},"condition":{"resourceTypes":["image"],"urlFilter":"||khanacademy.org/login?"},"id":437,"priority":10},
{"action":{"type":"block"},"condition":{"resourceTypes":["image"],"urlFilter":"||medium.com/m/signin?"},"id":438,"priority":10},
{"action":{"type":"block"},"condition":{"resourceTypes":["image"],"urlFilter":"||paypal.com/signin?"},"id":439,"priority":10},
{"action":{"type":"block"},"condition":{"resourceTypes":["image"],"urlFilter":"||plus.google.com/up/?"},"id":440,"priority":10},
{"action":{"type":"block"},"condition":{"resourceTypes":["image"],"urlFilter":"||plus.google.com/up/accounts/upgrade/?"},"id":441,"priority":10},
{"action":{"type":"block"},"condition":{"resourceTypes":["image"],"urlFilter":"||spotify.com/*/login/?"},"id":442,"priority":10},
{"action":{"type":"block"},"condition":{"requestDomains":["rover.ebay.com"],"resourceTypes":["image","object","script"]},"id":443,"priority":10},
{"action":{"type":"block"},"condition":{"resourceTypes":["script"],"urlFilter":"/cdn-cgi/bm/cv/*.js"},"id":444,"priority":10},
{"action":{"type":"block"},"condition":{"resourceTypes":["script"],"urlFilter":"/cgi-bin/bm/cv/*.js"},"id":445,"priority":10},
{"action":{"type":"block"},"condition":{"excludedInitiatorDomains":["github.com"],"resourceTypes":["script"],"urlFilter":"/matomo.js"},"id":446,"priority":10},
{"action":{"type":"block"},"condition":{"resourceTypes":["script"],"urlFilter":"/px.js?ch="},"id":447,"priority":10},
{"action":{"type":"block"},"condition":{"resourceTypes":["script"],"urlFilter":"||pikabu.ru/*/analytics.js|"},"id":448,"priority":10},
{"action":{"type":"block"},"condition":{"resourceTypes":["script"],"urlFilter":"||static.gazeta.ru/*/js/noindex/"},"id":449,"priority":10},
{"action":{"type":"block"},"condition":{"resourceTypes":["script"],"urlFilter":"||www.google.*/imgevent?"},"id":450,"priority":10},
{"action":{"type":"block"},"condition":{"initiatorDomains":["yandex.ru","yastatic.net"],"resourceTypes":["script"],"urlFilter":"||strm.yandex.ru/get/"},"id":451,"priority":10},
{"action":{"type":"block"},"condition":{"resourceTypes":["xmlhttprequest"],"urlFilter":"||4pda.to/s/*:|"},"id":452,"priority":10},
{"action":{"type":"block"},"condition":{"resourceTypes":["xmlhttprequest"],"urlFilter":"||fastpic.org/viewed.php?url=/*.html&ref="},"id":453,"priority":10},
{"action":{"type":"block"},"condition":{"resourceTypes":["xmlhttprequest"],"urlFilter":"||g.ivi.ru/track|"},"id":454,"priority":10},
{"action":{"type":"block"},"condition":{"resourceTypes":["xmlhttprequest"],"urlFilter":"||groot.ivi.ru/track|"},"id":455,"priority":10},
{"action":{"type":"block"},"condition":{"resourceTypes":["xmlhttprequest"],"urlFilter":"||media-trend.mail.ru/api/*/video/metric/|"},"id":456,"priority":10},
{"action":{"type":"block"},"condition":{"initiatorDomains":["russian.rt.com"],"resourceTypes":["xmlhttprequest"],"urlFilter":"||nbc.rt.com/nbc/*/|"},"id":457,"priority":10},
{"action":{"type":"block"},"condition":{"resourceTypes":["xmlhttprequest"],"urlFilter":"||pikabu.ru/ajax/save_stories_stat.php|"},"id":458,"priority":10},
{"action":{"type":"block"},"condition":{"resourceTypes":["xmlhttprequest"],"urlFilter":"||rg.ru/*.html.json?_openstat="},"id":459,"priority":10},
{"action":{"type":"block"},"condition":{"resourceTypes":["xmlhttprequest"],"urlFilter":"||sports.kz/ajax/bannerviewscounter"},"id":460,"priority":10},
{"action":{"type":"block"},"condition":{"resourceTypes":["xmlhttprequest"],"urlFilter":"||static-mon.yandex.net/static/main.js?pid=yandex_mail"},"id":461,"priority":10},
{"action":{"type":"block"},"condition":{"resourceTypes":["xmlhttprequest"],"urlFilter":"||vgtimes.ru/games/*/?from=top&_pjax="},"id":462,"priority":10},
{"action":{"type":"block"},"condition":{"resourceTypes":["sub_frame"],"urlFilter":"/stat.htm"},"id":463,"priority":10},
{"action":{"type":"block"},"condition":{"resourceTypes":["sub_frame"],"urlFilter":"||r.mail.ru/|"},"id":464,"priority":10},
{"action":{"type":"block"},"condition":{"resourceTypes":["websocket"],"urlFilter":"||zcvh.net/*/ws|"},"id":465,"priority":10},
{"action":{"type":"block"},"condition":{"requestDomains":["xapi.ozon.ru"],"resourceTypes":["ping"]},"id":466,"priority":10},
{"action":{"type":"block"},"condition":{"domainType":"firstParty","urlFilter":"||app.*.*/js/analytics/fduserfingerprinttoken.js?ver="},"id":467,"priority":10},
{"action":{"type":"block"},"condition":{"domainType":"firstParty","resourceTypes":["image"],"urlFilter":"/track?*http"},"id":468,"priority":10},
{"action":{"type":"block"},"condition":{"domainType":"firstParty","resourceTypes":["script"],"urlFilter":"/cdn-cgi/apps/head/"},"id":469,"priority":10},
{"action":{"type":"block"},"condition":{"domainType":"firstParty","resourceTypes":["script"],"urlFilter":"/detect-ip.php?"},"id":470,"priority":10},
{"action":{"type":"block"},"condition":{"domainType":"thirdParty","urlFilter":".top100."},"id":471,"priority":10},
{"action":{"type":"block"},"condition":{"domainType":"thirdParty","urlFilter":"/btn.php?id="},"id":472,"priority":10},
{"action":{"type":"block"},"condition":{"domainType":"thirdParty","urlFilter":"/top100."},"id":473,"priority":10},
{"action":{"type":"block"},"condition":{"domainType":"thirdParty","urlFilter":"/top100/"},"id":474,"priority":10},
{"action":{"type":"block"},"condition":{"domainType":"thirdParty","urlFilter":"://hit."},"id":475,"priority":10},
{"action":{"type":"block"},"condition":{"domainType":"thirdParty","urlFilter":"://hits."},"id":476,"priority":10},
{"action":{"type":"block"},"condition":{"domainType":"thirdParty","urlFilter":"://piwik."},"id":477,"priority":10},
{"action":{"type":"block"},"condition":{"domainType":"thirdParty","excludedInitiatorDomains":["sportlive365.net"],"excludedResourceTypes":["main_frame","stylesheet","sub_frame"],"urlFilter":"://stat."},"id":478,"priority":10},
{"action":{"type":"block"},"condition":{"domainType":"thirdParty","excludedResourceTypes":["main_frame","stylesheet","xmlhttprequest"],"urlFilter":"://top."},"id":479,"priority":10},
{"action":{"type":"block"},"condition":{"domainType":"thirdParty","urlFilter":"//stats.myangular.life^"},"id":480,"priority":10},
{"action":{"type":"block"},"condition":{"domainType":"thirdParty","urlFilter":"://a.pr-cy.ru^"},"id":481,"priority":10},
{"action":{"type":"block"},"condition":{"domainType":"thirdParty","excludedResourceTypes":["main_frame","sub_frame"],"urlFilter":"|http://li.ru^"},"id":482,"priority":10},
{"action":{"type":"block"},"condition":{"domainType":"thirdParty","urlFilter":"|http://pr-cy."},"id":483,"priority":10},
{"action":{"type":"block"},"condition":{"domainType":"thirdParty","excludedInitiatorDomains":["gidonline.io"],"urlFilter":"||1.1.1.1/cdn-cgi/trace"},"id":484,"priority":10},
{"action":{"type":"block"},"condition":{"domainType":"thirdParty","excludedResourceTypes":["main_frame","sub_frame"],"requestDomains":["2ip.ru"]},"id":485,"priority":10},
{"action":{"type":"block"},"condition":{"domainType":"thirdParty","excludedInitiatorDomains":["galamart.ru"],"requestDomains":["bitrix.info"]},"id":486,"priority":10},
{"action":{"type":"block"},"condition":{"domainType":"thirdParty","urlFilter":"||bugsnag.com/|"},"id":487,"priority":10},
{"action":{"type":"block"},"condition":{"domainType":"thirdParty","urlFilter":"||cdn.api.twitter.com/*/urls/count.json"},"id":488,"priority":10},
{"action":{"type":"block"},"condition":{"domainType":"thirdParty","urlFilter":"||clustrmaps.com/counter/"},"id":489,"priority":10},
{"action":{"type":"block"},"condition":{"domainType":"thirdParty","urlFilter":"||comstar.ru/cnstats/"},"id":490,"priority":10},
{"action":{"type":"block"},"condition":{"domainType":"thirdParty","excludedInitiatorDomains":["5-tv.ru","vse42.ru"],"urlFilter":"||data.giraff.io/track/"},"id":491,"priority":10},
{"action":{"type":"block"},"condition":{"domainType":"thirdParty","urlFilter":"||disqus.com/api/ping"},"id":492,"priority":10},
{"action":{"type":"block"},"condition":{"domainType":"thirdParty","urlFilter":"||ext.clickstream.sberbank.ru/metrics/"},"id":493,"priority":10},
{"action":{"type":"block"},"condition":{"domainType":"thirdParty","urlFilter":"||fastgoogle.ru/microcounter/"},"id":494,"priority":10},
{"action":{"type":"block"},"condition":{"domainType":"thirdParty","excludedInitiatorDomains":["websdr.space"],"requestDomains":["flagcounter.com"]},"id":495,"priority":10},
{"action":{"type":"block"},"condition":{"domainType":"thirdParty","urlFilter":"||fxmail.ru/rating/"},"id":496,"priority":10},
{"action":{"type":"block"},"condition":{"domainType":"thirdParty","urlFilter":"||geo.wpforms.com/*/geolocate/"},"id":497,"priority":10},
{"action":{"type":"block"},"condition":{"domainType":"thirdParty","urlFilter":"||get4click.ru/wrapper."},"id":498,"priority":10},
{"action":{"type":"block"},"condition":{"domainType":"thirdParty","excludedInitiatorDomains":["inforesist.org","starblast.io","timepad.ru","zakon.kz"],"urlFilter":"||googletagmanager.com/gtag/"},"id":499,"priority":10},
{"action":{"type":"block"},"condition":{"domainType":"thirdParty","urlFilter":"||gostats."},"id":500,"priority":10},
{"action":{"type":"block"},"condition":{"domainType":"thirdParty","urlFilter":"||if6.ru/tools/"},"id":501,"priority":10},
{"action":{"type":"block"},"condition":{"domainType":"thirdParty","urlFilter":"||io.narrative.io/?"},"id":502,"priority":10},
{"action":{"type":"block"},"condition":{"domainType":"thirdParty","excludedInitiatorDomains":["retromusic.cz"],"requestDomains":["ipinfo.io"]},"id":503,"priority":10},
{"action":{"type":"block"},"condition":{"domainType":"thirdParty","urlFilter":"||licdn.com/*.lms-analytics/"},"id":504,"priority":10},
{"action":{"type":"block"},"condition":{"domainType":"thirdParty","urlFilter":"||megaindex.ru/?"},"id":505,"priority":10},
{"action":{"type":"block"},"condition":{"domainType":"thirdParty","urlFilter":"||mypagerank."},"id":506,"priority":10},
{"action":{"type":"block"},"condition":{"domainType":"thirdParty","urlFilter":"||prcy."},"id":507,"priority":10},
{"action":{"type":"block"},"condition":{"domainType":"thirdParty","urlFilter":"||quantserve."},"id":508,"priority":10},
{"action":{"type":"block"},"condition":{"domainType":"thirdParty","urlFilter":"||relap.io/botradar/"},"id":509,"priority":10},
{"action":{"type":"block"},"condition":{"domainType":"thirdParty","excludedInitiatorDomains":["auchan.ru","ozerki.ru"],"requestDomains":["retailrocket.ru"]},"id":510,"priority":10},
{"action":{"type":"block"},"condition":{"domainType":"thirdParty","urlFilter":"||sbup.com/btn/"},"id":511,"priority":10},
{"action":{"type":"block"},"condition":{"domainType":"thirdParty","urlFilter":"||sentry.io/api^*/store/?"},"id":512,"priority":10},
{"action":{"type":"block"},"condition":{"domainType":"thirdParty","urlFilter":"||stat24."},"id":513,"priority":10},
{"action":{"type":"block"},"condition":{"domainType":"thirdParty","urlFilter":"||statcounter.com/counter/"},"id":514,"priority":10},
{"action":{"type":"block"},"condition":{"domainType":"thirdParty","excludedInitiatorDomains":["novayagazeta.ru"],"requestDomains":["static.criteo.net"]},"id":515,"priority":10},
{"action":{"type":"block"},"condition":{"domainType":"thirdParty","urlFilter":"||tic-pr."},"id":516,"priority":10},
{"action":{"type":"block"},"condition":{"domainType":"thirdParty","urlFilter":"||tinypass.com^*/track?"},"id":517,"priority":10},
{"action":{"type":"block"},"condition":{"domainType":"thirdParty","urlFilter":"||tjk-njk.com/metrics/"},"id":518,"priority":10},
{"action":{"type":"block"},"condition":{"domainType":"thirdParty","urlFilter":"||vicomi.com/api/*/analytics/"},"id":519,"priority":10},
{"action":{"type":"block"},"condition":{"domainType":"thirdParty","excludedInitiatorDomains":["muse.mu"],"requestDomains":["visualwebsiteoptimizer.com"]},"id":520,"priority":10},
{"action":{"type":"block"},"condition":{"domainType":"thirdParty","urlFilter":"||metrika.yandex."},"id":521,"priority":10},
{"action":{"type":"block"},"condition":{"initiatorDomains":["yap.ru","yaplakal.com"],"urlFilter":"/ypxl*?fmt="},"id":522,"priority":10},
{"action":{"type":"block"},"condition":{"domainType":"thirdParty","resourceTypes":["image"],"urlFilter":"/pr.php?ref="},"id":523,"priority":10},
{"action":{"type":"block"},"condition":{"domainType":"thirdParty","resourceTypes":["image"],"urlFilter":"^counter."},"id":524,"priority":10},
{"action":{"type":"block"},"condition":{"domainType":"thirdParty","resourceTypes":["image"],"urlFilter":"||biblelamp.ru/www/"},"id":525,"priority":10},
{"action":{"type":"block"},"condition":{"domainType":"thirdParty","requestDomains":["fortrader.ru"],"resourceTypes":["image"]},"id":526,"priority":10},
{"action":{"type":"block"},"condition":{"domainType":"thirdParty","resourceTypes":["script"],"urlFilter":"/stat_date.js?token"},"id":527,"priority":10},
{"action":{"type":"block"},"condition":{"domainType":"thirdParty","resourceTypes":["xmlhttprequest"],"urlFilter":"||relap.io/api/*/stat|"},"id":528,"priority":10},
{"action":{"type":"allow"},"condition":{"initiatorDomains":["auto.ru"],"urlFilter":"||auto.ru/js/counters/google_conversion_async.js|"},"id":529,"priority":30},
{"action":{"type":"allow"},"condition":{"initiatorDomains":["gelbooru.com"],"urlFilter":"||gelbooru.com/counter/"},"id":530,"priority":30},
{"action":{"type":"allow"},"condition":{"initiatorDomains":["gosuslugi.ru"],"urlFilter":"||gosuslugi.ru^*/counters?"},"id":531,"priority":30},
{"action":{"type":"allow"},"condition":{"initiatorDomains":["mail.ru"],"urlFilter":"||mail.ru/js/cpf/tools/jquery/counters/"},"id":532,"priority":30},
{"action":{"type":"allow"},"condition":{"initiatorDomains":["carambatv.ru","cashalot.su","chelyabinsk.74.ru","damprodam.ru","iz.ru","lk.boxberry.ru","magadanmedia.ru","muzofond.org","news.rambler.ru","player.1tv.com","samozapis-spb.ru","sherlock.store","sprinthost.ru","stylenews.ru","tvrain.ru"],"urlFilter":"||mc.yandex.ru/metrika/watch.js"},"id":533,"priority":30},
{"action":{"type":"allow"},"condition":{"initiatorDomains":["overclockers.ru"],"urlFilter":"||mc.yandex.ru/webvisor^"},"id":534,"priority":30},
{"action":{"type":"allow"},"condition":{"initiatorDomains":["megafon.ru"],"urlFilter":"||megafon.ru/static/?files=*/piwik."},"id":535,"priority":30},
{"action":{"type":"allow"},"condition":{"urlFilter":"||pics.wikireality.ru/upload/"},"id":536,"priority":30},
{"action":{"type":"allow"},"condition":{"initiatorDomains":["sephora.ru"],"urlFilter":"||sephora.ru/assets/js/counter_gtm.js"},"id":537,"priority":30},
{"action":{"type":"allow"},"condition":{"initiatorDomains":["mail.ru"],"urlFilter":"||swa.mail.ru/cgi-bin/counters?"},"id":538,"priority":30},
{"action":{"type":"allow"},"condition":{"initiatorDomains":["kp.ru"],"urlFilter":"||top.mail.ru/counter?*;rand="},"id":539,"priority":30},
{"action":{"type":"allow"},"condition":{"initiatorDomains":["metrika.yandex.ru"],"urlFilter":"||yastatic.net/metrika/*/counters/"},"id":540,"priority":30},
{"action":{"type":"allow"},"condition":{"urlFilter":"||clck.yandex.ru/redir/dtype=clck/lid=wcat.razdel."},"id":541,"priority":30},
{"action":{"type":"allow"},"condition":{"initiatorDomains":["maxidom.ru"],"urlFilter":"||yandex.ru/metrika/watch.js"},"id":542,"priority":30},
{"action":{"type":"allow"},"condition":{"initiatorDomains":["sports.ru"],"urlFilter":"||yandex.ru/metrika/watch_visor.js"},"id":543,"priority":30},
{"action":{"type":"allow"},"condition":{"initiatorDomains":["www.inoreader.com"],"urlFilter":"||www.inoreader.com/adv/"},"id":544,"priority":30},
{"action":{"type":"allow"},"condition":{"initiatorDomains":["dzen.ru","yandex.by","yandex.kz","yandex.ru","yandex.uz"],"urlFilter":"||an.yandex.ru/jserr/1|"},"id":545,"priority":30},
{"action":{"type":"allow"},"condition":{"initiatorDomains":["dzen.ru","ya.ru","yandex.by","yandex.kz","yandex.ru","yandex.uz"],"urlFilter":"||an.yandex.ru/system/context.js|"},"id":546,"priority":30},
{"action":{"type":"allow"},"condition":{"initiatorDomains":["dzen.ru","ya.ru","yandex.by","yandex.kz","yandex.ru","yandex.uz"],"urlFilter":"||yandex.ru/ads/system/context.js|"},"id":547,"priority":30},
{"action":{"type":"allow"},"condition":{"initiatorDomains":["yandex.by","yandex.kz","yandex.ru","yandex.uz"],"urlFilter":"||yastatic.net/daas/atom.js|"},"id":548,"priority":30},
{"action":{"type":"allow"},"condition":{"initiatorDomains":["alcogolizm.com"],"resourceTypes":["script","stylesheet"],"urlFilter":"||alcogolizm.com/addons/counter/"},"id":549,"priority":30},
{"action":{"type":"allow"},"condition":{"initiatorDomains":["business-gazeta.ru"],"resourceTypes":["image"],"urlFilter":"||business-gazeta.ru/stat/logo"},"id":550,"priority":30},
{"action":{"type":"allow"},"condition":{"initiatorDomains":["e1.ru"],"resourceTypes":["image"],"urlFilter":"||e1.ru/images^*1x1.gif|"},"id":551,"priority":30},
{"action":{"type":"allow"},"condition":{"initiatorDomains":["gamexp.ru"],"resourceTypes":["image"],"urlFilter":"||gamexp.ru^*/img/counter/"},"id":552,"priority":30},
{"action":{"type":"allow"},"condition":{"initiatorDomains":["youtube.com"],"resourceTypes":["image"],"urlFilter":"||s.youtube.com/api/stats/playback?"},"id":553,"priority":30},
{"action":{"type":"allow"},"condition":{"initiatorDomains":["allsport-live.net"],"resourceTypes":["image"],"urlFilter":"||stat.allsport-live.ru/images/"},"id":554,"priority":30},
{"action":{"type":"allow"},"condition":{"initiatorDomains":["e.mail.ru"],"resourceTypes":["image"],"urlFilter":"||stat.radar.imgsmail.ru/*=honeypot_fake_"},"id":555,"priority":30},
{"action":{"type":"allow"},"condition":{"initiatorDomains":["yummyanime.club"],"resourceTypes":["image"],"urlFilter":"||stat.yummyanime.com/img/avatars/"},"id":556,"priority":30},
{"action":{"type":"allow"},"condition":{"initiatorDomains":["youtube.com"],"resourceTypes":["image"],"urlFilter":"||youtube.com/api/stats/watchtime?"},"id":557,"priority":30},
{"action":{"type":"allow"},"condition":{"initiatorDomains":["freeopenvpn.org"],"resourceTypes":["image"],"urlFilter":"/adsense.png|"},"id":558,"priority":30},
{"action":{"type":"allow"},"condition":{"initiatorDomains":["dzen.ru","yandex.by","yandex.kz","yandex.ru","yandex.uz"],"resourceTypes":["image"],"urlFilter":"||an.yandex.ru/mapuid/yandex/"},"id":559,"priority":30},
{"action":{"type":"allow"},"condition":{"initiatorDomains":["dzen.ru","ya.ru","yandex.by","yandex.kz","yandex.ru","yandex.uz"],"resourceTypes":["image"],"urlFilter":"||an.yandex.ru/resource/spacer.gif|"},"id":560,"priority":30},
{"action":{"type":"allow"},"condition":{"resourceTypes":["object"],"urlFilter":"||tns-counter.ru^*/tmsec=yandex_videoplayershow/"},"id":561,"priority":30},
{"action":{"type":"allow"},"condition":{"initiatorDomains":["decathlon.ru"],"resourceTypes":["script"],"urlFilter":"||aprtx.com/code/decathlonru/"},"id":562,"priority":30},
{"action":{"type":"allow"},"condition":{"initiatorDomains":["novayagazeta.ru"],"resourceTypes":["script"],"urlFilter":"||cloudfront.net/metrika/watch_ua.js|"},"id":563,"priority":30},
{"action":{"type":"allow"},"condition":{"initiatorDomains":["ovva.tv"],"resourceTypes":["script"],"urlFilter":"||gaua.hit.gemius.pl/gplayer.js"},"id":564,"priority":30},
{"action":{"type":"allow"},"condition":{"initiatorDomains":["auto.yandex","iz.ru"],"resourceTypes":["script"],"urlFilter":"||mc.yandex.ru/metrika/tag.js|"},"id":565,"priority":30},
{"action":{"type":"allow"},"condition":{"initiatorDomains":["zebratelecom.ru"],"resourceTypes":["script"],"urlFilter":"||mc.yandex.ru/metrika/watch_visor.js"},"id":566,"priority":30},
{"action":{"type":"allow"},"condition":{"initiatorDomains":["oblenergo.odessa.ua"],"resourceTypes":["script"],"urlFilter":"||oblenergo.odessa.ua/wp-content/plugins/oblenergo/assets/js/plugins/counter/"},"id":567,"priority":30},
{"action":{"type":"allow"},"condition":{"initiatorDomains":["imgur.com"],"resourceTypes":["script"],"urlFilter":"||s.imgur.com/min/px.js?ch="},"id":568,"priority":30},
{"action":{"type":"allow"},"condition":{"initiatorDomains":["ferra.ru","letidor.ru","moslenta.ru","motor.ru","passion.ru","quto.ru","wmj.ru"],"resourceTypes":["script"],"urlFilter":"||st.top100.ru/top100/top100.js|"},"id":569,"priority":30},
{"action":{"type":"allow"},"condition":{"initiatorDomains":["life.ru"],"resourceTypes":["script"],"urlFilter":"||static.criteo.net/js/ld/publishertag.js|"},"id":570,"priority":30},
{"action":{"type":"allow"},"condition":{"initiatorDomains":["motor.ru"],"resourceTypes":["script"],"urlFilter":"||tns-counter.ru/tcounter.js|"},"id":571,"priority":30},
{"action":{"type":"allow"},"condition":{"initiatorDomains":["only-paper.ru"],"resourceTypes":["script"],"urlFilter":"||only-paper.ru/*/"},"id":572,"priority":30},
{"action":{"type":"allow"},"condition":{"initiatorDomains":["av.by"],"resourceTypes":["xmlhttprequest"],"urlFilter":"||api.av.by/offers/*/counter|"},"id":573,"priority":30},
{"action":{"type":"allow"},"condition":{"initiatorDomains":["olx.kz","olx.ua","olx.uz"],"resourceTypes":["xmlhttprequest"],"urlFilter":"||api.chat.olx.*/api/conversations/counters"},"id":574,"priority":30},
{"action":{"type":"allow"},"condition":{"initiatorDomains":["help.viber.com"],"resourceTypes":["xmlhttprequest"],"urlFilter":"||help.viber.com^*/counters?lang="},"id":575,"priority":30},
{"action":{"type":"allow"},"condition":{"initiatorDomains":["kufar.by"],"resourceTypes":["xmlhttprequest"],"urlFilter":"||kufar.by/cc_proxy/api/users/*/counter?withpollingtime=true"},"id":576,"priority":30},
{"action":{"type":"allow"},"condition":{"initiatorDomains":["onliner.by"],"resourceTypes":["xmlhttprequest"],"urlFilter":"||notifications.onliner.by/counters?_="},"id":577,"priority":30},
{"action":{"type":"allow"},"condition":{"initiatorDomains":["polemika.com.ua"],"resourceTypes":["xmlhttprequest"],"urlFilter":"||polemika.com.ua/content/counter|"},"id":578,"priority":30},
{"action":{"type":"allow"},"condition":{"initiatorDomains":["tele-sport.ru"],"resourceTypes":["xmlhttprequest"],"urlFilter":"||tele-sport.ru/api/front/counter/hit/"},"id":579,"priority":30},
{"action":{"type":"allow"},"condition":{"initiatorDomains":["yandex.by","yandex.kz","yandex.ru","yandex.uz"],"resourceTypes":["xmlhttprequest"],"urlFilter":"||an.yandex.ru/mapuid/tnscounter/?from=yan_oo-rtb-direct|"},"id":580,"priority":30},
{"action":{"type":"allow"},"condition":{"initiatorDomains":["yandex.by","yandex.kz","yandex.ru","yandex.uz"],"resourceTypes":["xmlhttprequest"],"urlFilter":"||an.yandex.ru/meta/*target-ref=*afisha.yandex."},"id":581,"priority":30},
{"action":{"type":"allow"},"condition":{"initiatorDomains":["yandex.by","yandex.kz","yandex.ru","yandex.uz"],"resourceTypes":["xmlhttprequest"],"urlFilter":"||an.yandex.ru/meta/*target-ref=*pogoda"},"id":582,"priority":30},
{"action":{"type":"allow"},"condition":{"initiatorDomains":["dzen.ru","ya.ru","yandex.by","yandex.kz","yandex.ru","yandex.uz"],"resourceTypes":["xmlhttprequest"],"urlFilter":"||mc.yandex.ru/metrika/advert.gif|"},"id":583,"priority":30},
{"action":{"type":"allow"},"condition":{"initiatorDomains":["dzen.ru","ya.ru","yandex.by","yandex.kz","yandex.ru","yandex.uz"],"resourceTypes":["xmlhttprequest"],"urlFilter":"||static-mon.yandex.net/static/main.js?pid="},"id":584,"priority":30},
{"action":{"type":"allow"},"condition":{"initiatorDomains":["yandex.by","yandex.kz","yandex.ru","yandex.uz"],"resourceTypes":["xmlhttprequest"],"urlFilter":"||yandex.ru/ads/page/*target-ref=*afisha.yandex."},"id":585,"priority":30},
{"action":{"type":"allow"},"condition":{"initiatorDomains":["yandex.by","yandex.kz","yandex.ru","yandex.uz"],"resourceTypes":["xmlhttprequest"],"urlFilter":"||yandex.ru/ads/page/*target-ref=*pogoda"},"id":586,"priority":30},
{"action":{"type":"allow"},"condition":{"initiatorDomains":["yandex.by","yandex.kz","yandex.ru","yandex.uz"],"resourceTypes":["xmlhttprequest"],"urlFilter":"||yandex.ru/ads/system/header-bidding.js|"},"id":587,"priority":30},
{"action":{"type":"allow"},"condition":{"initiatorDomains":["yandex.by","yandex.kz","yandex.ru","yandex.uz"],"resourceTypes":["xmlhttprequest"],"urlFilter":"||yastatic.net/pcode/adfox/loader.js|"},"id":588,"priority":30},
{"action":{"type":"allow"},"condition":{"initiatorDomains":["ya.ru","yandex.by","yandex.kz","yandex.ru","yandex.uz"],"resourceTypes":["xmlhttprequest"],"urlFilter":"||yastatic.net/safeframe-bundles/*/host.js|"},"id":589,"priority":30},
{"action":{"type":"allow"},"condition":{"initiatorDomains":["360tv.ru","news.rambler.ru"],"requestDomains":["stat.eagleplatform.com"],"resourceTypes":["sub_frame"]},"id":590,"priority":30},
{"action":{"type":"allow"},"condition":{"resourceTypes":["websocket"],"urlFilter":"||chat.goodgame.ru/counter/|"},"id":591,"priority":30},
{"action":{"type":"allow"},"condition":{"domainType":"firstParty","initiatorDomains":["dtf.ru","vc.ru"],"resourceTypes":["xmlhttprequest"],"urlFilter":"/m/counter"},"id":592,"priority":30},
{"action":{"type":"allow"},"condition":{"domainType":"thirdParty","resourceTypes":["script"],"urlFilter":"||scorecardresearch.com/*/streamingtag_plugin_jwplayer.js|"},"id":593,"priority":30},
{"action":{"type":"block"},"condition":{"requestDomains":["2stat.net","a.pikabu.ru","a.ria.ru","a.sepyra.com","a1.api.bbc.co.uk","adfstat.yandex.ru","adlog.com.com","affilate.hh.ru","amc.yandex.ru","analytics.fontanka.ru","analytics.goha.info","analytics.sports.ru","analytics.tiktok.com","banstat.nadavi.net","c.bigmir.net","c.cnstats.ru","c.compete.com","c.imrk.net","c.index.ru","c.microsoft.com","c.sibnet.ru","c.uarating.com","c1hit.tut.by","chronos.vl.ru","clickov.com","clicks.moy.su","collector.roistat.com","counter.nv.ua","counter24.luxnet.ua","counters.gigya.com","crm-tracker.liga.net","csi.gstatic.com","cvt1.sibnet.ru","d1ros97qkrwjf5.cloudfront.net","d31j93rd8oukbv.cloudfront.net","d31qbv1cthcecs.cloudfront.net","d31xqmzex8ubh8.cloudfront.net","d3qxef4rp70elm.cloudfront.net","d7d3cf2e81d293050033-3dfc0615b0fd7b49143049256703bfce.ssl.cf1.rackcdn.com","dnn506yrbagrg.cloudfront.net","du4rq1xqh3i1k.cloudfront.net","dw.com.com","eye.inforotor.ru","geo.mozilla.org","geo.yahoo.com","geoiplookup.wikimedia.org","go.freeanalyzer.ru","hc.uralweb.ru","hiddenjs.ru","hit.meta.ua","informer.sepyra.com","jitsu.ixbt.com","log.dzen.ru","log.krs-ix.ru","log.optimizely.com","lstats.qip.ru","mc.webvisor.org","mc.yandex.com","mc.yandex.ru","metrics.aviasales.ru","metrika.myseldon.com","mtp.spaces.im","mtp.spaces.ru","mtp.spcs.me","ok.mail.ru","pa.tns-ua.com","pi.feedsportal.com","pixel.everesttech.net","pixel.mathtag.com","promodity.appspot.com","pulse.aviasales.ru","r.msn.com","rcounter.rambler.ru","referrer.disqus.com","rtstat.api.rt.com","s.agava.ru","s.youtube.com","s2.youtube.com","scnt.rambler.ru","snippets-stats.mozilla.org","spring-tns.net","stat-api-yndx.cloud.gismeteo.net","stat-api.gismeteo.net","stat-api.meteofor.com","stat.5-tv.ru","stat.adlabs.ru","stat.eagleplatform.com","stat.net.ixbt.com","stat1.ukr.net","static-trackers.adtarget.me","stats.1internet.tv","stats.g.doubleclick.net","stats.indextools.com","stats.internet-yadro.com","stats.mos.ru","stats.qmerce.com","stats.seedr.ru","stats.wordpress.com","stts.rbc.ru","t.delfi.ee","t.sports.ru","target.ukr.net","telemetry.dzen.ru","tpc.googlesyndication.com","tr.gerkon.eu","track.fabrikaonline.ru","track.hubrus.com","track.rtb-media.ru","track.tproger.ru","tracking.eurosport.com","tracking.olx-st.com","uaas.yandex.ru","ucounter.ucoz.net","webvitals.luxnet.ua","yast.rutube.ru"]},"id":594,"priority":10},
{"action":{"type":"block"},"condition":{"domainType":"thirdParty","requestDomains":["1l-hit.vkplay.ru","1pagerank.com","2o7.net","2tt2.ru","5edeb195868e2195.com","a-counter.kiev.ua","a.mts.ru","acint.net","acstat.com","adlooxtracking.ru","admetric.io","admon.pro","adsymptotic.com","adtrak.org","adx.adform.net","adx.com.ru","airlogs.ru","akavita.com","alexametrics.com","allpositions.ru","altergeo.ru","amazy.ru","amung.us","analysis.fi","analytics.grape.media","analytics.tn.kz","anti-ban.ucoz.ru","app.link","apptracer.ru","aprtn.com","aprtx.com","arc.io","artfut.com","astdn.ru","auction.vo-media.ru","authentication.me","awsync.yandex.ru","b2b.ainews.kz","bext.info","bidr.io","bidswitch.net","bigsauron.ru","bkrtx.com","blograte.ru","bluekai.com","bname.ru","botfaqtor.ru","botradar.tech","browsiprod.com","c.hit.ua","c.lytics.io","c.statcounter.com","c.toodoo.ru","c.wen.ru","c.zero.kz","c1.politexpert.ru","casalemedia.com","catalog.metka.ru","cc.calltracking.ru","cdn-rum.ngenix.net","cdn.ddmanager.ru","cdn.scarabresearch.com","cdn.teleportapi.com","cedexis.com","cfv4.com","chartbeat.com","checkru.net","cityadstrack.com","clarity.ms","clickaider.com","clickanalytics208.com","clickfraud.ru","clicktale.net","clixpy.com","cntstat.com","codingjungle.net","collector.apester.com","collector.mediator.media","countby.com","countcount.co","countlog.com","criteo.com","crm-analytics.imweb.ru","crsspxl.com","crwdcntrl.net","culturaltracking.ru","cy-pr.com","d.wi-fi.ru","d1tracker.ru","datadome.co","dataxpand.com","demandbase.com","directcrm.ru","dmp.adform.net","dmp.wi-fi.ru","dmtracker.com","dtscout.com","efatik.me","elitestat.ru","enkod.ru","ev.stellarlabs.ai","events.apester.com","evolvemediametrics.com","exelator.com","expf.ru","exponea.com","extreme-dm.com","extreme-ip-lookup.com","extremetracking.com","faststart.ru","feedjit.com","fghtem.com","fitanalytics.com","flashb.id","flixfacts.com","flocktory.com","forwebz.com","free-pagerank.com","freegeoip.app","freegeoip.live","freegeoip.net","freehostedscripts.net","freeonlineusers.com","freesitetop.ru","gaug.es","gdeslon.ru","gemius.pl","geo.exixt.com","geoip.leadia.services","geojs.io","get35.com","getaim.info","getclicky.com","getrank.net","getstat.net","getter.fun","gloxstore.com","go-mpulse.net","google-analytics.bi.owox.com","googleadservices.com","googleoptimize.com","heatmap.it","heyhelga.net","hif.to","histats.com","hitbox.com","hitcounter.ru","hitmeter.ru","host-tracker.com","hotblogs.org.ua","hotjar.com","hotlog.ru","hsdn.org","i.a2g-secure.com","i.webo.in","iastat.ru","iastatss.ru","ib.adnxs.com","id5-sync.com","ijes.ru","imrworldwide.com","imtop.ru","inaudium.com","indexww.com","inetlog.ru","informer.yandex.ru","intarget.ru","intencysrv.com","intercounter.website","io.userlook.com","ip-api.com","ip.nf","ip2phrase.com","ipchanger.live","ipcounter.de","ipify.org","iplis.ru","iplookup.vvdev.ru","jsblom.com","jsonip.com","jwpltx.com","k50.ru","kamnet.ru","keen.io","kissmetrics.com","konvert.guru","l-shrcnt.livejournal.net","lifestats.ru","listatic.ru","livetracker.rfe.pangea-cms.com","loadercdn.net","log2.ru","logentries.com","logxp.ru","lp4.io","lptracker.ru","mapyourvisitors.com","match.adsrvr.org","matomo.cloud","maxmind.com","mcount.ru","meatydime.com","metrika-informer.com","metrika.traff.space","metrka.com","mipagerank.com","mmstat.com","mobtop.az","mobtop.com","mobtop.ru","monitorus.ru","more-data.ru","mpianalytics.com","mxpnl.com","mycounter.ua","mystat-in.net","mytop-in.net","mytopboard.ru","mytopf.com","mytrix.com","n.mailfire.io","nagval.ru","nanostatistics.net","nedstatbasic.net","newrelic.com","nexinsight.com.ua","omappapi.com","omtrdc.net","ondu.ru","onetag-sys.com","openfpcdn.io","openstat.net","ops.beeline.ru","opti-digital.com","ournet-analytics.com","partner.incloak.com","ping-admin.ru","pingdom.net","pippio.com","plerdy.com","popular-tracker.brainly.com","proext.com","ptengine.com","ptrck.ru","push2check.com","pv.pjtsu.com","r.i.ua","radarurl.com","ranking-hits.de","reallyfreegeoip.org","reinvigorate.net","reqapi.ru","revolvermaps.com","rezync.com","rfihub.com","richaudience.com","ringostat.com","rktch.com","rlcdn.com","rpmstatic.net","rtb.com.ru","rtt.campanja.com","rudderlabs.com","rulink.de","rumstat.cdnvideo.ru","rutop.org","s.infogram.com","s24tv.net","sc.hwdteam.ru","scorecardresearch.com","sedotracker.com","seeip.org","seemore.ru","seo.adlabs.ru","seobuilding.ru","seocounter.info","seocounter.ru","seoprcy.ru","sepyra.com","service-cmp.com","simonsignal.com","simpletop.net","site-rank.com","sitelog.forsite.ru","sitemeter.com","sitescout.com","sitestats.info","siteuser.info","skylog.kz","smailbest.com","smart-stats.net","smartcount.net","smartlook.com","smartverify.pro","socratos.net","splitbee.io","spylog.com","spylog.ru","st.hbrd.io","st.onlygip.tech","st.yagla.ru","stat-feedot.ru","stat.media","stat.su","statad.ru","statafun.ru","statcjs.com","stathat.com","static.analytics-site.com","static.terratraf.io","static20.online","statistics.fppressa.ru","statistics.wibiya.com","statpipe.ru","stats-repl.myangular.life","stats.alice.by","stats.serpads.com","stats.vk-portal.net","stats.wp.com","statscreen.info","statsync.net","stattds.club","statuncore.com","stcounter.com","stg-data-collector.playbuzz.com","stormyachiever.com","sumome.com","t.ltmse.com","tagmanager.andata.ru","tags.soloway.ru","tapad.com","tapstat.ru","tazeros.com","tbe.tom.ru","tdregistr.online","tnative.ru","tns-counter.ru","to.getnitropack.com","toptj.com","track.adspire.io","track.segmentstream.com","track.spots.im","tracker.softcube.com","tracking.diginetica.net","tracking.gpm-rtv.ru","trafit.com","traidet.com","trendstat.ru","triggertag.gorillanation.com","triks.info","trk.olnl.net","try.abtasty.com","ttrace.ru","ttrating.com","tynt.com","ulogin-stats.ru","ulogix.ru","unioin.com","uptime.ru","url-sub.ru","ustat.pro","variti.net","vdna-assets.com","veinteractive.com","veon-analytics.digital.medallia.eu","veon-udc.digital.medallia.eu","vercel-analytics.com","videoplayerhub.com","visitor-metrics.com","visor.sberbank.ru","visualdna.com","vlitag.com","waplog.mobi","waplog.net","wapstats.net","warlog.info","waust.at","webanalizer.ru","websdk.appsflyer.com","webstatanalyzer.ru","webtrends.com","webtrendslive.com","wikia-beacon.com","wl-analytics.tsp.li","wootric.com","www.net.kg","xiti.com","xmetrics.ru","xxxx.re","xxxxx.re","y-track.com","ya-counter.ru","ya-dro.ru","yadro.ru","yandex-metrica.ru","ymetrica.com","ymetrica1.com"]},"id":595,"priority":10},
{"action":{"type":"block"},"condition":{"urlFilter":"||fwdcdn.com/img/grey-pix.gif"},"id":596,"priority":10},
{"action":{"type":"block"},"condition":{"urlFilter":"||myfin.by/ajaxnew/set-referrer?referrer="},"id":597,"priority":10},
{"action":{"type":"block"},"condition":{"urlFilter":"||ukr.net/_events/"},"id":598,"priority":10},
{"action":{"type":"block"},"condition":{"urlFilter":"||ukr.net/click/"},"id":599,"priority":10},
{"action":{"type":"block"},"condition":{"urlFilter":"||ukr.net/track/"},"id":600,"priority":10},
{"action":{"type":"block"},"condition":{"resourceTypes":["ping"],"urlFilter":"||jitsu.foxford.ru/api/s/s2s/batch|"},"id":601,"priority":10},
{"action":{"type":"allow"},"condition":{"initiatorDomains":["dzen.ru"],"resourceTypes":["script"],"urlFilter":"||yandex.ru/ads/system/context.js?|"},"id":602,"priority":30}
]
