[
{"action":{"type":"block"},"condition":{"urlFilter":"||xxxpostpic.org/imagedata/banner/"},"id":1,"priority":10},
{"action":{"type":"block"},"condition":{"urlFilter":"||porn5xxx.com/pic-ads/"},"id":2,"priority":10},
{"action":{"type":"block"},"condition":{"urlFilter":"||xn--82c0bxcybxc2b.com/jab-ads/"},"id":3,"priority":10},
{"action":{"type":"block"},"condition":{"urlFilter":"||xn--72czpj1fd3b9a3a8g3d.com/doo-ads/"},"id":4,"priority":10},
{"action":{"type":"block"},"condition":{"urlFilter":"anime-i.com/files/banner/"},"id":5,"priority":10},
{"action":{"type":"block"},"condition":{"urlFilter":"https://misa-anime.com/assets/js/ads.core.js?"},"id":6,"priority":10},
{"action":{"type":"block"},"condition":{"initiatorDomains":["animedd.xyz"],"urlFilter":"||i.imgur.com^"},"id":7,"priority":10},
{"action":{"type":"block"},"condition":{"urlFilter":"https://xxxword.club/uploadpic/playxxx.jpg"},"id":8,"priority":10},
{"action":{"type":"block"},"condition":{"urlFilter":"https://www.vdoxthai.com/ads.php"},"id":9,"priority":10},
{"action":{"type":"block"},"condition":{"urlFilter":"||4toom.com/*/modal-dialog/"},"id":10,"priority":10},
{"action":{"type":"block"},"condition":{"urlFilter":"||aroundnews.net/*/like-jacking-ninja/"},"id":11,"priority":10},
{"action":{"type":"block"},"condition":{"initiatorDomains":["zapver555.com"],"urlFilter":"||blogger.com/*lbx__th.js"},"id":12,"priority":10},
{"action":{"type":"block"},"condition":{"initiatorDomains":["zapver555.com"],"urlFilter":"||blogger.com/*lightbox_bundle.css"},"id":13,"priority":10},
{"action":{"type":"block"},"condition":{"urlFilter":"||dodeden.com/advert^"},"id":14,"priority":10},
{"action":{"type":"block"},"condition":{"urlFilter":"||ithaihotnews.com/*/like-jacking-ninja/"},"id":15,"priority":10},
{"action":{"type":"block"},"condition":{"urlFilter":"||kaijeaw.com/*/fancybox/"},"id":16,"priority":10},
{"action":{"type":"block"},"condition":{"urlFilter":"||kanomjeeb.com/*/lightbox"},"id":17,"priority":10},
{"action":{"type":"block"},"condition":{"urlFilter":"||kidjarak.com/*/bsa-pro-scripteo/"},"id":18,"priority":10},
{"action":{"type":"block"},"condition":{"urlFilter":"||ladycee.com/light_ads^"},"id":19,"priority":10},
{"action":{"type":"block"},"condition":{"urlFilter":"||laughwoo.com/*/like-jacking-ninja/"},"id":20,"priority":10},
{"action":{"type":"block"},"condition":{"urlFilter":"||lonely-rooyang.com/*/arscode-ninja-popups/"},"id":21,"priority":10},
{"action":{"type":"block"},"condition":{"urlFilter":"||meekhao.com/*/dreamgrow-scroll-triggered-box/"},"id":22,"priority":10},
{"action":{"type":"block"},"condition":{"urlFilter":"||newstimeline.net/*/jquery.magnific-popup.min.js"},"id":23,"priority":10},
{"action":{"type":"block"},"condition":{"urlFilter":"||ohlor.com/*/mini-popup/"},"id":24,"priority":10},
{"action":{"type":"block"},"condition":{"urlFilter":"||ohlor.com/*/upprev-nytimes-style-next-post-jquery-animated-fly-in-button/"},"id":25,"priority":10},
{"action":{"type":"block"},"condition":{"urlFilter":"||siamchatroom.com/light_ads^"},"id":26,"priority":10},
{"action":{"type":"block"},"condition":{"urlFilter":"||siamha.com/truehits/stat"},"id":27,"priority":10},
{"action":{"type":"block"},"condition":{"urlFilter":"||siamok.com/light_ads/"},"id":28,"priority":10},
{"action":{"type":"block"},"condition":{"urlFilter":"||siamza.com/js/jquery.cookie.js"},"id":29,"priority":10},
{"action":{"type":"block"},"condition":{"urlFilter":"||taghr.net/*/uji-popup/"},"id":30,"priority":10},
{"action":{"type":"block"},"condition":{"urlFilter":"||thaijobsgov.com/*/fancybox/"},"id":31,"priority":10},
{"action":{"type":"block"},"condition":{"urlFilter":"||thaijobsgov.com/banner^"},"id":32,"priority":10},
{"action":{"type":"block"},"condition":{"urlFilter":"||toritalk.com/*/uji-popup/"},"id":33,"priority":10},
{"action":{"type":"block"},"condition":{"urlFilter":"||yakjado.com/*/upprev/"},"id":34,"priority":10},
{"action":{"type":"block"},"condition":{"urlFilter":"||yakjado.com/*/wp-social-popup-and-get-traffic/"},"id":35,"priority":10},
{"action":{"type":"block"},"condition":{"urlFilter":"||ads.pramool.com"},"id":36,"priority":10},
{"action":{"type":"block"},"condition":{"urlFilter":"||becteroradio.com/2014/hidden-ad-inner.php?"},"id":37,"priority":10},
{"action":{"type":"block"},"condition":{"urlFilter":"||becteroradio.com/lib/fancybox/"},"id":38,"priority":10},
{"action":{"type":"block"},"condition":{"urlFilter":"||becteroradio.com/truehitsstat.php?"},"id":39,"priority":10},
{"action":{"type":"block"},"condition":{"urlFilter":"||kapook.com/ads/portal^"},"id":40,"priority":10},
{"action":{"type":"block"},"condition":{"urlFilter":"||kapook.com/asset/js/track.js"},"id":41,"priority":10},
{"action":{"type":"block"},"condition":{"urlFilter":"||kapook.com/jquery/jquery.kp.tracker.js"},"id":42,"priority":10},
{"action":{"type":"block"},"condition":{"urlFilter":"||pantip.com/ads.php"},"id":43,"priority":10},
{"action":{"type":"block"},"condition":{"urlFilter":"||pantip.com/adsip.php"},"id":44,"priority":10},
{"action":{"type":"block"},"condition":{"urlFilter":"||pantip.com/adsipmobile.php"},"id":45,"priority":10},
{"action":{"type":"block"},"condition":{"urlFilter":"||lucky135.com"},"id":46,"priority":10},
{"action":{"type":"block"},"condition":{"urlFilter":"||compgamer.com/mainpage/module/popupnews/"},"id":47,"priority":10},
{"action":{"type":"block"},"condition":{"urlFilter":"||compgamer.com/mario-ads^"},"id":48,"priority":10},
{"action":{"type":"block"},"condition":{"urlFilter":"||coregamerth.com/*/jquery-cookie/"},"id":49,"priority":10},
{"action":{"type":"block"},"condition":{"urlFilter":"||game-tep.com/*/adrotate-pro/"},"id":50,"priority":10},
{"action":{"type":"block"},"condition":{"urlFilter":"||game-tep.com/*/fancy-box/"},"id":51,"priority":10},
{"action":{"type":"block"},"condition":{"urlFilter":"||gamegeek.in.th/*/layeredpopups/"},"id":52,"priority":10},
{"action":{"type":"block"},"condition":{"urlFilter":"||gamemonday.com/*/adrotate-pro/"},"id":53,"priority":10},
{"action":{"type":"block"},"condition":{"urlFilter":"||gamemonday.com/wp-content/themes/gamemonday/libs/jquery.firstvisitpopup.js"},"id":54,"priority":10},
{"action":{"type":"block"},"condition":{"urlFilter":"||mustplay.in.th/*/banner"},"id":55,"priority":10},
{"action":{"type":"block"},"condition":{"urlFilter":"||mustplay.in.th/assets/js/jquery.tubular^"},"id":56,"priority":10},
{"action":{"type":"block"},"condition":{"urlFilter":"||mustplay.in.th/assets/js/youtubepopup"},"id":57,"priority":10},
{"action":{"type":"block"},"condition":{"urlFilter":"||mustplay.in.th/static/banner/*/ads-^"},"id":58,"priority":10},
{"action":{"type":"block"},"condition":{"urlFilter":"||online-station.net/*/ads/"},"id":59,"priority":10},
{"action":{"type":"block"},"condition":{"urlFilter":"||online-station.net/assets/*/os-adhoc^"},"id":60,"priority":10},
{"action":{"type":"block"},"condition":{"urlFilter":"||online-station.net/assets/js/google^"},"id":61,"priority":10},
{"action":{"type":"block"},"condition":{"urlFilter":"||online-station.net/content/count_stats?"},"id":62,"priority":10},
{"action":{"type":"block"},"condition":{"urlFilter":"||playulti.com/*/banner"},"id":63,"priority":10},
{"action":{"type":"block"},"condition":{"urlFilter":"||playulti.com/assets/js/jquery.tubular^"},"id":64,"priority":10},
{"action":{"type":"block"},"condition":{"urlFilter":"||playulti.com/company/truehit?"},"id":65,"priority":10},
{"action":{"type":"block"},"condition":{"urlFilter":"||playulti.com/static/banner/*/ads-^"},"id":66,"priority":10},
{"action":{"type":"block"},"condition":{"urlFilter":"||24x7th.com"},"id":67,"priority":10},
{"action":{"type":"block"},"condition":{"urlFilter":"||accesstrade.in.th"},"id":68,"priority":10},
{"action":{"type":"block"},"condition":{"urlFilter":"||adasiaholdings.com"},"id":69,"priority":10},
{"action":{"type":"block"},"condition":{"urlFilter":"||adok.asia"},"id":70,"priority":10},
{"action":{"type":"block"},"condition":{"urlFilter":"||adop.cc"},"id":71,"priority":10},
{"action":{"type":"block"},"condition":{"urlFilter":"||ads*.bangkokpost.co.th"},"id":72,"priority":10},
{"action":{"type":"block"},"condition":{"urlFilter":"||ads*.matichon.co.th"},"id":73,"priority":10},
{"action":{"type":"block"},"condition":{"urlFilter":"||ads.boxza.com"},"id":74,"priority":10},
{"action":{"type":"block"},"condition":{"urlFilter":"||ads.gamemonday.com"},"id":75,"priority":10},
{"action":{"type":"block"},"condition":{"urlFilter":"||ads.jarm.com"},"id":76,"priority":10},
{"action":{"type":"block"},"condition":{"urlFilter":"||ads.os.co.th"},"id":77,"priority":10},
{"action":{"type":"block"},"condition":{"urlFilter":"||ads.pantip.com"},"id":78,"priority":10},
{"action":{"type":"block"},"condition":{"urlFilter":"||ads.postjung.com"},"id":79,"priority":10},
{"action":{"type":"block"},"condition":{"urlFilter":"||ads.siamza.com"},"id":80,"priority":10},
{"action":{"type":"block"},"condition":{"urlFilter":"||ads.techxcite.com"},"id":81,"priority":10},
{"action":{"type":"block"},"condition":{"urlFilter":"||adsniper.ru"},"id":82,"priority":10},
{"action":{"type":"block"},"condition":{"urlFilter":"||adsoptimal.com"},"id":83,"priority":10},
{"action":{"type":"block"},"condition":{"urlFilter":"||adtplatform.com"},"id":84,"priority":10},
{"action":{"type":"block"},"condition":{"urlFilter":"||anonymousdemographics.com"},"id":85,"priority":10},
{"action":{"type":"block"},"condition":{"urlFilter":"||app-measurement.com"},"id":86,"priority":10},
{"action":{"type":"block"},"condition":{"urlFilter":"||areyouahuman.com"},"id":87,"priority":10},
{"action":{"type":"block"},"condition":{"urlFilter":"||atdmt.com"},"id":88,"priority":10},
{"action":{"type":"block"},"condition":{"urlFilter":"||bluekai.com"},"id":89,"priority":10},
{"action":{"type":"block"},"condition":{"urlFilter":"||btstatic.com"},"id":90,"priority":10},
{"action":{"type":"block"},"condition":{"urlFilter":"||bumq.com"},"id":91,"priority":10},
{"action":{"type":"block"},"condition":{"urlFilter":"||byteark-analytics.thairath.co.th"},"id":92,"priority":10},
{"action":{"type":"block"},"condition":{"urlFilter":"||clickadu.com"},"id":93,"priority":10},
{"action":{"type":"block"},"condition":{"urlFilter":"||clicksgear.com"},"id":94,"priority":10},
{"action":{"type":"block"},"condition":{"urlFilter":"||connextra.com"},"id":95,"priority":10},
{"action":{"type":"block"},"condition":{"urlFilter":"||crashlytics.com"},"id":96,"priority":10},
{"action":{"type":"block"},"condition":{"urlFilter":"||crazyegg.com"},"id":97,"priority":10},
{"action":{"type":"block"},"condition":{"urlFilter":"||criteo.com"},"id":98,"priority":10},
{"action":{"type":"block"},"condition":{"urlFilter":"||criteo.net"},"id":99,"priority":10},
{"action":{"type":"block"},"condition":{"urlFilter":"||crwdcntrl.net"},"id":100,"priority":10},
{"action":{"type":"block"},"condition":{"urlFilter":"||cryptobrowser.site"},"id":101,"priority":10},
{"action":{"type":"block"},"condition":{"urlFilter":"||csi.gstatic.com"},"id":102,"priority":10},
{"action":{"type":"block"},"condition":{"urlFilter":"||d-stats.com"},"id":103,"priority":10},
{"action":{"type":"block"},"condition":{"urlFilter":"||dtscout.com"},"id":104,"priority":10},
{"action":{"type":"block"},"condition":{"urlFilter":"||effectivemeasure.net"},"id":105,"priority":10},
{"action":{"type":"block"},"condition":{"urlFilter":"||exdynsrv.com"},"id":106,"priority":10},
{"action":{"type":"block"},"condition":{"urlFilter":"||exoclick.com"},"id":107,"priority":10},
{"action":{"type":"block"},"condition":{"urlFilter":"||exosrv.com"},"id":108,"priority":10},
{"action":{"type":"block"},"condition":{"urlFilter":"||eyeota.net"},"id":109,"priority":10},
{"action":{"type":"block"},"condition":{"urlFilter":"||feedjit.com"},"id":110,"priority":10},
{"action":{"type":"block"},"condition":{"urlFilter":"||filadmir.site"},"id":111,"priority":10},
{"action":{"type":"block"},"condition":{"urlFilter":"||fout.jp"},"id":112,"priority":10},
{"action":{"type":"block"},"condition":{"urlFilter":"||gammaplatform.com"},"id":113,"priority":10},
{"action":{"type":"block"},"condition":{"urlFilter":"||gbotvisit.com"},"id":114,"priority":10},
{"action":{"type":"block"},"condition":{"urlFilter":"||gbox.sc"},"id":115,"priority":10},
{"action":{"type":"block"},"condition":{"urlFilter":"||generaltagcom.ga"},"id":116,"priority":10},
{"action":{"type":"block"},"condition":{"urlFilter":"||go2cloud.org"},"id":117,"priority":10},
{"action":{"type":"block"},"condition":{"urlFilter":"||go2speed.org"},"id":118,"priority":10},
{"action":{"type":"block"},"condition":{"urlFilter":"||google-analytics.l.google.com"},"id":119,"priority":10},
{"action":{"type":"block"},"condition":{"urlFilter":"||heatmap.it"},"id":120,"priority":10},
{"action":{"type":"block"},"condition":{"urlFilter":"||hilightad.kapook.com"},"id":121,"priority":10},
{"action":{"type":"block"},"condition":{"urlFilter":"||histats.com"},"id":122,"priority":10},
{"action":{"type":"block"},"condition":{"urlFilter":"||hotjar.com"},"id":123,"priority":10},
{"action":{"type":"block"},"condition":{"urlFilter":"||imrworldwide.com"},"id":124,"priority":10},
{"action":{"type":"block"},"condition":{"urlFilter":"||inmobi.com"},"id":125,"priority":10},
{"action":{"type":"block"},"condition":{"urlFilter":"||innity.com"},"id":126,"priority":10},
{"action":{"type":"block"},"condition":{"urlFilter":"||innity.net"},"id":127,"priority":10},
{"action":{"type":"block"},"condition":{"urlFilter":"||inspectlet.com"},"id":128,"priority":10},
{"action":{"type":"block"},"condition":{"urlFilter":"||iyfnzgb.com"},"id":129,"priority":10},
{"action":{"type":"block"},"condition":{"urlFilter":"||izooto.com"},"id":130,"priority":10},
{"action":{"type":"block"},"condition":{"urlFilter":"||joox-affiliate.sanook.com"},"id":131,"priority":10},
{"action":{"type":"block"},"condition":{"urlFilter":"||kiosked.com"},"id":132,"priority":10},
{"action":{"type":"block"},"condition":{"urlFilter":"||luckyorange.com"},"id":133,"priority":10},
{"action":{"type":"block"},"condition":{"urlFilter":"||m88.com"},"id":134,"priority":10},
{"action":{"type":"block"},"condition":{"urlFilter":"||moatads.com"},"id":135,"priority":10},
{"action":{"type":"block"},"condition":{"urlFilter":"||mtburn.com"},"id":136,"priority":10},
{"action":{"type":"block"},"condition":{"urlFilter":"||mtburn.jp"},"id":137,"priority":10},
{"action":{"type":"block"},"condition":{"urlFilter":"||nr-data.com"},"id":138,"priority":10},
{"action":{"type":"block"},"condition":{"urlFilter":"||nr-data.net"},"id":139,"priority":10},
{"action":{"type":"block"},"condition":{"urlFilter":"||nuffnang.co.th"},"id":140,"priority":10},
{"action":{"type":"block"},"condition":{"urlFilter":"||nuffnang.com"},"id":141,"priority":10},
{"action":{"type":"block"},"condition":{"urlFilter":"||nytive.com"},"id":142,"priority":10},
{"action":{"type":"block"},"condition":{"urlFilter":"||oclaserver.com"},"id":143,"priority":10},
{"action":{"type":"block"},"condition":{"urlFilter":"||oilchange.website"},"id":144,"priority":10},
{"action":{"type":"block"},"condition":{"urlFilter":"||onclasrv.com"},"id":145,"priority":10},
{"action":{"type":"block"},"condition":{"urlFilter":"||onclickads.net"},"id":146,"priority":10},
{"action":{"type":"block"},"condition":{"urlFilter":"||openx.notebookspec.com"},"id":147,"priority":10},
{"action":{"type":"block"},"condition":{"urlFilter":"||openxmarket.asia"},"id":148,"priority":10},
{"action":{"type":"block"},"condition":{"urlFilter":"||padsdel.com"},"id":149,"priority":10},
{"action":{"type":"block"},"condition":{"urlFilter":"||padstm.com"},"id":150,"priority":10},
{"action":{"type":"block"},"condition":{"urlFilter":"||parkingcrew.com"},"id":151,"priority":10},
{"action":{"type":"block"},"condition":{"urlFilter":"||parkingcrew.net"},"id":152,"priority":10},
{"action":{"type":"block"},"condition":{"urlFilter":"||pc1ads.com"},"id":153,"priority":10},
{"action":{"type":"block"},"condition":{"urlFilter":"||pc2ads.com"},"id":154,"priority":10},
{"action":{"type":"block"},"condition":{"urlFilter":"||pc3ads.com"},"id":155,"priority":10},
{"action":{"type":"block"},"condition":{"urlFilter":"||ping-fast.com"},"id":156,"priority":10},
{"action":{"type":"block"},"condition":{"urlFilter":"||pingdom.net"},"id":157,"priority":10},
{"action":{"type":"block"},"condition":{"urlFilter":"||pixeldigitalstudios.com"},"id":158,"priority":10},
{"action":{"type":"block"},"condition":{"urlFilter":"||plista.com"},"id":159,"priority":10},
{"action":{"type":"block"},"condition":{"urlFilter":"||popads.net"},"id":160,"priority":10},
{"action":{"type":"block"},"condition":{"urlFilter":"||popcash.net"},"id":161,"priority":10},
{"action":{"type":"block"},"condition":{"urlFilter":"||popclck.com"},"id":162,"priority":10},
{"action":{"type":"block"},"condition":{"urlFilter":"||popclck.net"},"id":163,"priority":10},
{"action":{"type":"block"},"condition":{"urlFilter":"||poptm.com"},"id":164,"priority":10},
{"action":{"type":"block"},"condition":{"urlFilter":"||ptengine.com"},"id":165,"priority":10},
{"action":{"type":"block"},"condition":{"urlFilter":"||puserving.com"},"id":166,"priority":10},
{"action":{"type":"block"},"condition":{"urlFilter":"||pushnative.com"},"id":167,"priority":10},
{"action":{"type":"block"},"condition":{"urlFilter":"||quicktask.xyz"},"id":168,"priority":10},
{"action":{"type":"block"},"condition":{"urlFilter":"||reimageplus.com"},"id":169,"priority":10},
{"action":{"type":"block"},"condition":{"urlFilter":"||replase.tk"},"id":170,"priority":10},
{"action":{"type":"block"},"condition":{"urlFilter":"||report-uri.cloudflare.com"},"id":171,"priority":10},
{"action":{"type":"block"},"condition":{"urlFilter":"||revsci.net"},"id":172,"priority":10},
{"action":{"type":"block"},"condition":{"urlFilter":"||runtnc.net"},"id":173,"priority":10},
{"action":{"type":"block"},"condition":{"urlFilter":"||ruu-dee.com"},"id":174,"priority":10},
{"action":{"type":"block"},"condition":{"urlFilter":"||sales-frontier.com"},"id":175,"priority":10},
{"action":{"type":"block"},"condition":{"urlFilter":"||scorecardresearch.com"},"id":176,"priority":10},
{"action":{"type":"block"},"condition":{"urlFilter":"||serving-sys.com"},"id":177,"priority":10},
{"action":{"type":"block"},"condition":{"urlFilter":"||simba-digital.com"},"id":178,"priority":10},
{"action":{"type":"block"},"condition":{"urlFilter":"||socdm.com"},"id":179,"priority":10},
{"action":{"type":"block"},"condition":{"urlFilter":"||stat.matichon.co.th"},"id":180,"priority":10},
{"action":{"type":"block"},"condition":{"urlFilter":"||statmt.matichon.co.th"},"id":181,"priority":10},
{"action":{"type":"block"},"condition":{"urlFilter":"||stats.in.th"},"id":182,"priority":10},
{"action":{"type":"block"},"condition":{"urlFilter":"||stats.wp.com"},"id":183,"priority":10},
{"action":{"type":"block"},"condition":{"urlFilter":"||sumome.com"},"id":184,"priority":10},
{"action":{"type":"block"},"condition":{"urlFilter":"||synergy-e.com"},"id":185,"priority":10},
{"action":{"type":"block"},"condition":{"urlFilter":"||taboola.com"},"id":186,"priority":10},
{"action":{"type":"block"},"condition":{"urlFilter":"||tagserve.asia"},"id":187,"priority":10},
{"action":{"type":"block"},"condition":{"urlFilter":"||tapad.com"},"id":188,"priority":10},
{"action":{"type":"block"},"condition":{"urlFilter":"||thstats.com"},"id":189,"priority":10},
{"action":{"type":"block"},"condition":{"urlFilter":"||thtrackingap.com"},"id":190,"priority":10},
{"action":{"type":"block"},"condition":{"urlFilter":"||tityx.com"},"id":191,"priority":10},
{"action":{"type":"block"},"condition":{"initiatorDomains":["fairyanime.net"],"resourceTypes":["image"],"urlFilter":"||cdend.com/wp-content/uploads/*.gif"},"id":192,"priority":10},
{"action":{"type":"block"},"condition":{"urlFilter":"||truehits.in.th"},"id":193,"priority":10},
{"action":{"type":"block"},"condition":{"urlFilter":"||truehits.net"},"id":194,"priority":10},
{"action":{"type":"block"},"condition":{"urlFilter":"||tynt.com"},"id":195,"priority":10},
{"action":{"type":"block"},"condition":{"urlFilter":"||user-api.com"},"id":196,"priority":10},
{"action":{"type":"block"},"condition":{"urlFilter":"||user-clicks.com"},"id":197,"priority":10},
{"action":{"type":"block"},"condition":{"urlFilter":"||user-red.com"},"id":198,"priority":10},
{"action":{"type":"block"},"condition":{"urlFilter":"||uustoughtonma.org"},"id":199,"priority":10},
{"action":{"type":"block"},"condition":{"urlFilter":"||whatshelp.io"},"id":200,"priority":10},
{"action":{"type":"block"},"condition":{"urlFilter":"||wmdstat.dev-sanook.com"},"id":201,"priority":10},
{"action":{"type":"block"},"condition":{"urlFilter":"||yengo.com"},"id":202,"priority":10},
{"action":{"type":"block"},"condition":{"urlFilter":"||yu0123456.com"},"id":203,"priority":10},
{"action":{"type":"block"},"condition":{"urlFilter":"||zemanta.com"},"id":204,"priority":10},
{"action":{"type":"block"},"condition":{"urlFilter":"||moviefree365.com"},"id":205,"priority":10},
{"action":{"type":"block"},"condition":{"urlFilter":"||pichub.tk"},"id":206,"priority":10},
{"action":{"type":"block"},"condition":{"urlFilter":"||1234picz.com"},"id":207,"priority":10},
{"action":{"type":"block"},"condition":{"urlFilter":"||happylukebet.com"},"id":208,"priority":10},
{"action":{"type":"block"},"condition":{"urlFilter":"||silkspan.com"},"id":209,"priority":10},
{"action":{"type":"block"},"condition":{"urlFilter":"||thai-iphone.com"},"id":210,"priority":10},
{"action":{"type":"block"},"condition":{"urlFilter":"||1000curryrestaurant.com"},"id":211,"priority":10},
{"action":{"type":"block"},"condition":{"urlFilter":"||10xtechie.com"},"id":212,"priority":10},
{"action":{"type":"block"},"condition":{"urlFilter":"||195-133-60-89.hostinghubsolutions.com"},"id":213,"priority":10},
{"action":{"type":"block"},"condition":{"urlFilter":"||1roofev.com"},"id":214,"priority":10},
{"action":{"type":"block"},"condition":{"urlFilter":"||3dshipmodels.com"},"id":215,"priority":10},
{"action":{"type":"block"},"condition":{"urlFilter":"||3riversprint.com"},"id":216,"priority":10},
{"action":{"type":"block"},"condition":{"urlFilter":"||4jslg.7primos.com"},"id":217,"priority":10},
{"action":{"type":"block"},"condition":{"urlFilter":"||4jslg.overstayjaffa.com"},"id":218,"priority":10},
{"action":{"type":"block"},"condition":{"urlFilter":"||4jslg.thestringbook.com"},"id":219,"priority":10},
{"action":{"type":"block"},"condition":{"urlFilter":"||7primos.com"},"id":220,"priority":10},
{"action":{"type":"block"},"condition":{"urlFilter":"||8slash8.com"},"id":221,"priority":10},
{"action":{"type":"block"},"condition":{"urlFilter":"||academiasprolog.com"},"id":222,"priority":10},
{"action":{"type":"block"},"condition":{"urlFilter":"||accountantamsterdam.net"},"id":223,"priority":10},
{"action":{"type":"block"},"condition":{"urlFilter":"||achivadolimni.com"},"id":224,"priority":10},
{"action":{"type":"block"},"condition":{"urlFilter":"||afiyahlab.com"},"id":225,"priority":10},
{"action":{"type":"block"},"condition":{"urlFilter":"||agdrumschool.com"},"id":226,"priority":10},
{"action":{"type":"block"},"condition":{"urlFilter":"||agentogel.info"},"id":227,"priority":10},
{"action":{"type":"block"},"condition":{"urlFilter":"||ahvaz-anesthesia.com"},"id":228,"priority":10},
{"action":{"type":"block"},"condition":{"urlFilter":"||aisushigobc.com"},"id":229,"priority":10},
{"action":{"type":"block"},"condition":{"urlFilter":"||alamaymoon.com"},"id":230,"priority":10},
{"action":{"type":"block"},"condition":{"urlFilter":"||albioncollege.info"},"id":231,"priority":10},
{"action":{"type":"block"},"condition":{"urlFilter":"||alexlaz.com"},"id":232,"priority":10},
{"action":{"type":"block"},"condition":{"urlFilter":"||all-in-barbers.com"},"id":233,"priority":10},
{"action":{"type":"block"},"condition":{"urlFilter":"||altexplorer.info"},"id":234,"priority":10},
{"action":{"type":"block"},"condition":{"urlFilter":"||amarantinefarms.com"},"id":235,"priority":10},
{"action":{"type":"block"},"condition":{"urlFilter":"||amzprotradernow.com"},"id":236,"priority":10},
{"action":{"type":"block"},"condition":{"urlFilter":"||api-injoyplan.com"},"id":237,"priority":10},
{"action":{"type":"block"},"condition":{"urlFilter":"||appboltonik.com"},"id":238,"priority":10},
{"action":{"type":"block"},"condition":{"urlFilter":"||appstkmadmin.com"},"id":239,"priority":10},
{"action":{"type":"block"},"condition":{"urlFilter":"||arentalcars.com"},"id":240,"priority":10},
{"action":{"type":"block"},"condition":{"urlFilter":"||ariasitting.com"},"id":241,"priority":10},
{"action":{"type":"block"},"condition":{"urlFilter":"||aspectjcookbook.com"},"id":242,"priority":10},
{"action":{"type":"block"},"condition":{"urlFilter":"||asupro.com"},"id":243,"priority":10},
{"action":{"type":"block"},"condition":{"urlFilter":"||atomslip.com"},"id":244,"priority":10},
{"action":{"type":"block"},"condition":{"urlFilter":"||atu-cyberwargames.com"},"id":245,"priority":10},
{"action":{"type":"block"},"condition":{"urlFilter":"||ayp-system.com"},"id":246,"priority":10},
{"action":{"type":"block"},"condition":{"urlFilter":"||babyandbeyondkh.com"},"id":247,"priority":10},
{"action":{"type":"block"},"condition":{"urlFilter":"||backnodes.com"},"id":248,"priority":10},
{"action":{"type":"block"},"condition":{"urlFilter":"||baepullu.com"},"id":249,"priority":10},
{"action":{"type":"block"},"condition":{"urlFilter":"||bagantax.com"},"id":250,"priority":10},
{"action":{"type":"block"},"condition":{"urlFilter":"||bayofgreens.com"},"id":251,"priority":10},
{"action":{"type":"block"},"condition":{"urlFilter":"||bbficocarseats.com"},"id":252,"priority":10},
{"action":{"type":"block"},"condition":{"urlFilter":"||be-lovedshow.com"},"id":253,"priority":10},
{"action":{"type":"block"},"condition":{"urlFilter":"||beefashionstores.com"},"id":254,"priority":10},
{"action":{"type":"block"},"condition":{"urlFilter":"||bepunjaban.com"},"id":255,"priority":10},
{"action":{"type":"block"},"condition":{"urlFilter":"||bestpaintballgun.info"},"id":256,"priority":10},
{"action":{"type":"block"},"condition":{"urlFilter":"||betrool.com"},"id":257,"priority":10},
{"action":{"type":"block"},"condition":{"urlFilter":"||bezt-newz-today.com"},"id":258,"priority":10},
{"action":{"type":"block"},"condition":{"urlFilter":"||bfm4christ.com"},"id":259,"priority":10},
{"action":{"type":"block"},"condition":{"urlFilter":"||bigwingsrestaurant.com"},"id":260,"priority":10},
{"action":{"type":"block"},"condition":{"urlFilter":"||bitpra.com"},"id":261,"priority":10},
{"action":{"type":"block"},"condition":{"urlFilter":"||bittobi.com"},"id":262,"priority":10},
{"action":{"type":"block"},"condition":{"urlFilter":"||bloomsbasket.com"},"id":263,"priority":10},
{"action":{"type":"block"},"condition":{"urlFilter":"||bluuepin.com"},"id":264,"priority":10},
{"action":{"type":"block"},"condition":{"urlFilter":"||bnsoni.com"},"id":265,"priority":10},
{"action":{"type":"block"},"condition":{"urlFilter":"||booknsunglasses.com"},"id":266,"priority":10},
{"action":{"type":"block"},"condition":{"urlFilter":"||boostingplugs.com"},"id":267,"priority":10},
{"action":{"type":"block"},"condition":{"urlFilter":"||botadapmc.com"},"id":268,"priority":10},
{"action":{"type":"block"},"condition":{"urlFilter":"||bouthilliersconstructiongov.com"},"id":269,"priority":10},
{"action":{"type":"block"},"condition":{"urlFilter":"||brainmindsociety.com"},"id":270,"priority":10},
{"action":{"type":"block"},"condition":{"urlFilter":"||bravoxoso.com"},"id":271,"priority":10},
{"action":{"type":"block"},"condition":{"urlFilter":"||breakingbay.com"},"id":272,"priority":10},
{"action":{"type":"block"},"condition":{"urlFilter":"||brynweb.com"},"id":273,"priority":10},
{"action":{"type":"block"},"condition":{"urlFilter":"||bulletinzaiynt.com"},"id":274,"priority":10},
{"action":{"type":"block"},"condition":{"urlFilter":"||byantonellascake.com"},"id":275,"priority":10},
{"action":{"type":"block"},"condition":{"urlFilter":"||captingirl.com"},"id":276,"priority":10},
{"action":{"type":"block"},"condition":{"urlFilter":"||carnercare.com"},"id":277,"priority":10},
{"action":{"type":"block"},"condition":{"urlFilter":"||cassandrawealthadvisors.com"},"id":278,"priority":10},
{"action":{"type":"block"},"condition":{"urlFilter":"||catsandcafe.com"},"id":279,"priority":10},
{"action":{"type":"block"},"condition":{"urlFilter":"||celebbizz.com"},"id":280,"priority":10},
{"action":{"type":"block"},"condition":{"urlFilter":"||ceolsen.com"},"id":281,"priority":10},
{"action":{"type":"block"},"condition":{"urlFilter":"||ceritaharian.com"},"id":282,"priority":10},
{"action":{"type":"block"},"condition":{"urlFilter":"||cheersuper.com"},"id":283,"priority":10},
{"action":{"type":"block"},"condition":{"urlFilter":"||chilltalks.org"},"id":284,"priority":10},
{"action":{"type":"block"},"condition":{"urlFilter":"||chusband.com"},"id":285,"priority":10},
{"action":{"type":"block"},"condition":{"urlFilter":"||clabs-eg.com"},"id":286,"priority":10},
{"action":{"type":"block"},"condition":{"urlFilter":"||cleanestcutss.com"},"id":287,"priority":10},
{"action":{"type":"block"},"condition":{"urlFilter":"||clipperapps.com"},"id":288,"priority":10},
{"action":{"type":"block"},"condition":{"urlFilter":"||cluebird.com"},"id":289,"priority":10},
{"action":{"type":"block"},"condition":{"urlFilter":"||comidaxpress.com"},"id":290,"priority":10},
{"action":{"type":"block"},"condition":{"urlFilter":"||copticdevs.com"},"id":291,"priority":10},
{"action":{"type":"block"},"condition":{"urlFilter":"||corecovers.info"},"id":292,"priority":10},
{"action":{"type":"block"},"condition":{"urlFilter":"||crccassessoria.com"},"id":293,"priority":10},
{"action":{"type":"block"},"condition":{"urlFilter":"||createdbygenesse.com"},"id":294,"priority":10},
{"action":{"type":"block"},"condition":{"urlFilter":"||cscjcares.com"},"id":295,"priority":10},
{"action":{"type":"block"},"condition":{"urlFilter":"||curryflavorgrill.com"},"id":296,"priority":10},
{"action":{"type":"block"},"condition":{"urlFilter":"||cursoscadastro.com"},"id":297,"priority":10},
{"action":{"type":"block"},"condition":{"urlFilter":"||cursoseofertas.com"},"id":298,"priority":10},
{"action":{"type":"block"},"condition":{"urlFilter":"||dailyreportquant.com"},"id":299,"priority":10},
{"action":{"type":"block"},"condition":{"urlFilter":"||dana-b7r.com"},"id":300,"priority":10},
{"action":{"type":"block"},"condition":{"urlFilter":"||daniloremote.com"},"id":301,"priority":10},
{"action":{"type":"block"},"condition":{"urlFilter":"||danimalrocks.com"},"id":302,"priority":10},
{"action":{"type":"block"},"condition":{"urlFilter":"||darkrabbitsolutions.com"},"id":303,"priority":10},
{"action":{"type":"block"},"condition":{"urlFilter":"||davis-analytics.com"},"id":304,"priority":10},
{"action":{"type":"block"},"condition":{"urlFilter":"||dazzlebox.com"},"id":305,"priority":10},
{"action":{"type":"block"},"condition":{"urlFilter":"||dcoygames.com"},"id":306,"priority":10},
{"action":{"type":"block"},"condition":{"urlFilter":"||definitemodel.com"},"id":307,"priority":10},
{"action":{"type":"block"},"condition":{"urlFilter":"||demandjo.com"},"id":308,"priority":10},
{"action":{"type":"block"},"condition":{"urlFilter":"||dev.prowallet.com"},"id":309,"priority":10},
{"action":{"type":"block"},"condition":{"urlFilter":"||dguedry.com"},"id":310,"priority":10},
{"action":{"type":"block"},"condition":{"urlFilter":"||dirtgrab.com"},"id":311,"priority":10},
{"action":{"type":"block"},"condition":{"urlFilter":"||disruptiveclinic.com"},"id":312,"priority":10},
{"action":{"type":"block"},"condition":{"urlFilter":"||djshawnmichaels.com"},"id":313,"priority":10},
{"action":{"type":"block"},"condition":{"urlFilter":"||dl.gold-meat.ru"},"id":314,"priority":10},
{"action":{"type":"block"},"condition":{"urlFilter":"||dominiontalent.com"},"id":315,"priority":10},
{"action":{"type":"block"},"condition":{"urlFilter":"||domoticize.com"},"id":316,"priority":10},
{"action":{"type":"block"},"condition":{"urlFilter":"||dope88.com"},"id":317,"priority":10},
{"action":{"type":"block"},"condition":{"urlFilter":"||drumlikeag.com"},"id":318,"priority":10},
{"action":{"type":"block"},"condition":{"urlFilter":"||dubairevoltsystem.com"},"id":319,"priority":10},
{"action":{"type":"block"},"condition":{"urlFilter":"||duitexchange.com"},"id":320,"priority":10},
{"action":{"type":"block"},"condition":{"urlFilter":"||dwrswap.com"},"id":321,"priority":10},
{"action":{"type":"block"},"condition":{"urlFilter":"||editfestdrone.com"},"id":322,"priority":10},
{"action":{"type":"block"},"condition":{"urlFilter":"||ejppayment.com"},"id":323,"priority":10},
{"action":{"type":"block"},"condition":{"urlFilter":"||elecapubs.com"},"id":324,"priority":10},
{"action":{"type":"block"},"condition":{"urlFilter":"||elelongservice.com"},"id":325,"priority":10},
{"action":{"type":"block"},"condition":{"urlFilter":"||elizashoup.com"},"id":326,"priority":10},
{"action":{"type":"block"},"condition":{"urlFilter":"||embroideryshop.com"},"id":327,"priority":10},
{"action":{"type":"block"},"condition":{"urlFilter":"||eminifx59.com"},"id":328,"priority":10},
{"action":{"type":"block"},"condition":{"urlFilter":"||empirecity.today"},"id":329,"priority":10},
{"action":{"type":"block"},"condition":{"urlFilter":"||estitchbysaba.com"},"id":330,"priority":10},
{"action":{"type":"block"},"condition":{"urlFilter":"||eurokidsgurugram.com"},"id":331,"priority":10},
{"action":{"type":"block"},"condition":{"urlFilter":"||fabulous6fantasy.com"},"id":332,"priority":10},
{"action":{"type":"block"},"condition":{"urlFilter":"||faqspace.com"},"id":333,"priority":10},
{"action":{"type":"block"},"condition":{"urlFilter":"||fernandespegoraro.com"},"id":334,"priority":10},
{"action":{"type":"block"},"condition":{"urlFilter":"||financialsolving.com"},"id":335,"priority":10},
{"action":{"type":"block"},"condition":{"urlFilter":"||firstmobileeducation.com"},"id":336,"priority":10},
{"action":{"type":"block"},"condition":{"urlFilter":"||flyaram.com"},"id":337,"priority":10},
{"action":{"type":"block"},"condition":{"urlFilter":"||fortsport365.com"},"id":338,"priority":10},
{"action":{"type":"block"},"condition":{"urlFilter":"||founderplusacademy.com"},"id":339,"priority":10},
{"action":{"type":"block"},"condition":{"urlFilter":"||foxandmusic.com"},"id":340,"priority":10},
{"action":{"type":"block"},"condition":{"urlFilter":"||freeball98.com"},"id":341,"priority":10},
{"action":{"type":"block"},"condition":{"urlFilter":"||freshgrainke.com"},"id":342,"priority":10},
{"action":{"type":"block"},"condition":{"urlFilter":"||ftp.7primos.com"},"id":343,"priority":10},
{"action":{"type":"block"},"condition":{"urlFilter":"||ftp.ingridsherman.com"},"id":344,"priority":10},
{"action":{"type":"block"},"condition":{"urlFilter":"||fujinoodlerestaurant.com"},"id":345,"priority":10},
{"action":{"type":"block"},"condition":{"urlFilter":"||fxbroker-consulting.com"},"id":346,"priority":10},
{"action":{"type":"block"},"condition":{"urlFilter":"||fydebot.com"},"id":347,"priority":10},
{"action":{"type":"block"},"condition":{"urlFilter":"||g-whizzy.com"},"id":348,"priority":10},
{"action":{"type":"block"},"condition":{"urlFilter":"||gangasperu.com"},"id":349,"priority":10},
{"action":{"type":"block"},"condition":{"urlFilter":"||getprintapp.com"},"id":350,"priority":10},
{"action":{"type":"block"},"condition":{"urlFilter":"||globalseedxchange.com"},"id":351,"priority":10},
{"action":{"type":"block"},"condition":{"urlFilter":"||globalsmarturl.com"},"id":352,"priority":10},
{"action":{"type":"block"},"condition":{"urlFilter":"||gobaypay.com"},"id":353,"priority":10},
{"action":{"type":"block"},"condition":{"urlFilter":"||gold-meat.ru"},"id":354,"priority":10},
{"action":{"type":"block"},"condition":{"urlFilter":"||greenacresapt.com"},"id":355,"priority":10},
{"action":{"type":"block"},"condition":{"urlFilter":"||grenvillegraphite.com"},"id":356,"priority":10},
{"action":{"type":"block"},"condition":{"urlFilter":"||groundloop.info"},"id":357,"priority":10},
{"action":{"type":"block"},"condition":{"urlFilter":"||guardin78.com"},"id":358,"priority":10},
{"action":{"type":"block"},"condition":{"urlFilter":"||hambletondefense.com"},"id":359,"priority":10},
{"action":{"type":"block"},"condition":{"urlFilter":"||happylifelab.com"},"id":360,"priority":10},
{"action":{"type":"block"},"condition":{"urlFilter":"||harrisonkieffer.com"},"id":361,"priority":10},
{"action":{"type":"block"},"condition":{"urlFilter":"||hc-learning.com"},"id":362,"priority":10},
{"action":{"type":"block"},"condition":{"urlFilter":"||hermes-filter.com"},"id":363,"priority":10},
{"action":{"type":"block"},"condition":{"urlFilter":"||hfcofficial.com"},"id":364,"priority":10},
{"action":{"type":"block"},"condition":{"urlFilter":"||hillaforklifts.com"},"id":365,"priority":10},
{"action":{"type":"block"},"condition":{"urlFilter":"||hostmaster.fabulous6fantasy.com"},"id":366,"priority":10},
{"action":{"type":"block"},"condition":{"urlFilter":"||hostmaster.hillaforklifts.com"},"id":367,"priority":10},
{"action":{"type":"block"},"condition":{"urlFilter":"||hostmaster.joshforjudge.com"},"id":368,"priority":10},
{"action":{"type":"block"},"condition":{"urlFilter":"||hostmaster.losangelesfamilylawlawyer.com"},"id":369,"priority":10},
{"action":{"type":"block"},"condition":{"urlFilter":"||hostmaster.reponses.com"},"id":370,"priority":10},
{"action":{"type":"block"},"condition":{"urlFilter":"||hostmaster.wolhyang.com"},"id":371,"priority":10},
{"action":{"type":"block"},"condition":{"urlFilter":"||hyperionity.com"},"id":372,"priority":10},
{"action":{"type":"block"},"condition":{"urlFilter":"||idleduels.com"},"id":373,"priority":10},
{"action":{"type":"block"},"condition":{"urlFilter":"||igtvreel.com"},"id":374,"priority":10},
{"action":{"type":"block"},"condition":{"urlFilter":"||ilbunjibistro.com"},"id":375,"priority":10},
{"action":{"type":"block"},"condition":{"urlFilter":"||imap.prowallet.com"},"id":376,"priority":10},
{"action":{"type":"block"},"condition":{"urlFilter":"||in-to-win-co.com"},"id":377,"priority":10},
{"action":{"type":"block"},"condition":{"urlFilter":"||info.wisewsports.com"},"id":378,"priority":10},
{"action":{"type":"block"},"condition":{"urlFilter":"||ingridsherman.com"},"id":379,"priority":10},
{"action":{"type":"block"},"condition":{"urlFilter":"||intranet.lilufan.com"},"id":380,"priority":10},
{"action":{"type":"block"},"condition":{"urlFilter":"||isdareg.com"},"id":381,"priority":10},
{"action":{"type":"block"},"condition":{"urlFilter":"||iteration777.com"},"id":382,"priority":10},
{"action":{"type":"block"},"condition":{"urlFilter":"||ivan-jr.com"},"id":383,"priority":10},
{"action":{"type":"block"},"condition":{"urlFilter":"||jaimexavier.com"},"id":384,"priority":10},
{"action":{"type":"block"},"condition":{"urlFilter":"||jakobasson.com"},"id":385,"priority":10},
{"action":{"type":"block"},"condition":{"urlFilter":"||jaredkschreiber.com"},"id":386,"priority":10},
{"action":{"type":"block"},"condition":{"urlFilter":"||jasonkrasavage.com"},"id":387,"priority":10},
{"action":{"type":"block"},"condition":{"urlFilter":"||jenkins.peshanga.com"},"id":388,"priority":10},
{"action":{"type":"block"},"condition":{"urlFilter":"||jessejamesacademy.com"},"id":389,"priority":10},
{"action":{"type":"block"},"condition":{"urlFilter":"||jjkratomdispensary.com"},"id":390,"priority":10},
{"action":{"type":"block"},"condition":{"urlFilter":"||jobztrak.com"},"id":391,"priority":10},
{"action":{"type":"block"},"condition":{"urlFilter":"||joshforjudge.com"},"id":392,"priority":10},
{"action":{"type":"block"},"condition":{"urlFilter":"||jteamturkey.com"},"id":393,"priority":10},
{"action":{"type":"block"},"condition":{"urlFilter":"||jv11am.com"},"id":394,"priority":10},
{"action":{"type":"block"},"condition":{"urlFilter":"||kabor.info"},"id":395,"priority":10},
{"action":{"type":"block"},"condition":{"urlFilter":"||kanekikek.com"},"id":396,"priority":10},
{"action":{"type":"block"},"condition":{"urlFilter":"||kaphubsapp.com"},"id":397,"priority":10},
{"action":{"type":"block"},"condition":{"urlFilter":"||karshin.com"},"id":398,"priority":10},
{"action":{"type":"block"},"condition":{"urlFilter":"||kazamajin.com"},"id":399,"priority":10},
{"action":{"type":"block"},"condition":{"urlFilter":"||kennethcanega.com"},"id":400,"priority":10},
{"action":{"type":"block"},"condition":{"urlFilter":"||keyatraderss.com"},"id":401,"priority":10},
{"action":{"type":"block"},"condition":{"urlFilter":"||khao-newth.com"},"id":402,"priority":10},
{"action":{"type":"block"},"condition":{"urlFilter":"||khitinhyeudulon.com"},"id":403,"priority":10},
{"action":{"type":"block"},"condition":{"urlFilter":"||kinesiotapelife.com"},"id":404,"priority":10},
{"action":{"type":"block"},"condition":{"urlFilter":"||kirawhite.com"},"id":405,"priority":10},
{"action":{"type":"block"},"condition":{"urlFilter":"||klmemorialschools.com"},"id":406,"priority":10},
{"action":{"type":"block"},"condition":{"urlFilter":"||kmoilane.com"},"id":407,"priority":10},
{"action":{"type":"block"},"condition":{"urlFilter":"||kuka999.com"},"id":408,"priority":10},
{"action":{"type":"block"},"condition":{"urlFilter":"||kwsells.com"},"id":409,"priority":10},
{"action":{"type":"block"},"condition":{"urlFilter":"||l21ad.com"},"id":410,"priority":10},
{"action":{"type":"block"},"condition":{"urlFilter":"||labugy.com"},"id":411,"priority":10},
{"action":{"type":"block"},"condition":{"urlFilter":"||laddercaptial.com"},"id":412,"priority":10},
{"action":{"type":"block"},"condition":{"urlFilter":"||lakeoffer.com"},"id":413,"priority":10},
{"action":{"type":"block"},"condition":{"urlFilter":"||lanansi.com"},"id":414,"priority":10},
{"action":{"type":"block"},"condition":{"urlFilter":"||laravel-code.com"},"id":415,"priority":10},
{"action":{"type":"block"},"condition":{"urlFilter":"||lazzytech.com"},"id":416,"priority":10},
{"action":{"type":"block"},"condition":{"urlFilter":"||le42a66a.justinstalledpanel.com"},"id":417,"priority":10},
{"action":{"type":"block"},"condition":{"urlFilter":"||legalbrightjoint.com"},"id":418,"priority":10},
{"action":{"type":"block"},"condition":{"urlFilter":"||lelepenyet.com"},"id":419,"priority":10},
{"action":{"type":"block"},"condition":{"urlFilter":"||leslignesdufjord.com"},"id":420,"priority":10},
{"action":{"type":"block"},"condition":{"urlFilter":"||lifechangingthoughts.com"},"id":421,"priority":10},
{"action":{"type":"block"},"condition":{"urlFilter":"||lilufan.com"},"id":422,"priority":10},
{"action":{"type":"block"},"condition":{"urlFilter":"||littlehappybliss.com"},"id":423,"priority":10},
{"action":{"type":"block"},"condition":{"urlFilter":"||littlistings.com"},"id":424,"priority":10},
{"action":{"type":"block"},"condition":{"urlFilter":"||liveyourbestlifetwice.com"},"id":425,"priority":10},
{"action":{"type":"block"},"condition":{"urlFilter":"||lojaeois.com"},"id":426,"priority":10},
{"action":{"type":"block"},"condition":{"urlFilter":"||losangelescriminalattorneys.com"},"id":427,"priority":10},
{"action":{"type":"block"},"condition":{"urlFilter":"||losangelesfamilylawlawyer.com"},"id":428,"priority":10},
{"action":{"type":"block"},"condition":{"urlFilter":"||losangelesfamilylawlawyers.com"},"id":429,"priority":10},
{"action":{"type":"block"},"condition":{"urlFilter":"||lux-sothebysrealty.com"},"id":430,"priority":10},
{"action":{"type":"block"},"condition":{"urlFilter":"||luxsothebysrealty.com"},"id":431,"priority":10},
{"action":{"type":"block"},"condition":{"urlFilter":"||luxuriyahotels.com"},"id":432,"priority":10},
{"action":{"type":"block"},"condition":{"urlFilter":"||lxtsir.com"},"id":433,"priority":10},
{"action":{"type":"block"},"condition":{"urlFilter":"||madsandyoe.com"},"id":434,"priority":10},
{"action":{"type":"block"},"condition":{"urlFilter":"||magecmoon.com"},"id":435,"priority":10},
{"action":{"type":"block"},"condition":{"urlFilter":"||mail.7primos.com"},"id":436,"priority":10},
{"action":{"type":"block"},"condition":{"urlFilter":"||mail.foxandmusic.com"},"id":437,"priority":10},
{"action":{"type":"block"},"condition":{"urlFilter":"||marakitones.com"},"id":438,"priority":10},
{"action":{"type":"block"},"condition":{"urlFilter":"||mdobbins.com"},"id":439,"priority":10},
{"action":{"type":"block"},"condition":{"urlFilter":"||meanderingmonarch.com"},"id":440,"priority":10},
{"action":{"type":"block"},"condition":{"urlFilter":"||medbharat.com"},"id":441,"priority":10},
{"action":{"type":"block"},"condition":{"urlFilter":"||medellinproperties.com"},"id":442,"priority":10},
{"action":{"type":"block"},"condition":{"urlFilter":"||medlabgov.com"},"id":443,"priority":10},
{"action":{"type":"block"},"condition":{"urlFilter":"||mekaniker.com"},"id":444,"priority":10},
{"action":{"type":"block"},"condition":{"urlFilter":"||miagegedeng.com"},"id":445,"priority":10},
{"action":{"type":"block"},"condition":{"urlFilter":"||michaelkusuma.com"},"id":446,"priority":10},
{"action":{"type":"block"},"condition":{"urlFilter":"||mihird.com"},"id":447,"priority":10},
{"action":{"type":"block"},"condition":{"urlFilter":"||milano2london.com"},"id":448,"priority":10},
{"action":{"type":"block"},"condition":{"urlFilter":"||mindgarageclasses.com"},"id":449,"priority":10},
{"action":{"type":"block"},"condition":{"urlFilter":"||minguapp.com"},"id":450,"priority":10},
{"action":{"type":"block"},"condition":{"urlFilter":"||mm88ibc.com"},"id":451,"priority":10},
{"action":{"type":"block"},"condition":{"urlFilter":"||moonstalks.com"},"id":452,"priority":10},
{"action":{"type":"block"},"condition":{"urlFilter":"||motorotam.com"},"id":453,"priority":10},
{"action":{"type":"block"},"condition":{"urlFilter":"||mts35.eprohost.cloud"},"id":454,"priority":10},
{"action":{"type":"block"},"condition":{"urlFilter":"||muindetuva.com"},"id":455,"priority":10},
{"action":{"type":"block"},"condition":{"urlFilter":"||murciajenjorienta.com"},"id":456,"priority":10},
{"action":{"type":"block"},"condition":{"urlFilter":"||musclomania.com"},"id":457,"priority":10},
{"action":{"type":"block"},"condition":{"urlFilter":"||mventa.com"},"id":458,"priority":10},
{"action":{"type":"block"},"condition":{"urlFilter":"||mx.7primos.com"},"id":459,"priority":10},
{"action":{"type":"block"},"condition":{"urlFilter":"||mx0.meanderingmonarch.com"},"id":460,"priority":10},
{"action":{"type":"block"},"condition":{"urlFilter":"||mybigbullfrog.com"},"id":461,"priority":10},
{"action":{"type":"block"},"condition":{"urlFilter":"||mybulkads.com"},"id":462,"priority":10},
{"action":{"type":"block"},"condition":{"urlFilter":"||mydateco.com"},"id":463,"priority":10},
{"action":{"type":"block"},"condition":{"urlFilter":"||myndset88.com"},"id":464,"priority":10},
{"action":{"type":"block"},"condition":{"urlFilter":"||mypilateswoodlands.com"},"id":465,"priority":10},
{"action":{"type":"block"},"condition":{"urlFilter":"||mywritingteacher.com"},"id":466,"priority":10},
{"action":{"type":"block"},"condition":{"urlFilter":"||namthitechnology.com"},"id":467,"priority":10},
{"action":{"type":"block"},"condition":{"urlFilter":"||nantecranes.com"},"id":468,"priority":10},
{"action":{"type":"block"},"condition":{"urlFilter":"||nemobase.com"},"id":469,"priority":10},
{"action":{"type":"block"},"condition":{"urlFilter":"||newsyep.com"},"id":470,"priority":10},
{"action":{"type":"block"},"condition":{"urlFilter":"||nijibooks.com"},"id":471,"priority":10},
{"action":{"type":"block"},"condition":{"urlFilter":"||nikikuzi.com"},"id":472,"priority":10},
{"action":{"type":"block"},"condition":{"urlFilter":"||nothatsme.com"},"id":473,"priority":10},
{"action":{"type":"block"},"condition":{"urlFilter":"||ns2.ttom.xyz"},"id":474,"priority":10},
{"action":{"type":"block"},"condition":{"urlFilter":"||numberli.com"},"id":475,"priority":10},
{"action":{"type":"block"},"condition":{"urlFilter":"||nutratainment.com"},"id":476,"priority":10},
{"action":{"type":"block"},"condition":{"urlFilter":"||observant-trader.com"},"id":477,"priority":10},
{"action":{"type":"block"},"condition":{"urlFilter":"||offthatsauce.com"},"id":478,"priority":10},
{"action":{"type":"block"},"condition":{"urlFilter":"||ogg.gold-meat.ru"},"id":479,"priority":10},
{"action":{"type":"block"},"condition":{"urlFilter":"||ohmcodes.com"},"id":480,"priority":10},
{"action":{"type":"block"},"condition":{"urlFilter":"||ok12ground.com"},"id":481,"priority":10},
{"action":{"type":"block"},"condition":{"urlFilter":"||olasphotography.com"},"id":482,"priority":10},
{"action":{"type":"block"},"condition":{"urlFilter":"||olegus8.com"},"id":483,"priority":10},
{"action":{"type":"block"},"condition":{"urlFilter":"||openvnu.com"},"id":484,"priority":10},
{"action":{"type":"block"},"condition":{"urlFilter":"||optimumloftdesign.com"},"id":485,"priority":10},
{"action":{"type":"block"},"condition":{"urlFilter":"||orderdeliveryprocess.com"},"id":486,"priority":10},
{"action":{"type":"block"},"condition":{"urlFilter":"||orthopedicspecialistslouisiana.com"},"id":487,"priority":10},
{"action":{"type":"block"},"condition":{"urlFilter":"||osinoco.com"},"id":488,"priority":10},
{"action":{"type":"block"},"condition":{"urlFilter":"||ouitogroup.com"},"id":489,"priority":10},
{"action":{"type":"block"},"condition":{"urlFilter":"||overstayjaffa.com"},"id":490,"priority":10},
{"action":{"type":"block"},"condition":{"urlFilter":"||oybcomics.com"},"id":491,"priority":10},
{"action":{"type":"block"},"condition":{"urlFilter":"||paisleycecil.com"},"id":492,"priority":10},
{"action":{"type":"block"},"condition":{"urlFilter":"||peace2home.com"},"id":493,"priority":10},
{"action":{"type":"block"},"condition":{"urlFilter":"||peshanga.com"},"id":494,"priority":10},
{"action":{"type":"block"},"condition":{"urlFilter":"||philipparmingeon.com"},"id":495,"priority":10},
{"action":{"type":"block"},"condition":{"urlFilter":"||philiprudy.com"},"id":496,"priority":10},
{"action":{"type":"block"},"condition":{"urlFilter":"||philosophicalengineer.com"},"id":497,"priority":10},
{"action":{"type":"block"},"condition":{"urlFilter":"||piptrip.com"},"id":498,"priority":10},
{"action":{"type":"block"},"condition":{"urlFilter":"||pixnot.com"},"id":499,"priority":10},
{"action":{"type":"block"},"condition":{"urlFilter":"||pixyvend.com"},"id":500,"priority":10},
{"action":{"type":"block"},"condition":{"urlFilter":"||plavins.com"},"id":501,"priority":10},
{"action":{"type":"block"},"condition":{"urlFilter":"||playamethyst.com"},"id":502,"priority":10},
{"action":{"type":"block"},"condition":{"urlFilter":"||pma.dev.prowallet.com"},"id":503,"priority":10},
{"action":{"type":"block"},"condition":{"urlFilter":"||podqueen.com"},"id":504,"priority":10},
{"action":{"type":"block"},"condition":{"urlFilter":"||polyglotcoding.com"},"id":505,"priority":10},
{"action":{"type":"block"},"condition":{"urlFilter":"||pop.prowallet.com"},"id":506,"priority":10},
{"action":{"type":"block"},"condition":{"urlFilter":"||prayerbeadstore.com"},"id":507,"priority":10},
{"action":{"type":"block"},"condition":{"urlFilter":"||prayerbeadsworld.com"},"id":508,"priority":10},
{"action":{"type":"block"},"condition":{"urlFilter":"||proceduresystems.com"},"id":509,"priority":10},
{"action":{"type":"block"},"condition":{"urlFilter":"||proflyr.com"},"id":510,"priority":10},
{"action":{"type":"block"},"condition":{"urlFilter":"||promocodepa.com"},"id":511,"priority":10},
{"action":{"type":"block"},"condition":{"urlFilter":"||prosus-zoom.com"},"id":512,"priority":10},
{"action":{"type":"block"},"condition":{"urlFilter":"||prowallet.com"},"id":513,"priority":10},
{"action":{"type":"block"},"condition":{"urlFilter":"||purekushconsulting.com"},"id":514,"priority":10},
{"action":{"type":"block"},"condition":{"urlFilter":"||qirinedu.com"},"id":515,"priority":10},
{"action":{"type":"block"},"condition":{"urlFilter":"||qlifemedicals.com"},"id":516,"priority":10},
{"action":{"type":"block"},"condition":{"urlFilter":"||queuelyte.com"},"id":517,"priority":10},
{"action":{"type":"block"},"condition":{"urlFilter":"||quicktypecode.com"},"id":518,"priority":10},
{"action":{"type":"block"},"condition":{"urlFilter":"||quizas-slachtoffers.fun"},"id":519,"priority":10},
{"action":{"type":"block"},"condition":{"urlFilter":"||quoteous.com"},"id":520,"priority":10},
{"action":{"type":"block"},"condition":{"urlFilter":"||radicalizeapp.com"},"id":521,"priority":10},
{"action":{"type":"block"},"condition":{"urlFilter":"||rafills.com"},"id":522,"priority":10},
{"action":{"type":"block"},"condition":{"urlFilter":"||ranchodemanolo.com"},"id":523,"priority":10},
{"action":{"type":"block"},"condition":{"urlFilter":"||rapidtrainsit.com"},"id":524,"priority":10},
{"action":{"type":"block"},"condition":{"urlFilter":"||reachood.com"},"id":525,"priority":10},
{"action":{"type":"block"},"condition":{"urlFilter":"||realityprotocol.com"},"id":526,"priority":10},
{"action":{"type":"block"},"condition":{"urlFilter":"||realmanz.com"},"id":527,"priority":10},
{"action":{"type":"block"},"condition":{"urlFilter":"||redlandhosting.com"},"id":528,"priority":10},
{"action":{"type":"block"},"condition":{"urlFilter":"||redmatch-dev.com"},"id":529,"priority":10},
{"action":{"type":"block"},"condition":{"urlFilter":"||redrose-samp.info"},"id":530,"priority":10},
{"action":{"type":"block"},"condition":{"urlFilter":"||regalxervice.com"},"id":531,"priority":10},
{"action":{"type":"block"},"condition":{"urlFilter":"||reinhard-winter.info"},"id":532,"priority":10},
{"action":{"type":"block"},"condition":{"urlFilter":"||rentabilizarte.com"},"id":533,"priority":10},
{"action":{"type":"block"},"condition":{"urlFilter":"||rentaphantom.info"},"id":534,"priority":10},
{"action":{"type":"block"},"condition":{"urlFilter":"||reponses.com"},"id":535,"priority":10},
{"action":{"type":"block"},"condition":{"urlFilter":"||restrainingorderlawyers.com"},"id":536,"priority":10},
{"action":{"type":"block"},"condition":{"urlFilter":"||reuseu.com"},"id":537,"priority":10},
{"action":{"type":"block"},"condition":{"urlFilter":"||rimpub.com"},"id":538,"priority":10},
{"action":{"type":"block"},"condition":{"urlFilter":"||rishigoutam.com"},"id":539,"priority":10},
{"action":{"type":"block"},"condition":{"urlFilter":"||riyanfashion.com"},"id":540,"priority":10},
{"action":{"type":"block"},"condition":{"urlFilter":"||rootboundmarketing.com"},"id":541,"priority":10},
{"action":{"type":"block"},"condition":{"urlFilter":"||runaroundthailand.com"},"id":542,"priority":10},
{"action":{"type":"block"},"condition":{"urlFilter":"||sabiomail.com"},"id":543,"priority":10},
{"action":{"type":"block"},"condition":{"urlFilter":"||saibamaisconteudo.com"},"id":544,"priority":10},
{"action":{"type":"block"},"condition":{"urlFilter":"||saiindustriesorg.com"},"id":545,"priority":10},
{"action":{"type":"block"},"condition":{"urlFilter":"||saleega.com"},"id":546,"priority":10},
{"action":{"type":"block"},"condition":{"urlFilter":"||salessugarlane.com"},"id":547,"priority":10},
{"action":{"type":"block"},"condition":{"urlFilter":"||sammeyerson.com"},"id":548,"priority":10},
{"action":{"type":"block"},"condition":{"urlFilter":"||samsautomation.com"},"id":549,"priority":10},
{"action":{"type":"block"},"condition":{"urlFilter":"||sanatoriohnopedro.com"},"id":550,"priority":10},
{"action":{"type":"block"},"condition":{"urlFilter":"||sareelo.com"},"id":551,"priority":10},
{"action":{"type":"block"},"condition":{"urlFilter":"||sb.gold-meat.ru"},"id":552,"priority":10},
{"action":{"type":"block"},"condition":{"urlFilter":"||scalawagsalon.com"},"id":553,"priority":10},
{"action":{"type":"block"},"condition":{"urlFilter":"||scottgmorton.com"},"id":554,"priority":10},
{"action":{"type":"block"},"condition":{"urlFilter":"||seekingthephilippines.com"},"id":555,"priority":10},
{"action":{"type":"block"},"condition":{"urlFilter":"||selunar.com"},"id":556,"priority":10},
{"action":{"type":"block"},"condition":{"urlFilter":"||seriosec.com"},"id":557,"priority":10},
{"action":{"type":"block"},"condition":{"urlFilter":"||seriosgames.com"},"id":558,"priority":10},
{"action":{"type":"block"},"condition":{"urlFilter":"||serpfect.com"},"id":559,"priority":10},
{"action":{"type":"block"},"condition":{"urlFilter":"||server.7primos.com"},"id":560,"priority":10},
{"action":{"type":"block"},"condition":{"urlFilter":"||servewish.com"},"id":561,"priority":10},
{"action":{"type":"block"},"condition":{"urlFilter":"||shambaboys.com"},"id":562,"priority":10},
{"action":{"type":"block"},"condition":{"urlFilter":"||sharky24.com"},"id":563,"priority":10},
{"action":{"type":"block"},"condition":{"urlFilter":"||shiftotter.com"},"id":564,"priority":10},
{"action":{"type":"block"},"condition":{"urlFilter":"||shop-tm.com"},"id":565,"priority":10},
{"action":{"type":"block"},"condition":{"urlFilter":"||shopinthedoor.com"},"id":566,"priority":10},
{"action":{"type":"block"},"condition":{"urlFilter":"||shortbiolink.com"},"id":567,"priority":10},
{"action":{"type":"block"},"condition":{"urlFilter":"||showthemreal.com"},"id":568,"priority":10},
{"action":{"type":"block"},"condition":{"urlFilter":"||siteswave.com"},"id":569,"priority":10},
{"action":{"type":"block"},"condition":{"urlFilter":"||slip-o-matic.com"},"id":570,"priority":10},
{"action":{"type":"block"},"condition":{"urlFilter":"||southpawflow.com"},"id":571,"priority":10},
{"action":{"type":"block"},"condition":{"urlFilter":"||storedelrisparmio.com"},"id":572,"priority":10},
{"action":{"type":"block"},"condition":{"urlFilter":"||storygine.com"},"id":573,"priority":10},
{"action":{"type":"block"},"condition":{"urlFilter":"||subtitle5.com"},"id":574,"priority":10},
{"action":{"type":"block"},"condition":{"urlFilter":"||sunsportpl.com"},"id":575,"priority":10},
{"action":{"type":"block"},"condition":{"urlFilter":"||suq-ye.com"},"id":576,"priority":10},
{"action":{"type":"block"},"condition":{"urlFilter":"||survivedthebear.com"},"id":577,"priority":10},
{"action":{"type":"block"},"condition":{"urlFilter":"||syllabirepository.com"},"id":578,"priority":10},
{"action":{"type":"block"},"condition":{"urlFilter":"||sypaze.com"},"id":579,"priority":10},
{"action":{"type":"block"},"condition":{"urlFilter":"||ta-mill.com"},"id":580,"priority":10},
{"action":{"type":"block"},"condition":{"urlFilter":"||ta-millwork.com"},"id":581,"priority":10},
{"action":{"type":"block"},"condition":{"urlFilter":"||talkortryforfun.com"},"id":582,"priority":10},
{"action":{"type":"block"},"condition":{"urlFilter":"||taqrebcenter.com"},"id":583,"priority":10},
{"action":{"type":"block"},"condition":{"urlFilter":"||tastesurta.com"},"id":584,"priority":10},
{"action":{"type":"block"},"condition":{"urlFilter":"||tau-enterprise.com"},"id":585,"priority":10},
{"action":{"type":"block"},"condition":{"urlFilter":"||tawgaming.com"},"id":586,"priority":10},
{"action":{"type":"block"},"condition":{"urlFilter":"||techcaffi.com"},"id":587,"priority":10},
{"action":{"type":"block"},"condition":{"urlFilter":"||techtokbuy.com"},"id":588,"priority":10},
{"action":{"type":"block"},"condition":{"urlFilter":"||tele-entrega.com"},"id":589,"priority":10},
{"action":{"type":"block"},"condition":{"urlFilter":"||test.goldsrc.ru"},"id":590,"priority":10},
{"action":{"type":"block"},"condition":{"urlFilter":"||testesistema.com"},"id":591,"priority":10},
{"action":{"type":"block"},"condition":{"urlFilter":"||testtraf.com"},"id":592,"priority":10},
{"action":{"type":"block"},"condition":{"urlFilter":"||theasianhomes.com"},"id":593,"priority":10},
{"action":{"type":"block"},"condition":{"urlFilter":"||thelittlestastronautbook.com"},"id":594,"priority":10},
{"action":{"type":"block"},"condition":{"urlFilter":"||themailupdate.com"},"id":595,"priority":10},
{"action":{"type":"block"},"condition":{"urlFilter":"||themightypuck.com"},"id":596,"priority":10},
{"action":{"type":"block"},"condition":{"urlFilter":"||themyngl.com"},"id":597,"priority":10},
{"action":{"type":"block"},"condition":{"urlFilter":"||thestringbook.com"},"id":598,"priority":10},
{"action":{"type":"block"},"condition":{"urlFilter":"||thesuperchargerguide.com"},"id":599,"priority":10},
{"action":{"type":"block"},"condition":{"urlFilter":"||theunsorted.com"},"id":600,"priority":10},
{"action":{"type":"block"},"condition":{"urlFilter":"||theviralpunjab.com"},"id":601,"priority":10},
{"action":{"type":"block"},"condition":{"urlFilter":"||thirstysocial.com"},"id":602,"priority":10},
{"action":{"type":"block"},"condition":{"urlFilter":"||thirtysevenpixel.com"},"id":603,"priority":10},
{"action":{"type":"block"},"condition":{"urlFilter":"||tiaa-us.com"},"id":604,"priority":10},
{"action":{"type":"block"},"condition":{"urlFilter":"||tiffanietru.com"},"id":605,"priority":10},
{"action":{"type":"block"},"condition":{"urlFilter":"||timiteadama.com"},"id":606,"priority":10},
{"action":{"type":"block"},"condition":{"urlFilter":"||tipex-express.com"},"id":607,"priority":10},
{"action":{"type":"block"},"condition":{"urlFilter":"||tofalado.com"},"id":608,"priority":10},
{"action":{"type":"block"},"condition":{"urlFilter":"||toplifestyleusa.com"},"id":609,"priority":10},
{"action":{"type":"block"},"condition":{"urlFilter":"||torymance.com"},"id":610,"priority":10},
{"action":{"type":"block"},"condition":{"urlFilter":"||trademarkwebapihost.com"},"id":611,"priority":10},
{"action":{"type":"block"},"condition":{"urlFilter":"||transformdoc.com"},"id":612,"priority":10},
{"action":{"type":"block"},"condition":{"urlFilter":"||travelwithpreeti.com"},"id":613,"priority":10},
{"action":{"type":"block"},"condition":{"urlFilter":"||trendyfoodllc.com"},"id":614,"priority":10},
{"action":{"type":"block"},"condition":{"urlFilter":"||trialbyfiredistro.com"},"id":615,"priority":10},
{"action":{"type":"block"},"condition":{"urlFilter":"||trucking-hub.com"},"id":616,"priority":10},
{"action":{"type":"block"},"condition":{"urlFilter":"||true-resilience.com"},"id":617,"priority":10},
{"action":{"type":"block"},"condition":{"urlFilter":"||tryenom.com"},"id":618,"priority":10},
{"action":{"type":"block"},"condition":{"urlFilter":"||trymiraclemade.com"},"id":619,"priority":10},
{"action":{"type":"block"},"condition":{"urlFilter":"||tsl-x-project.com"},"id":620,"priority":10},
{"action":{"type":"block"},"condition":{"urlFilter":"||tvinternetbestdeals.com"},"id":621,"priority":10},
{"action":{"type":"block"},"condition":{"urlFilter":"||uppook.com"},"id":622,"priority":10},
{"action":{"type":"block"},"condition":{"urlFilter":"||urprovidersapi.com"},"id":623,"priority":10},
{"action":{"type":"block"},"condition":{"urlFilter":"||usrmm.com"},"id":624,"priority":10},
{"action":{"type":"block"},"condition":{"urlFilter":"||v5.sammeyerson.com"},"id":625,"priority":10},
{"action":{"type":"block"},"condition":{"urlFilter":"||v7.sammeyerson.com"},"id":626,"priority":10},
{"action":{"type":"block"},"condition":{"urlFilter":"||valorantfantasy.com"},"id":627,"priority":10},
{"action":{"type":"block"},"condition":{"urlFilter":"||vamisola.com"},"id":628,"priority":10},
{"action":{"type":"block"},"condition":{"urlFilter":"||vapa.info"},"id":629,"priority":10},
{"action":{"type":"block"},"condition":{"urlFilter":"||verbal.com"},"id":630,"priority":10},
{"action":{"type":"block"},"condition":{"urlFilter":"||vicartz.com"},"id":631,"priority":10},
{"action":{"type":"block"},"condition":{"urlFilter":"||vintagewealthadvisor.com"},"id":632,"priority":10},
{"action":{"type":"block"},"condition":{"urlFilter":"||vishaldigha.com"},"id":633,"priority":10},
{"action":{"type":"block"},"condition":{"urlFilter":"||vittorehome.com"},"id":634,"priority":10},
{"action":{"type":"block"},"condition":{"urlFilter":"||vittoremobilya.com"},"id":635,"priority":10},
{"action":{"type":"block"},"condition":{"urlFilter":"||vmrentagreement.com"},"id":636,"priority":10},
{"action":{"type":"block"},"condition":{"urlFilter":"||vpn.7primos.com"},"id":637,"priority":10},
{"action":{"type":"block"},"condition":{"urlFilter":"||vps.7primos.com"},"id":638,"priority":10},
{"action":{"type":"block"},"condition":{"urlFilter":"||wandip.com"},"id":639,"priority":10},
{"action":{"type":"block"},"condition":{"urlFilter":"||watirna.com"},"id":640,"priority":10},
{"action":{"type":"block"},"condition":{"urlFilter":"||webairindia.com"},"id":641,"priority":10},
{"action":{"type":"block"},"condition":{"urlFilter":"||webcreative.cc"},"id":642,"priority":10},
{"action":{"type":"block"},"condition":{"urlFilter":"||webmail.meanderingmonarch.com"},"id":643,"priority":10},
{"action":{"type":"block"},"condition":{"urlFilter":"||westnileyouthcenter.info"},"id":644,"priority":10},
{"action":{"type":"block"},"condition":{"urlFilter":"||wetterkroatien.info"},"id":645,"priority":10},
{"action":{"type":"block"},"condition":{"urlFilter":"||whohascalled.com"},"id":646,"priority":10},
{"action":{"type":"block"},"condition":{"urlFilter":"||winswipe.com"},"id":647,"priority":10},
{"action":{"type":"block"},"condition":{"urlFilter":"||wisefacts.info"},"id":648,"priority":10},
{"action":{"type":"block"},"condition":{"urlFilter":"||wluvu.com"},"id":649,"priority":10},
{"action":{"type":"block"},"condition":{"urlFilter":"||wokebit.com"},"id":650,"priority":10},
{"action":{"type":"block"},"condition":{"urlFilter":"||wolfandthefox.com"},"id":651,"priority":10},
{"action":{"type":"block"},"condition":{"urlFilter":"||wolhyang.com"},"id":652,"priority":10},
{"action":{"type":"block"},"condition":{"urlFilter":"||womankind.info"},"id":653,"priority":10},
{"action":{"type":"block"},"condition":{"urlFilter":"||wpagoravideo.com"},"id":654,"priority":10},
{"action":{"type":"block"},"condition":{"urlFilter":"||ww-absher.com"},"id":655,"priority":10},
{"action":{"type":"block"},"condition":{"urlFilter":"||xantrexapp.com"},"id":656,"priority":10},
{"action":{"type":"block"},"condition":{"urlFilter":"||xrgreenland.com"},"id":657,"priority":10},
{"action":{"type":"block"},"condition":{"urlFilter":"||yoginikaliji.com"},"id":658,"priority":10},
{"action":{"type":"block"},"condition":{"urlFilter":"||youinu.com"},"id":659,"priority":10},
{"action":{"type":"block"},"condition":{"urlFilter":"||yugenzone.com"},"id":660,"priority":10},
{"action":{"type":"block"},"condition":{"urlFilter":"||yuvaresult.com"},"id":661,"priority":10},
{"action":{"type":"block"},"condition":{"urlFilter":"||yzxchange.com"},"id":662,"priority":10},
{"action":{"type":"block"},"condition":{"urlFilter":"||zackmusgrave.com"},"id":663,"priority":10},
{"action":{"type":"block"},"condition":{"urlFilter":"||zendarr.com"},"id":664,"priority":10},
{"action":{"type":"block"},"condition":{"urlFilter":"||zithex.com"},"id":665,"priority":10},
{"action":{"type":"block"},"condition":{"urlFilter":"||zithextoken.com"},"id":666,"priority":10},
{"action":{"type":"block"},"condition":{"urlFilter":"||zookymatt.com"},"id":667,"priority":10},
{"action":{"type":"block"},"condition":{"urlFilter":"||nung-sub.com/images/banners/"},"id":668,"priority":10},
{"action":{"type":"block"},"condition":{"urlFilter":"||baner.msa-video.com"},"id":669,"priority":10},
{"action":{"type":"block"},"condition":{"urlFilter":"||nungde.com/wp-content/uploads/*/*.gif"},"id":670,"priority":10},
{"action":{"type":"block"},"condition":{"urlFilter":"||marketingoops.com/*/itro-popup/"},"id":671,"priority":10},
{"action":{"type":"block"},"condition":{"urlFilter":"||marketingoops.com/popup-ad*"},"id":672,"priority":10},
{"action":{"type":"block"},"condition":{"urlFilter":"||marketingoops.com/truehitsstat.php?"},"id":673,"priority":10},
{"action":{"type":"block"},"condition":{"urlFilter":"||thaiidol.com/*/popup-by-supsystic/"},"id":674,"priority":10},
{"action":{"type":"block"},"condition":{"urlFilter":"||thailandbestbeauty.com/*colorbox"},"id":675,"priority":10},
{"action":{"type":"block"},"condition":{"urlFilter":"||webtoons.com/js/lib/*_logger*"},"id":676,"priority":10},
{"action":{"type":"block"},"condition":{"urlFilter":"||webtoons.com/js/lib/dfp_helper*"},"id":677,"priority":10},
{"action":{"type":"block"},"condition":{"urlFilter":"||webtoons.com/js/lib/gak*"},"id":678,"priority":10},
{"action":{"type":"block"},"condition":{"urlFilter":"||35.193.89.147"},"id":679,"priority":10},
{"action":{"type":"block"},"condition":{"urlFilter":"||ads.bumq.com"},"id":680,"priority":10},
{"action":{"type":"block"},"condition":{"urlFilter":"||cdn.popcash.net"},"id":681,"priority":10},
{"action":{"type":"block"},"condition":{"urlFilter":"||cdn.popmyads.com"},"id":682,"priority":10},
{"action":{"type":"block"},"condition":{"urlFilter":"||code.nytive.com"},"id":683,"priority":10},
{"action":{"type":"block"},"condition":{"urlFilter":"||code.yengo.com"},"id":684,"priority":10},
{"action":{"type":"block"},"condition":{"urlFilter":"||comenu.ais.co.th"},"id":685,"priority":10},
{"action":{"type":"block"},"condition":{"urlFilter":"||digital.ais.co.th/file/common/js/sub-store.js"},"id":686,"priority":10},
{"action":{"type":"block"},"condition":{"urlFilter":"||mds.nipa.co.th"},"id":687,"priority":10},
{"action":{"type":"block"},"condition":{"urlFilter":"||metrics.brightcove.com"},"id":688,"priority":10},
{"action":{"type":"block"},"condition":{"urlFilter":"||netdna-ssl.com/*/advanced-ads/"},"id":689,"priority":10},
{"action":{"type":"block"},"condition":{"urlFilter":"||netdna-ssl.com/*/easy-social-share-buttons3/"},"id":690,"priority":10},
{"action":{"type":"block"},"condition":{"urlFilter":"||saxp.zedo.com"},"id":691,"priority":10},
{"action":{"type":"block"},"condition":{"urlFilter":"||sistacafe.com/scripts/nytive"},"id":692,"priority":10},
{"action":{"type":"block"},"condition":{"urlFilter":"||sistacafe.com/scripts/truehits"},"id":693,"priority":10},
{"action":{"type":"block"},"condition":{"urlFilter":"||sistacafe.com/scripts/yengo"},"id":694,"priority":10},
{"action":{"type":"block"},"condition":{"urlFilter":"||srf.ais.co.th"},"id":695,"priority":10},
{"action":{"type":"block"},"condition":{"urlFilter":"||thaiza.com/nodo.html"},"id":696,"priority":10},
{"action":{"type":"block"},"condition":{"urlFilter":"||viu.com/ott/*/tracking/"},"id":697,"priority":10},
{"action":{"type":"block"},"condition":{"urlFilter":"||wp.com/media.go2*.*/"},"id":698,"priority":10},
{"action":{"type":"block"},"condition":{"urlFilter":"||ws-adv.ais.co.th"},"id":699,"priority":10},
{"action":{"type":"block"},"condition":{"urlFilter":"||soccersuck.com/img/banner"},"id":700,"priority":10},
{"action":{"type":"block"},"condition":{"urlFilter":"||notebookspec.com/*/nbs-ilightbox/"},"id":701,"priority":10},
{"action":{"type":"block"},"condition":{"urlFilter":"||notebookspec.com/*/nbs_custom_ads_skin.php"},"id":702,"priority":10},
{"action":{"type":"block"},"condition":{"urlFilter":"||notebookspec.com/tracker^"},"id":703,"priority":10},
{"action":{"type":"block"},"condition":{"urlFilter":"||oopsmobile.net/*/arscode-ninja-popups/"},"id":704,"priority":10},
{"action":{"type":"block"},"condition":{"urlFilter":"||specphone.com/*/nbs-ilightbox/"},"id":705,"priority":10},
{"action":{"type":"block"},"condition":{"urlFilter":"||techmoblog.com/*colorbox"},"id":706,"priority":10},
{"action":{"type":"block"},"condition":{"urlFilter":"||techxcite.com/ads/revive/"},"id":707,"priority":10},
{"action":{"type":"block"},"condition":{"urlFilter":"||techxcite.com/stats.php?"},"id":708,"priority":10},
{"action":{"type":"block"},"condition":{"urlFilter":"||techxcite.com/truehitsstat.php?"},"id":709,"priority":10},
{"action":{"type":"block"},"condition":{"urlFilter":"||thaimobilecenter.com/colorbox^"},"id":710,"priority":10},
{"action":{"type":"block"},"condition":{"urlFilter":"||thetechr.com/*/jinda-facebook-lightbox/"},"id":711,"priority":10},
{"action":{"type":"block"},"condition":{"requestDomains":["109.248.59.27","195.133.60.89","46.8.158.101","46.8.158.80","46.8.158.94"]},"id":712,"priority":10},
{"action":{"type":"block"},"condition":{"resourceTypes":["stylesheet"],"urlFilter":"||online-station.net/*/css/preload_ads"},"id":713,"priority":10},
{"action":{"type":"block"},"condition":{"resourceTypes":["stylesheet"],"urlFilter":"||online-station.net/assets/css/ads"},"id":714,"priority":10},
{"action":{"type":"block"},"condition":{"resourceTypes":["image"],"urlFilter":"||xn--72ca2bsl7gxbd4m7c.com/wp-content/uploads/2020/04/closed.png"},"id":715,"priority":10},
{"action":{"type":"block"},"condition":{"resourceTypes":["image"],"urlFilter":"||www.am4th.com/wp-content/uploads/2016/"},"id":716,"priority":10},
{"action":{"type":"block"},"condition":{"resourceTypes":["image"],"urlFilter":"||www.am4th.com/wp-content/uploads/2017/"},"id":717,"priority":10},
{"action":{"type":"block"},"condition":{"resourceTypes":["image"],"urlFilter":"||www.am4th.com/wp-content/uploads/2017/*/*.gif"},"id":718,"priority":10},
{"action":{"type":"block"},"condition":{"resourceTypes":["image"],"urlFilter":"||www.anime-sugoi.com/css/ontop.png"},"id":719,"priority":10},
{"action":{"type":"block"},"condition":{"initiatorDomains":["ranker-manga.com"],"resourceTypes":["image"],"urlFilter":"||image.cdend.com^"},"id":720,"priority":10},
{"action":{"type":"block"},"condition":{"resourceTypes":["image"],"urlFilter":"||www.movie2free.com/wp-content/themes/next/images/"},"id":721,"priority":10},
{"action":{"type":"block"},"condition":{"resourceTypes":["image"],"urlFilter":"||yed365days.com/wp-content/"},"id":722,"priority":10},
{"action":{"type":"block"},"condition":{"resourceTypes":["image"],"urlFilter":"||movie87hd.com/*.gif"},"id":723,"priority":10},
{"action":{"type":"block"},"condition":{"resourceTypes":["image"],"urlFilter":"||techtalkthai.com/wp-content/*banner*"},"id":724,"priority":10},
{"action":{"type":"block"},"condition":{"resourceTypes":["image"],"urlFilter":"||www.thaiboyslove.com/webboard/banner/"},"id":725,"priority":10},
{"action":{"type":"block"},"condition":{"resourceTypes":["script"],"urlFilter":"||atimemedia.com/js/jquery.supportus.js"},"id":726,"priority":10},
{"action":{"type":"block"},"condition":{"resourceTypes":["script"],"urlFilter":"||isanook.com/*/oppa.js"},"id":727,"priority":10},
{"action":{"type":"block"},"condition":{"resourceTypes":["script"],"urlFilter":"||isanook.com/*/tapad.js"},"id":728,"priority":10},
{"action":{"type":"block"},"condition":{"initiatorDomains":["shopee.co.th"],"resourceTypes":["script"],"urlFilter":"||akamaihd.net/shopee/*/*trackingrules"},"id":729,"priority":10},
{"action":{"type":"block"},"condition":{"initiatorDomains":["shopee.co.th"],"resourceTypes":["script"],"urlFilter":"||akamaihd.net/shopee/*/trackingrules"},"id":730,"priority":10},
{"action":{"type":"block"},"condition":{"resourceTypes":["script"],"urlFilter":"||online-station.net/assets/js/ads"},"id":731,"priority":10},
{"action":{"type":"block"},"condition":{"resourceTypes":["script"],"urlFilter":"||online-station.net/assets/js/facebook"},"id":732,"priority":10},
{"action":{"type":"block"},"condition":{"resourceTypes":["script"],"urlFilter":"||tigthai.com/js/popup_facebook.js"},"id":733,"priority":10},
{"action":{"type":"block"},"condition":{"resourceTypes":["script"],"urlFilter":"||sistacafe.com/assets/jquery.cookie-*.js"},"id":734,"priority":10},
{"action":{"type":"block"},"condition":{"resourceTypes":["script"],"urlFilter":"||sistacafe.com/assets/popup_notification-*.js"},"id":735,"priority":10},
{"action":{"type":"block"},"condition":{"resourceTypes":["xmlhttprequest"],"urlFilter":"||shopee.co.th/userstats_record"},"id":736,"priority":10},
{"action":{"type":"block"},"condition":{"resourceTypes":["xmlhttprequest"],"urlFilter":"||shopeemobile.com/th/tr"},"id":737,"priority":10},
{"action":{"type":"block"},"condition":{"resourceTypes":["sub_frame"],"urlFilter":"||publish.iptvz.net^"},"id":738,"priority":10},
{"action":{"type":"block"},"condition":{"resourceTypes":["sub_frame"],"urlFilter":"||techmoblog.com/tmb-advertise^"},"id":739,"priority":10},
{"action":{"type":"block"},"condition":{"domainType":"firstParty","resourceTypes":["image"],"urlFilter":"||image7.kingsmanga.net/00/00/gclub2.jpg"},"id":740,"priority":10},
{"action":{"type":"block"},"condition":{"domainType":"thirdParty","requestDomains":["movie2free.com","movies-x.com","ssnn.site","ufa191.com","ufabet678.com"]},"id":741,"priority":10},
{"action":{"type":"block"},"condition":{"domainType":"thirdParty","urlFilter":"-adnow.com"},"id":742,"priority":10},
{"action":{"type":"block"},"condition":{"domainType":"thirdParty","excludedInitiatorDomains":["tn.com.ar"],"urlFilter":"||cxense.com^"},"id":743,"priority":10},
{"action":{"type":"block"},"condition":{"domainType":"thirdParty","resourceTypes":["script"],"urlFilter":"||iwilldoforking.com/coverpage.js"},"id":744,"priority":10},
{"action":{"type":"allow"},"condition":{"urlFilter":"||gelbooru.com/ads.js?"},"id":745,"priority":30},
{"action":{"type":"block"},"condition":{"urlFilter":"||037hdmovie.com/ads^"},"id":746,"priority":10},
{"action":{"type":"block"},"condition":{"initiatorDomains":["037hdmovie.com"],"resourceTypes":["image"],"urlFilter":".gif"},"id":747,"priority":10},
{"action":{"type":"block"},"condition":{"initiatorDomains":["leoplayer7.com"],"resourceTypes":["media"],"urlFilter":"||rsc.cdn77.org/videos/ads-"},"id":748,"priority":10},
{"action":{"type":"block"},"condition":{"initiatorDomains":["leoplayer7.com"],"resourceTypes":["media"],"urlFilter":"||upfastfile.com/upload/"},"id":749,"priority":10},
{"action":{"type":"block"},"condition":{"urlFilter":"||reborntrans.com/banner/"},"id":750,"priority":10},
{"action":{"type":"block"},"condition":{"initiatorDomains":["leoplayer7.com"],"requestDomains":["cdend.com","googles.video"],"resourceTypes":["media"]},"id":751,"priority":10},
{"action":{"type":"block"},"condition":{"resourceTypes":["script"],"urlFilter":"||tonytonychopper.com/ads/"},"id":752,"priority":10}
]
