[
{"action":{"type":"block"},"condition":{"initiatorDomains":["555.porn","abjav.com","abxxx.com","aniporn.com","asiantv.fun","bdsmx.tube","bigdick.tube","blackporn.tube","gaytxxx.com","hclips.com","imzog.com","in-porn.com","inporn.com","javdaddy.com","mrgay.tube","onlyporn.tube","porn555.com","pornclassic.tube","pornforrelax.com","porngo.tube","pornhits.com","pornj.com","pornl.com","pornq.com","porntop.com","pornzog.com","privatehomeclips.com","puporn.com","see.xxx","senzuri.tube","sextu.com","shemalez.com","sss.xxx","teenorgy.video","transtxxx.com","tubepornclassic.com","tuberel.com","txxxporn.tube","vxxx.com","xjav.tube","xmilf.com"],"regexFilter":"\\.[a-z]{3,5}\\/[0-9a-z]{8,12}\\/[0-9a-z]{8,12}\\.js$","resourceTypes":["script"]},"id":1,"priority":10},
{"action":{"type":"block"},"condition":{"domainType":"thirdParty","initiatorDomains":["141jav.com","2embed.cc","andydaytv.click","aniworld.to","asiaflix.net","azmovies.ag","bembed.net","bigwarp.art","bookfrom.net","bstsrs.in","desiupload.co","djpunjab.me","drop.download","embedv.net","fslinks.org","fsportshd.net","fztvseries.ng","hianime.to","hianimez.to","hikari.gg","indi-share.com","javboys.cam","javbraze.com","javhat.tv","javhd.today","javhdz.today","javseen.tv","koshalworld.com","listeamed.net","loadedfiles.org","media.cm","moflix-stream.day","moflix-stream.fans","moviemaniak.com","nekolink.site","nekopoi.care","neymartv.net","noxx.to","omegascans.org","onejav.com","pagalfree.com","pagalnew.com","pagalworld.us","photocall.site","photocalltv.org","player4u.xyz","poapan.xyz","poophd.pm","pornhoarder.tv","pornohd.blue","rarbg.how","s.to","seriesgod.com","sexiezpix.com","songspk.com.se","srstop.link","streampoi.com","streams.lat","streamtape.to","streamup.ws","tokyomotion.net","torrentgalaxy-official.com","v6embed.xyz","vegamovvies.to","vgplayer.xyz","vid-guard.com","vidjoy.pro"],"regexFilter":"\\/[0-9a-f]{32}\\.js\\b","requestDomains":["com"],"resourceTypes":["script"]},"id":2,"priority":10},
{"action":{"type":"block"},"condition":{"domainType":"thirdParty","initiatorDomains":["animixplay.st","d0000d.com","d000d.com","d0o0d.com","do0od.com","doods.pro","dooodster.com","ds2play.com","ds2video.com","edgedeliverynetwork.com","flamecomics.xyz","ghbrisk.com","kshow123.tv","mixdrop.ps","nxbrew.net","pobreflixtv.uno","readcominonline.li","sussyscan.com","sussytoons.site","veporn.com"],"regexFilter":"^https?:\\/\\/(?:[a-z]{2}\\.)?[0-9a-z]{5,16}\\.[a-z]{3,7}\\/","resourceTypes":["script"]},"id":3,"priority":10},
{"action":{"type":"block"},"condition":{"domainType":"thirdParty","isUrlFilterCaseSensitive":true,"regexFilter":"^https?:\\/\\/[-a-z]{6,}\\.(?:com?|info|pro|xyz)\\/[a-d][-\\.\\/_A-Za-z][DHWXm][-\\.\\/_A-Za-z][59FVZ][-\\.\\/_A-Za-z][6swyz][-\\.\\/_A-Za-z][-\\/_0-9a-zA-Z][-\\.\\/_A-Za-z][-\\/_0-9a-zA-Z]{22,162}$","requestDomains":["co","com","info","pro","xyz"],"resourceTypes":["script","xmlhttprequest"]},"id":4,"priority":10},
{"action":{"type":"block"},"condition":{"initiatorDomains":["embedflix.online","koyso.com","methstreams.com","nepu.to"],"regexFilter":"\\/z-[a-z0-9]{7,10}(\\.js)?$","resourceTypes":["script"]},"id":5,"priority":10},
{"action":{"type":"block"},"condition":{"domainType":"firstParty","initiatorDomains":["imgadult.com","imgdrive.net","imgtaxi.com","imgwallet.com"],"regexFilter":"(?:com|net)\\/[0-9a-f]{12}\\.js$","resourceTypes":["script"]},"id":6,"priority":10},
{"action":{"type":"block"},"condition":{"domainType":"firstParty","initiatorDomains":["imgadult.com","imgdrive.net","imgtaxi.com","imgwallet.com"],"regexFilter":"(?:com|net)\\/[a-z-]{3,10}\\.html$","resourceTypes":["sub_frame"]},"id":7,"priority":10},
{"action":{"type":"block"},"condition":{"regexFilter":"^https:\\/\\/[a-z]{8}\\.(?:cfd|pro|xyz)\\/\\?params=aD[01][a-zA-Z0-9]{43}Z1c2VyPT[a-zA-Z0-9]{40}","requestDomains":["cfd","pro","xyz"],"resourceTypes":["main_frame","script"]},"id":8,"priority":10},
{"action":{"type":"block"},"condition":{"initiatorDomains":["chatgpt.com","openai.com","sora.com"],"regexFilter":"^https?:\\/\\/chatgpt\\.com\\/ces\\/v1\\/[a-z]$","requestMethods":["post"],"resourceTypes":["xmlhttprequest"]},"id":9,"priority":10},
{"action":{"type":"block"},"condition":{"domainType":"firstParty","initiatorDomains":["teen-hd-sex.com","tube-teen-18.com","xxx-asian-tube.com"],"regexFilter":"\\.com\\/[0-9a-z]{12,}\\/[0-9a-z]{12,}\\.js$","resourceTypes":["script"]},"id":10,"priority":10},
{"action":{"type":"allow"},"condition":{"domainType":"thirdParty","initiatorDomains":["maxstream.video","uprot.net"],"regexFilter":"^https:\\/\\/ads\\.host-cdn\\.net\\/\\w+\\.js\\?\\w+$","requestDomains":["ads.host-cdn.net"],"resourceTypes":["script"]},"id":11,"priority":30},
{"action":{"type":"block"},"condition":{"initiatorDomains":["gamatotv.info","gmtcloud.best"],"regexFilter":"\\bgamatotv\\.info\\/[a-z0-9]{32}\\.js\\b","resourceTypes":["script"]},"id":12,"priority":10},
{"action":{"type":"block"},"condition":{"domainType":"firstParty","initiatorDomains":["gu-global.com","uniqlo.com"],"regexFilter":"\\.com\\/[-_0-9a-zA-Z]{4,}\\/[-\\/_0-9a-zA-Z]{25,}$","resourceTypes":["script"]},"id":13,"priority":10},
{"action":{"type":"block"},"condition":{"domainType":"thirdParty","initiatorDomains":["javtiful.com","nukibooks.com"],"isUrlFilterCaseSensitive":true,"regexFilter":"\\.[a-z]{2,5}\\/[0-9a-zA-Z]{5,7}\\.js$","resourceTypes":["script"]},"id":14,"priority":10},
{"action":{"type":"block"},"condition":{"domainType":"thirdParty","regexFilter":"^https?:\\/\\/[-a-z]{8,15}\\.(?:com|net)\\/400\\/\\d{7}(?:\\?v=\\d+)?$","requestDomains":["com","net"],"resourceTypes":["script"]},"id":15,"priority":10},
{"action":{"type":"block"},"condition":{"domainType":"thirdParty","regexFilter":"^https?:\\/\\/[-a-z]{8,15}\\.(?:com|net)\\/401\\/\\d{7}(?:\\?v=\\d+)?$","requestDomains":["com","net"],"resourceTypes":["script"]},"id":16,"priority":10},
{"action":{"type":"block"},"condition":{"domainType":"thirdParty","initiatorDomains":["marketwatch.com","wsj.com"],"isUrlFilterCaseSensitive":true,"regexFilter":"\\.cloudfront\\.net\\/[a-z]{9,12}\\.js$","resourceTypes":["script"]},"id":17,"priority":10},
{"action":{"type":"block"},"condition":{"domainType":"thirdParty","regexFilter":"^https?:\\/\\/[-a-z]{8,15}\\.(?:com|net)\\/500\\/\\d{7}\\?","requestDomains":["com","net"],"resourceTypes":["xmlhttprequest"]},"id":18,"priority":10},
{"action":{"type":"allow"},"condition":{"domainType":"firstParty","initiatorDomains":["pussyspace.com","pussyspace.net"],"regexFilter":"^https:\\/\\/[a-z]\\.pussyspace\\.(?:com|net)\\/(?:yip?|xvs)\\/videos\\/20\\d{4}\\/\\d{2}\\/\\d{9}\\/(?:original|thumbs_\\d{2})\\/\\d{0,2}(?:\\(m=e[0-9A-Za-z]{5,7}(?:aaaa)?\\)\\(mh=[-_0-9A-Za-z]{16}\\))?\\d{0,2}\\.jpg$","resourceTypes":["image"]},"id":19,"priority":30},
{"action":{"type":"allow"},"condition":{"domainType":"firstParty","initiatorDomains":["pussyspace.com","pussyspace.net"],"regexFilter":"^https:\\/\\/[a-z]\\.pussyspace\\.(?:com|net)\\/(?:yip?|xvs)\\/videos\\/thumbs169l\\/[0-9a-f]{2}\\/[0-9a-f]{2}\\/[0-9a-f]{2}\\/[0-9a-f]{32}(?:-\\d)?\\/[0-9a-f]{32}\\.\\d{1,2}\\.jpg$","resourceTypes":["image"]},"id":20,"priority":30},
{"action":{"type":"allow"},"condition":{"domainType":"firstParty","initiatorDomains":["pussyspace.com","pussyspace.net"],"regexFilter":"^https:\\/\\/[a-z]\\.pussyspace\\.(?:com|net)\\/(?:yip?|xvs)\\/videos\\/thumbs_5\\/\\d{1,2}(?:\\(m=e[0-9A-Za-z]{5,7}aaaa\\)\\(mh=[-_0-9A-Za-z]{16}\\))?\\.jpg$","resourceTypes":["image"]},"id":21,"priority":30},
{"action":{"type":"allow"},"condition":{"domainType":"firstParty","initiatorDomains":["pussyspace.com","pussyspace.net"],"regexFilter":"^https:\\/\\/[a-z]\\.pussyspace\\.(?:com|net)\\/[a-z]?jz\\/(?:[0-9a-f]\\/){3,5}[0-9a-f]{42}-?(?:\\d{2,3}|(?:(?:\\d{3,4}-){3}h264)?\\.(?:mp4-\\d{1,2}|flv-\\d))\\.jpg$","resourceTypes":["image"]},"id":22,"priority":30},
{"action":{"type":"allow"},"condition":{"domainType":"firstParty","initiatorDomains":["pussyspace.com","pussyspace.net"],"regexFilter":"^https:\\/\\/[a-z]\\.pussyspace\\.(?:com|net)\\/sb\\/t\\/\\d{6,8}\\/\\d\\/\\d\\/w:300\\/t\\d{1,2}-enh\\/(?:[0-9a-z]+-)*[0-9a-z]+\\.jpg$","resourceTypes":["image"]},"id":23,"priority":30},
{"action":{"type":"allow"},"condition":{"domainType":"firstParty","initiatorDomains":["pussyspace.com","pussyspace.net"],"regexFilter":"^https:\\/\\/st\\.pussyspace\\.(?:com|net)\\/upload\\/cat\\.image\\/[_3a-z]{2,16}\\.jpg$","resourceTypes":["image"]},"id":24,"priority":30},
{"action":{"type":"allow"},"condition":{"domainType":"firstParty","initiatorDomains":["pussyspace.com","pussyspace.net"],"regexFilter":"^https:\\/\\/st\\.pussyspace\\.(?:com|net)\\/upload\\/poster_img_url\\/par\\/c3Rhci9[%0-9A-Za-z]{16,32}&size_width\\/par\\/160\\/l\\.jpg$","resourceTypes":["image"]},"id":25,"priority":30},
{"action":{"type":"block"},"condition":{"domainType":"firstParty","initiatorDomains":["hottystop.com"],"regexFilter":"\\.com\\/[_0-9a-zA-Z]+\\.jpg$","resourceTypes":["image"]},"id":26,"priority":10},
{"action":{"type":"block"},"condition":{"domainType":"firstParty","initiatorDomains":["playsexgames.xxx"],"regexFilter":"xxx\\/(?:[a-z]+[_-]){1,2}[a-z]+\\.(?:gif|jpg)$","resourceTypes":["image"]},"id":27,"priority":10},
{"action":{"type":"block"},"condition":{"domainType":"firstParty","initiatorDomains":["palcomix.com"],"regexFilter":"\\.com\\/(full)?ad[0-9a-z]+\\.(?:gif|jpg)$","resourceTypes":["image"]},"id":28,"priority":10},
{"action":{"type":"block"},"condition":{"domainType":"firstParty","initiatorDomains":["thesquarshers.com"],"regexFilter":"\\/images\\/(?:Banner\\d{1,2}\\.|[a-z]{3}\\/)","resourceTypes":["image"]},"id":29,"priority":10},
{"action":{"type":"block"},"condition":{"domainType":"firstParty","initiatorDomains":["demonoid.is"],"isUrlFilterCaseSensitive":true,"regexFilter":"demonoid\\.is\\/[a-z0-9]{24}\\.jpg$","resourceTypes":["image"]},"id":30,"priority":10},
{"action":{"type":"block"},"condition":{"domainType":"firstParty","initiatorDomains":["distrowatch.com"],"regexFilter":"^https:\\/\\/distrowatch\\.com\\/images\\/[a-z]+\\/[a-z]+$","resourceTypes":["image"]},"id":31,"priority":10},
{"action":{"type":"block"},"condition":{"domainType":"firstParty","initiatorDomains":["nyaa.land"],"regexFilter":"nyaa\\.land\\/static\\/[a-z0-9]{32}\\.jpg$","resourceTypes":["image"]},"id":32,"priority":10},
{"action":{"type":"block"},"condition":{"domainType":"firstParty","initiatorDomains":["hentai2w.com"],"regexFilter":"\\.com\\/\\d+\\/[0-9a-z]+\\.js$","resourceTypes":["script"]},"id":33,"priority":10},
{"action":{"type":"block"},"condition":{"domainType":"firstParty","initiatorDomains":["camvideos.org"],"regexFilter":"\\/[0-9a-f]{12}\\.js$","resourceTypes":["script"]},"id":34,"priority":10},
{"action":{"type":"block"},"condition":{"domainType":"firstParty","initiatorDomains":["povaddict.com"],"regexFilter":"\\.com\\/[a-zA-Z]{10}\\.js$","resourceTypes":["script"]},"id":35,"priority":10},
{"action":{"type":"block"},"condition":{"domainType":"firstParty","initiatorDomains":["asiaontop.com"],"regexFilter":"\\/aot-content\\/modules\\/[^\\.]{40,}\\.js\\b","resourceTypes":["script"]},"id":36,"priority":10},
{"action":{"type":"block"},"condition":{"domainType":"firstParty","initiatorDomains":["zetporn.com"],"regexFilter":"\\.com\\/[A-Za-z]{9,}\\/[A-Za-z]{9,}\\.js$","resourceTypes":["script"]},"id":37,"priority":10},
{"action":{"type":"block"},"condition":{"domainType":"firstParty","initiatorDomains":["fleshed.com"],"regexFilter":"\\/static\\/[0-9a-z]+\\/[0-9a-z]+\\.js$","resourceTypes":["script"]},"id":38,"priority":10},
{"action":{"type":"block"},"condition":{"domainType":"firstParty","initiatorDomains":["eropics.to"],"regexFilter":"\\beropics\\.to\\/[a-zA-Z0-9]{8}\\.js$","resourceTypes":["script"]},"id":39,"priority":10},
{"action":{"type":"block"},"condition":{"domainType":"firstParty","initiatorDomains":["ennovelas.com"],"regexFilter":"^https:\\/\\/www\\.ennovelas\\.com\\/[a-z0-9]{10}$","resourceTypes":["script"]},"id":40,"priority":10},
{"action":{"type":"block"},"condition":{"domainType":"firstParty","initiatorDomains":["com"],"regexFilter":"\\/js\\/\\d{2,3}eka\\d{2,3}\\.js$","resourceTypes":["script"]},"id":41,"priority":10},
{"action":{"type":"block"},"condition":{"domainType":"firstParty","initiatorDomains":["joysporn.sex"],"regexFilter":"\\/js\\/[a-z]j\\.js$","resourceTypes":["script"]},"id":42,"priority":10},
{"action":{"type":"block"},"condition":{"domainType":"firstParty","initiatorDomains":["thesun.co.uk"],"isUrlFilterCaseSensitive":true,"regexFilter":"^https:\\/\\/www\\.thesun\\.co\\.uk\\/[0-9a-z]{32}\\.js$","resourceTypes":["script"]},"id":43,"priority":10},
{"action":{"type":"block"},"condition":{"domainType":"firstParty","initiatorDomains":["panel.freemcserver.net"],"regexFilter":"panel\\.freemcserver\\.net\\/.{90,}\\?v=17","resourceTypes":["script"]},"id":44,"priority":10},
{"action":{"type":"block"},"condition":{"domainType":"firstParty","isUrlFilterCaseSensitive":true,"regexFilter":"\\/[A-Z]{1,2}\\/[-0-9a-z]{5,}\\.com\\/(?:[0-9a-f]{2}\\/){3}[0-9a-f]{32}\\.js$","requestDomains":["com"],"resourceTypes":["script"]},"id":45,"priority":10},
{"action":{"type":"block"},"condition":{"domainType":"firstParty","initiatorDomains":["hunterscomics.com"],"regexFilter":"^https:\\/\\/hunterscomics\\.com\\/wp-content\\/themes(\\/[a-f]{6}){2}\\.js\\?ver=","resourceTypes":["script"]},"id":46,"priority":10},
{"action":{"type":"block"},"condition":{"domainType":"firstParty","initiatorDomains":["tuktukcinma.com"],"regexFilter":"^https:\\/\\/www\\.tuktukcinma\\.com\\/wp-content\\/plugins\\/[a-f]{6}\\.js\\?\\w+$","resourceTypes":["script"]},"id":47,"priority":10},
{"action":{"type":"block"},"condition":{"domainType":"firstParty","initiatorDomains":["souq-design.com"],"regexFilter":"^https:\\/\\/souq-design\\.com\\/wp-content\\/uploads(?:\\/[a-f]{6}){2}.js\\?ver=","resourceTypes":["script"]},"id":48,"priority":10},
{"action":{"type":"block"},"condition":{"domainType":"firstParty","initiatorDomains":["kick.com"],"isUrlFilterCaseSensitive":true,"regexFilter":"^https:\\/\\/kick\\.com\\/[0-9A-z]{16}\\/[0-9A-z]{16}\\?apiKey=","resourceTypes":["script"]},"id":49,"priority":10},
{"action":{"type":"block"},"condition":{"domainType":"firstParty","initiatorDomains":["mudah.my"],"regexFilter":"^https:\\/\\/mudah\\.my\\/[a-zA-Z0-9]{16}\\/[a-zA-Z0-9]{16}\\?apiKey=","resourceTypes":["script"]},"id":50,"priority":10},
{"action":{"type":"block"},"condition":{"domainType":"thirdParty","isUrlFilterCaseSensitive":true,"regexFilter":"^https:\\/\\/[a-z]{3,5}\\.[a-z]{10,14}\\.top\\/[a-z]{10,16}\\/[a-z]{5,6}(?:\\?d=\\d)?$","requestDomains":["top"],"resourceTypes":["script","xmlhttprequest"]},"id":51,"priority":10},
{"action":{"type":"block"},"condition":{"domainType":"thirdParty","regexFilter":"^https:\\/\\/[0-9a-f]{10}\\.[0-9a-f]{10}\\.com\\/[0-9a-f]{32}\\.js$","requestDomains":["com"],"resourceTypes":["script"]},"id":52,"priority":10},
{"action":{"type":"block"},"condition":{"domainType":"thirdParty","isUrlFilterCaseSensitive":true,"regexFilter":"^https:\\/\\/[a-z]{8,12}\\.com\\/en\\/(?:[a-z]{2,10}\\/){0,2}[a-z]{2,}\\?(?:[a-z]+=[^&=?\\s]*?&)*?id=[12]\\d{6}\\b","requestDomains":["com"],"resourceTypes":["script"]},"id":53,"priority":10},
{"action":{"type":"block"},"condition":{"domainType":"thirdParty","regexFilter":"^https:\\/\\/(?:cdn77\\.)?aj[0-9a-z]{2}\\d{2}\\.online\\/[0-9a-z]{8}\\.js$","requestDomains":["online"],"resourceTypes":["script"]},"id":54,"priority":10},
{"action":{"type":"block"},"condition":{"domainType":"thirdParty","regexFilter":"^https:\\/\\/(?:cdn77\\.)?aj[0-9a-z]{2}\\d{2}\\.bid\\/[0-9a-z]{8}\\.js$","requestDomains":["bid"],"resourceTypes":["script"]},"id":55,"priority":10},
{"action":{"type":"block"},"condition":{"domainType":"thirdParty","isUrlFilterCaseSensitive":true,"regexFilter":"^https:\\/\\/[a-z]{2}\\.[a-z]+\\.com\\/r[0-9A-Za-z]{17,26}\\/\\d{4,6}$","requestDomains":["com"],"resourceTypes":["script"]},"id":56,"priority":10},
{"action":{"type":"block"},"condition":{"domainType":"thirdParty","isUrlFilterCaseSensitive":true,"regexFilter":"^https:\\/\\/[0-9a-f]{10}\\.[0-9a-f]{10}\\.com\\/[0-9a-f]{32}\\/\\d{6}\\b","requestDomains":["com"],"resourceTypes":["xmlhttprequest"]},"id":57,"priority":10},
{"action":{"type":"block"},"condition":{"domainType":"thirdParty","regexFilter":"^https:\\/\\/(?:cdn77\\.)?aj\\d{4}\\.bid\\/[-_0-9A-Za-z]{80,}\\?","requestDomains":["bid"],"resourceTypes":["xmlhttprequest"]},"id":58,"priority":10},
{"action":{"type":"block"},"condition":{"domainType":"thirdParty","excludedRequestDomains":["com","net"],"initiatorDomains":["extreme-down.tools"],"isUrlFilterCaseSensitive":true,"regexFilter":"^https?:\\/\\/[-a-z]{5,12}\\.[a-z]{3,6}\\/[0-9a-h]{1,17}\\?[0-9a-zA-Z]{1,21}=","requestMethods":["get"],"resourceTypes":["xmlhttprequest"]},"id":59,"priority":10},
{"action":{"type":"block"},"condition":{"domainType":"thirdParty","regexFilter":"^https:\\/\\/(?:cdn77\\.)?aj\\d{4}\\.bid\\/.+\\?","requestDomains":["bid"],"requestMethods":["get"],"resourceTypes":["xmlhttprequest"]},"id":60,"priority":10},
{"action":{"type":"block"},"condition":{"domainType":"thirdParty","regexFilter":"^https:\\/\\/(?:cdn77\\.)?aj[0-9a-z]{2}\\d{2}\\.online\\/[-_0-9A-Za-z]{70,}$","requestDomains":["online"],"resourceTypes":["sub_frame"]},"id":61,"priority":10},
{"action":{"type":"block"},"condition":{"domainType":"firstParty","initiatorDomains":["ariversegl.com","cgtips.org","dx-tv.com"],"regexFilter":"\\/wp-content\\/uploads(\\/[a-f]{6}){2}\\.js\\?ver=","resourceTypes":["script"]},"id":62,"priority":10},
{"action":{"type":"block"},"condition":{"regexFilter":"^https?:\\/\\/.*\\/easylist\\/[0-9]{5}"},"id":63,"priority":10},
{"action":{"type":"block"},"condition":{"regexFilter":"devfiles.pages.dev\\/img\\/[a-zA-Z0-9]{8,}.jpeg","resourceTypes":["image"]},"id":64,"priority":10},
{"action":{"type":"block"},"condition":{"regexFilter":"^https:\\/\\/([a-z]+\\.)?sythe\\.org\\/[\\w\\W]{30,}","resourceTypes":["image"]},"id":65,"priority":10},
{"action":{"type":"block"},"condition":{"regexFilter":"\\/t\\/[0-9]{3}\\/[0-9]{3}\\/a[0-9]{4,9}\\.js$","resourceTypes":["script"]},"id":66,"priority":10},
{"action":{"type":"block"},"condition":{"regexFilter":"^https?:\\/\\/(?:ak\\.)?[a-z]{6,15}\\.(?:com|net)\\/(?:1|4)\\/\\d{7}","resourceTypes":["main_frame","sub_frame"]},"id":67,"priority":10},
{"action":{"type":"block"},"condition":{"regexFilter":"\\/[0-9a-z]{8,10}\\?shu=[0-9a-z]{150,}","resourceTypes":["main_frame"]},"id":68,"priority":10},
{"action":{"type":"block"},"condition":{"regexFilter":"^https:\\/\\/grabify\\.org\\/[A-Z0-9]+$","resourceTypes":["main_frame"]},"id":69,"priority":10},
{"action":{"type":"block"},"condition":{"domainType":"firstParty","regexFilter":"\\/assets\\/jquery\\/jquery-\\d\\.\\d\\.(?:\\d\\.)?min\\.js\\?(?:v=2)?&?type=(?:adult|mainstream)$","resourceTypes":["script"]},"id":70,"priority":10},
{"action":{"type":"block"},"condition":{"domainType":"thirdParty","isUrlFilterCaseSensitive":true,"regexFilter":"^https?:\\/\\/[a-z]{8,15}\\.top\\/[-a-z]{4,}\\.css\\?aHR0c[\\/0-9a-zA-Z]{33,}=?=?$","resourceTypes":["stylesheet"]},"id":71,"priority":10},
{"action":{"type":"block"},"condition":{"domainType":"thirdParty","isUrlFilterCaseSensitive":true,"regexFilter":"^https?:\\/\\/[a-z]{8,15}\\.xyz\\/[-a-z]{4,}\\.css\\?aHR0c[\\/0-9a-zA-Z]{33,}=?=?$","resourceTypes":["stylesheet"]},"id":72,"priority":10},
{"action":{"type":"block"},"condition":{"domainType":"thirdParty","isUrlFilterCaseSensitive":true,"regexFilter":"^https?:\\/\\/[a-z]{8,15}\\.top\\/[a-z]{4,}\\.png\\?aHR0c[\\/0-9a-zA-Z]{33,}=?=?$","resourceTypes":["image"]},"id":73,"priority":10},
{"action":{"type":"block"},"condition":{"domainType":"thirdParty","isUrlFilterCaseSensitive":true,"regexFilter":"^https?:\\/\\/[a-z]{8,15}\\.xyz\\/[a-z]{4,}\\.png\\?aHR0c[\\/0-9a-zA-Z]{33,}=?=?$","resourceTypes":["image"]},"id":74,"priority":10},
{"action":{"type":"block"},"condition":{"domainType":"thirdParty","isUrlFilterCaseSensitive":true,"regexFilter":"^https?:\\/\\/[a-z]{7,}\\.buzz\\/[+\\/0-9a-zA-Z]{140,400}$","resourceTypes":["image"]},"id":75,"priority":10},
{"action":{"type":"block"},"condition":{"domainType":"thirdParty","isUrlFilterCaseSensitive":true,"regexFilter":"^https?:\\/\\/[a-z]{7,}\\.info\\/[+\\/0-9a-zA-Z]{140,400}$","resourceTypes":["image"]},"id":76,"priority":10},
{"action":{"type":"block"},"condition":{"domainType":"thirdParty","isUrlFilterCaseSensitive":true,"regexFilter":"^https?:\\/\\/[a-z]{7,}\\.lol\\/[+\\/0-9a-zA-Z]{140,400}$","resourceTypes":["image"]},"id":77,"priority":10},
{"action":{"type":"block"},"condition":{"domainType":"thirdParty","isUrlFilterCaseSensitive":true,"regexFilter":"^https?:\\/\\/[a-z]{7,}\\.one\\/[+\\/0-9a-zA-Z]{140,400}$","resourceTypes":["image"]},"id":78,"priority":10},
{"action":{"type":"block"},"condition":{"domainType":"thirdParty","isUrlFilterCaseSensitive":true,"regexFilter":"^https?:\\/\\/[a-z]{7,}\\.xyz\\/[+\\/0-9a-zA-Z]{140,400}$","resourceTypes":["image"]},"id":79,"priority":10},
{"action":{"type":"block"},"condition":{"domainType":"thirdParty","regexFilter":"^https?:\\/\\/[0-9a-z]{13,14}\\.cloudfront\\.net\\/\\?[a-z]{3,5}=\\d{6,7}$","resourceTypes":["script","xmlhttprequest"]},"id":80,"priority":10},
{"action":{"type":"block"},"condition":{"domainType":"thirdParty","regexFilter":"^https?:\\/\\/[a-z0-9]{5,15}\\.[a-z]{2,3}\\/5\\/\\d{6,7}(?:\\?_=\\d+|\\/\\??)?$","resourceTypes":["script","xmlhttprequest"]},"id":81,"priority":10},
{"action":{"type":"block"},"condition":{"domainType":"thirdParty","isUrlFilterCaseSensitive":true,"regexFilter":"^https:\\/\\/[0-9a-z]{8,}\\.[a-z0-9]{7,}\\.[a-z]{4,}\\/[0-9a-f]{32}\\/a4\\/[0-9a-f]{13}\\.js$","resourceTypes":["script"]},"id":82,"priority":10},
{"action":{"type":"block"},"condition":{"domainType":"thirdParty","isUrlFilterCaseSensitive":true,"regexFilter":"^https:\\/\\/[0-9a-z]{8,}\\.[a-z0-9]{7,}\\.[a-z]{4,}\\/[0-9a-f]{32}\\/b4\\/[0-9a-f]{13}\\.js$","resourceTypes":["script"]},"id":83,"priority":10},
{"action":{"type":"block"},"condition":{"domainType":"thirdParty","regexFilter":"^https?:\\/\\/[a-z]{6,12}\\.com\\/script\\/n[a-z]su\\.js$","resourceTypes":["script"]},"id":84,"priority":10},
{"action":{"type":"block"},"condition":{"domainType":"thirdParty","regexFilter":"^https:\\/\\/[a-z]{8}\\.xyz\\/main\\.js$","resourceTypes":["script"]},"id":85,"priority":10},
{"action":{"type":"block"},"condition":{"domainType":"thirdParty","excludedInitiatorDomains":["edu","gov"],"isUrlFilterCaseSensitive":true,"regexFilter":"^https?:\\/\\/cdn\\.[a-z]{3,8}\\.[a-z]{2,6}\\/app\\.js$","resourceTypes":["script"]},"id":86,"priority":10},
{"action":{"type":"block"},"condition":{"domainType":"thirdParty","isUrlFilterCaseSensitive":true,"regexFilter":"^https?:\\/\\/[a-z]{8,15}\\.club\\/[%0-9a-zA-Z]{170,}$","resourceTypes":["script"]},"id":87,"priority":10},
{"action":{"type":"block"},"condition":{"domainType":"thirdParty","isUrlFilterCaseSensitive":true,"regexFilter":"^https?:\\/\\/[a-z]{8,15}\\.fun\\/[%0-9a-zA-Z]{170,}$","resourceTypes":["script"]},"id":88,"priority":10},
{"action":{"type":"block"},"condition":{"domainType":"thirdParty","isUrlFilterCaseSensitive":true,"regexFilter":"^https?:\\/\\/[a-z]{8,15}\\.hair\\/[%0-9a-zA-Z]{170,}$","resourceTypes":["script"]},"id":89,"priority":10},
{"action":{"type":"block"},"condition":{"domainType":"thirdParty","regexFilter":"^https?:\\/\\/[a-z]{8,15}\\.work\\/[%0-9a-zA-Z]{170,}$","resourceTypes":["script"]},"id":90,"priority":10},
{"action":{"type":"block"},"condition":{"domainType":"thirdParty","regexFilter":"^https?:\\/\\/[a-z]{8,15}\\.xyz\\/[%0-9a-zA-Z]{170,}$","resourceTypes":["script"]},"id":91,"priority":10},
{"action":{"type":"block"},"condition":{"domainType":"thirdParty","isUrlFilterCaseSensitive":true,"regexFilter":"^https:\\/\\/cdn\\.jsdelivr\\.net\\/npm\\/[-a-z_]{4,22}@latest\\/dist\\/script\\.min\\.js$","resourceTypes":["script"]},"id":92,"priority":10},
{"action":{"type":"block"},"condition":{"domainType":"thirdParty","regexFilter":"^https:\\/\\/[a-z]{7,16}\\.[a-z]{3,7}\\/[a-z0-9]{14}\\/\\d{5}$","resourceTypes":["script"]},"id":93,"priority":10},
{"action":{"type":"block"},"condition":{"domainType":"thirdParty","regexFilter":"^https:\\/\\/[a-z]{2}\\.[a-z]{7,14}\\.com\\/r[0-9A-Za-z]{10,16}\\/[A-Za-z]{5}$","resourceTypes":["script"]},"id":94,"priority":10},
{"action":{"type":"block"},"condition":{"domainType":"firstParty","initiatorDomains":["mkvcinemas.cat","mkvcinemas.kim","mkvcinemas.pet"],"regexFilter":"\\/data\\/cache\\/min\\/1\\/[a-f0-9]+\\.js\\b","resourceTypes":["script"]},"id":95,"priority":10},
{"action":{"type":"block"},"condition":{"domainType":"thirdParty","isUrlFilterCaseSensitive":true,"regexFilter":"^https:\\/\\/(?:[a-z]{2}\\.)?[a-z]{7,14}\\.[a-z]{3,7}\\/[a-z][0-9A-Za-z]{10,16}\\/[A-Za-z]{5}(?:\\?_=\\d+)?$","resourceTypes":["script"]},"id":96,"priority":10},
{"action":{"type":"block"},"condition":{"domainType":"thirdParty","regexFilter":"^https?:\\/\\/[0-9a-f]{50,}\\.s3\\.amazonaws\\.com\\/[0-9a-f]{10}$","resourceTypes":["xmlhttprequest"]},"id":97,"priority":10},
{"action":{"type":"block"},"condition":{"domainType":"thirdParty","regexFilter":"^https?:\\/\\/s3\\.us-east-1\\.amazonaws\\.com\\/[0-9a-f]{50,}\\/[0-9a-f]{10}$","resourceTypes":["xmlhttprequest"]},"id":98,"priority":10},
{"action":{"type":"block"},"condition":{"domainType":"thirdParty","isUrlFilterCaseSensitive":true,"regexFilter":"^https?:\\/\\/[-a-z]{5,13}\\.[a-z]{3,6}\\/[0-9a-h]{1,17}\\?[0-9a-zA-Z]{1,22}=[%0-9a-zA-Z]{200,1300}","requestMethods":["get"],"resourceTypes":["xmlhttprequest"]},"id":99,"priority":10},
{"action":{"type":"block"},"condition":{"domainType":"thirdParty","isUrlFilterCaseSensitive":true,"regexFilter":"^https?:\\/\\/[a-z]{8,15}\\.top(\\/(?:\\d{1,5}|0NaN|articles?|browse|index|movie|news|pages?|static|view|web|wiki)){1,4}(?:\\.html|\\/)$","resourceTypes":["sub_frame"]},"id":100,"priority":10},
{"action":{"type":"block"},"condition":{"domainType":"thirdParty","isUrlFilterCaseSensitive":true,"regexFilter":"^https?:\\/\\/[a-z]{8,15}\\.xyz(\\/(?:\\d{1,5}|0NaN|articles?|browse|index|movie|news|pages?|static|view|web|wiki)){1,4}(?:\\.html|\\/)$","resourceTypes":["sub_frame"]},"id":101,"priority":10},
{"action":{"type":"block"},"condition":{"domainType":"thirdParty","regexFilter":"^https?:\\/\\/[-0-9a-z]{5,}\\.com\\/[0-9a-z]{8,10}\\?key=[0-9a-f]{32}$","resourceTypes":["sub_frame"]},"id":102,"priority":10},
{"action":{"type":"block"},"condition":{"domainType":"thirdParty","isUrlFilterCaseSensitive":true,"regexFilter":"^https?:\\/\\/[a-z]{7,}\\.buzz\\/[+\\/0-9a-zA-Z]{400,1000}$","resourceTypes":["sub_frame"]},"id":103,"priority":10},
{"action":{"type":"block"},"condition":{"domainType":"thirdParty","isUrlFilterCaseSensitive":true,"regexFilter":"^https?:\\/\\/[a-z]{7,}\\.info\\/[+\\/0-9a-zA-Z]{400,1000}$","resourceTypes":["sub_frame"]},"id":104,"priority":10},
{"action":{"type":"block"},"condition":{"domainType":"thirdParty","isUrlFilterCaseSensitive":true,"regexFilter":"^https?:\\/\\/[a-z]{7,}\\.lol\\/[+\\/0-9a-zA-Z]{400,1000}$","resourceTypes":["sub_frame"]},"id":105,"priority":10},
{"action":{"type":"block"},"condition":{"domainType":"thirdParty","isUrlFilterCaseSensitive":true,"regexFilter":"^https?:\\/\\/[a-z]{7,}\\.one\\/[+\\/0-9a-zA-Z]{400,1000}$","resourceTypes":["sub_frame"]},"id":106,"priority":10},
{"action":{"type":"block"},"condition":{"domainType":"thirdParty","isUrlFilterCaseSensitive":true,"regexFilter":"^https?:\\/\\/[a-z]{7,}\\.xyz\\/[+\\/0-9a-zA-Z]{400,1000}$","resourceTypes":["sub_frame"]},"id":107,"priority":10},
{"action":{"type":"block"},"condition":{"domainType":"thirdParty","isUrlFilterCaseSensitive":true,"regexFilter":"^https:\\/\\/[0-9a-z]{3,15}\\.biz\\/\\?[a-z]e=[0-9a-z]{22,26}$","requestDomains":["biz"],"resourceTypes":["script"]},"id":108,"priority":10},
{"action":{"type":"block"},"condition":{"domainType":"thirdParty","excludedRequestDomains":["aswpsdkus.com","chimpstatic.com","geniuslinkcdn.com","squareoffs.com"],"initiatorDomains":["15min.lt","247sports.com","abc17news.com","agrodigital.com","al.com","aliontherunblog.com","allaboutthetea.com","allmusic.com","allthingsthrifty.com","amessagewithabottle.com","artforum.com","artnews.com","awkward.com","barcablaugranes.com","barnsleychronicle.com","bethcakes.com","betweenenglandandiowa.com","bgr.com","blazersedge.com","blogher.com","blu-ray.com","bluegraygal.com","briefeguru.de","brobible.com","cagesideseats.com","cbsnews.com","cbssports.com","celiacandthebeast.com","chaptercheats.com","cleveland.com","clickondetroit.com","commercialobserver.com","competentedigitale.ro"],"isUrlFilterCaseSensitive":true,"regexFilter":"^https:\\/\\/[0-9a-z]{7,25}\\.com\\/[_0-9a-z\\/]{2}","requestDomains":["com"],"resourceTypes":["script"]},"id":109,"priority":10},
{"action":{"type":"block"},"condition":{"domainType":"firstParty","initiatorDomains":["netembed.xyz"],"regexFilter":"^https:\\/\\/netembed\\.xyz\\/[a-f0-9]{32}\\.js\\b","resourceTypes":["script"]},"id":110,"priority":10},
{"action":{"type":"block"},"condition":{"domainType":"thirdParty","isUrlFilterCaseSensitive":true,"regexFilter":"^https:\\/\\/www\\.[0-9a-z-]{8,}\\.xyz\\/script\\/[-.0-9A-Za-z]+\\.[-A-Za-z]{2,30}\\.js$","requestDomains":["xyz"],"resourceTypes":["script"],"responseHeaders":[{"header":"x-length"}]},"id":111,"priority":10},
{"action":{"type":"block"},"condition":{"domainType":"thirdParty","excludedInitiatorDomains":["edu","gov"],"excludedRequestDomains":["exploretock.com","photopea.com"],"isUrlFilterCaseSensitive":true,"regexFilter":"^https:\\/\\/www\\.[a-z]{8,14}\\.com\\/[a-z]{1,4}\\.js$","requestDomains":["com"],"resourceTypes":["script"],"responseHeaders":[{"header":"x-powered-by","values":["Express"]}]},"id":112,"priority":10},
{"action":{"type":"block"},"condition":{"domainType":"thirdParty","isUrlFilterCaseSensitive":true,"regexFilter":"^https:\\/\\/www\\.[a-z]{8,16}\\.com\\/(?:[A-Za-z]+\\/)*(?:[_0-9A-Za-z]{1,20}[-.])*[_0-9A-Za-z]{1,20}\\.js$","requestDomains":["com"],"resourceTypes":["script","xmlhttprequest"],"responseHeaders":[{"header":"popads-node"},{"header":"link","values":["*adsco.re/>;rel=preconnect*"]}]},"id":113,"priority":10},
{"action":{"type":"block"},"condition":{"domainType":"thirdParty","isUrlFilterCaseSensitive":true,"regexFilter":"^https:\\/\\/[0-9a-z]{7,25}\\.com\\/[a-z]{0,7}\\/?(?:js\\/)?[_0-9a-f]{6,16}\\/?[_0-9a-f]{20,120}(?:[-.][a-z0-9]{2,6})?(?:\\.js)?$","requestDomains":["com"],"resourceTypes":["script"],"responseHeaders":[{"header":"x-datacenter"}]},"id":114,"priority":10},
{"action":{"type":"block"},"condition":{"domainType":"thirdParty","excludedRequestDomains":["aswpsdkus.com","chimpstatic.com","geniuslinkcdn.com","squareoffs.com"],"isUrlFilterCaseSensitive":true,"regexFilter":"^https:\\/\\/[0-9a-z]{7,25}\\.com\\/(?:assets|build|bundles|chunks|dist|files|j|public|scripts|static)?\\/?(?:js\\/)?[_0-9a-z]{6,16}\\/?[_0-9a-z]{5,120}(?:[-.](?:app|bundle|ma?in|module|prod|index|v\\d|vendor))?(?:\\.js)?$","requestDomains":["com"],"resourceTypes":["script"],"responseHeaders":[{"header":"via","values":["*, 1.1 google"]}]},"id":115,"priority":10},
{"action":{"type":"block"},"condition":{"domainType":"thirdParty","regexFilter":"^https?:\\/\\/[a-z]{8,15}\\.xyz\\/$","requestDomains":["xyz"],"requestMethods":["head"],"resourceTypes":["xmlhttprequest"],"responseHeaders":[{"header":"access-control-expose-headers","values":["*X-DirectionPartner-Id*"]}]},"id":116,"priority":10},
{"action":{"type":"block"},"condition":{"domainType":"thirdParty","regexFilter":"^https?:\\/\\/[a-z]{8,15}\\.com\\/$","requestDomains":["com"],"requestMethods":["head"],"resourceTypes":["xmlhttprequest"],"responseHeaders":[{"header":"access-control-expose-headers","values":["*X-DirectionPartner-Id*"]}]},"id":117,"priority":10},
{"action":{"type":"block"},"condition":{"domainType":"thirdParty","isUrlFilterCaseSensitive":true,"regexFilter":"^https?:\\/\\/(?:[a-z]{2}\\.)?[a-z]{7,14}\\.[a-z]{3,7}\\/[a-z][0-9A-Za-z]{10,16}\\/\\d{4,6}$","resourceTypes":["script"]},"id":118,"priority":10},
{"action":{"type":"block"},"condition":{"domainType":"thirdParty","isUrlFilterCaseSensitive":true,"regexFilter":"^https?:\\/\\/(?:[a-z]{2}\\.)?[a-z]{7,14}\\.[a-z]{3,7}\\/[a-z][0-9A-Za-z]{10,}\\/\\d{4,6}$","resourceTypes":["script"],"responseHeaders":[{"header":"access-control-allow-headers","values":["*megageocheck*"]}]},"id":119,"priority":10},
{"action":{"type":"block"},"condition":{"domainType":"thirdParty","excludedInitiatorDomains":["edu","gov"],"isUrlFilterCaseSensitive":true,"regexFilter":"^https?:\\/\\/[a-z]{5,7}\\.com\\/script\\/[-_0-9A-Za-z]+(\\.min)?\\.js$","resourceTypes":["script"],"responseHeaders":[{"header":"x-guploader-uploadid"}]},"id":120,"priority":10},
{"action":{"type":"block"},"condition":{"domainType":"thirdParty","initiatorDomains":["watchmodernfamilyonline.com"],"isUrlFilterCaseSensitive":true,"regexFilter":"^https:\\/\\/www\\.[a-z]{8,16}\\.com\\/(?:[A-Za-z]+\\/)*(?:[_0-9A-Za-z]{1,20}[-.])*[_0-9A-Za-z]{1,20}\\.js$","resourceTypes":["script","xmlhttprequest"]},"id":121,"priority":10}
]
