[
{"action":{"type":"block"},"condition":{"domainType":"thirdParty","initiatorDomains":["220.guru","ale07.ru","allkey.org","amperof.ru","android-kino-tv.ru","asilmedia.org","astrologyk.com","audio-books.su","audiokniga-onlain.ru","bargu.by","beejournal.ru","bragazeta.ru","cikavosti.com","codernet.ru","comandir.com","coronavirus-control.ru","ctnews.ru","dalanews.kz","desmyhome.ru","ego-zhena.ru","enovosty.com","evasamara.ru","fatelines.net","fermilon.ru","fixmaster74.ru","gotovim.ru","hozzi.ru","hxmp3.com","ianed.ru","inforuss.info","joyreactor.cc","jpnsoft.ru","kaluga-poisk.ru","kinobaza24.ru","knews.kg","konkurent.ru","koolinar.ru","kotletki.online","kslift.ru","kulichki.net","lafa.site","macdonaldsi.ru","mechtarybolova.ru","militaryarms.ru","mir-znamenitostej.ru","mnogotolka.ru","mp3crown.cc","mp3frog.com","mp3rax.com","nakanune.ru","newdaynews.ru","novosti-n.org","oc-windows.ru","om1.ru","osnmedia.ru","ovgorskiy.ru","pesni-detskie.ru","petstime.ru","pg21.ru","pocvetam.ru","podolyaka.su","politnavigator.net","pornreactor.cc","potokmedia.ru","progorodsamara.ru","prufy.ru","ranobe-novels.ru","reactor.cc","rsute.ru","rustxt.ru","sakhalife.ru","seron.tv","severpost.ru","siniy-ekran.ru","smiruss.ru","softaltair.ru","solenka.info","sundaria.su","svpressa.ru","syzran-small.ru","tarifec.com","tayga.info","telegraf.news","time-in.ru","togliatti24.ru","tom-dzherri.ru","topdaynews.ru","topnews.ru","tourprom.ru","turkish-tv.ru","u-news.com.ua","ua.news","uk-parkovaya.ru","vo-radio.ru","vph-holod.ru","vse-vino.ru","winnote.ru","wotexpress.info","xfilesserial.ru","xnewsq.net","yaom.ru"],"regexFilter":"^http(s?):\\/\\/[a-z]{6}\\..*\\/[a-z0-9]{3,30}\\/[a-z0-9]{5,}\\.php$","resourceTypes":["script"]},"id":1,"priority":10},
{"action":{"type":"block"},"condition":{"domainType":"thirdParty","initiatorDomains":["alau.kz","b-online.ru","brjunetka.ru","clubhunters.ru","crashplane.ru","dachnyuchastok.ru","film.ru","gubka-bob.ru","kvmarvel.ru","lifedon.com.ua","max-vps.ru","newsland.com","pg11.ru","pg12.ru","pg13.ru","pg21.ru","polytech-soft.com","porosenka.net","prochepetsk.ru","progorodnn.ru","progorodnsk.ru","progorodsamara.ru","prozoro.net.ua","samokat-dostavka.ru","solenka.info","tarifec.com","u-news.com.ua","unews.pro","vsplanet.net","ymkababy.ru","zoobusiness.kiev.ua"],"regexFilter":"^http(s?):\\/\\/[A-Za-z0-9]{6}\\.[A-Za-z0-9]{3}\\/[A-Za-z0-9-.]{6}\\/[A-Za-z0-9-.\\/]{25,}\\.php$","resourceTypes":["script"]},"id":2,"priority":10},
{"action":{"type":"block"},"condition":{"domainType":"thirdParty","initiatorDomains":["alau.kz","b-online.ru","beejournal.ru","brjunetka.ru","clubhunters.ru","coronavirus-control.ru","crashplane.ru","dachnyuchastok.ru","fatelines.net","film.ru","fixmaster74.ru","gubka-bob.ru","howto-news.info","lifedon.com.ua","made-box.ru","newsland.com","pg11.ru","pg12.ru","pg13.ru","pg21.ru","porosenka.net","prochepetsk.ru","progorodnn.ru","progorodnsk.ru","progorodsamara.ru","prozoro.net.ua","samokat-dostavka.ru","tarifec.com","u-news.com.ua","ymkababy.ru","zoobusiness.kiev.ua"],"regexFilter":"^http(s?):\\/\\/([A-Za-z0-9-.]+\\/){5,}[A-Za-z0-9_-]+$","resourceTypes":["script"]},"id":3,"priority":10},
{"action":{"type":"block"},"condition":{"initiatorDomains":["3dn.ru","at.ua","clan.su","comicsgeek.ru","do.am","fanofnfs.3dn.ru","free-dream.ru","greenflash.su","igrul-ka.ru","jetvis.ru","kino-torrent.net","kubik3.ru","megomult.ru","moy.su","my1.ru","narod.ru","paravozik.tv","play-force.ru","pokatushki-pmr.ru","rezzoclub.ru","rub.org.ua","selezen.net","tc-image.3dn.ru","usite.pro"],"regexFilter":"(\\.com|.at.ua|\\.clan\\.su|\\.ru|narod\\.ru|3dn\\.ru|\\.net|my1\\.ru|do\\.am|moy\\.su|\\.info|\\.tv|mrcmirgorod\\.com\\.ua|\\.su|\\.org\\.ua|usite\\.pro)\\/[A-Za-z0-9_%]{3,12}\\?[A-Za-z0-9%]{70,100}$","resourceTypes":["script"]},"id":4,"priority":10},
{"action":{"type":"block"},"condition":{"initiatorDomains":["3dn.ru","at.ua","clan.su","comicsgeek.ru","do.am","elektronika56.ru","fanofnfs.3dn.ru","free-dream.ru","greenflash.su","igrul-ka.ru","jetvis.ru","kubik3.ru","megomult.ru","moy.su","my1.ru","narod.ru","paravozik.tv","play-force.ru","pro-zakupki.ru","rezzoclub.ru","rub.org.ua","selezen.net","staroetv.su","usite.pro"],"regexFilter":"(\\.com|.at.ua|\\.clan\\.su|\\.ru|narod\\.ru|3dn\\.ru|\\.net|my1\\.ru|do\\.am|moy\\.su|\\.info|\\.tv|mrcmirgorod\\.com\\.ua|\\.su|\\.org\\.ua|usite\\.pro)\\/[A-Za-z0-9_%]{3,12}\\/.*\\?[A-Za-z0-9%]{70,100}$","resourceTypes":["script"]},"id":5,"priority":10},
{"action":{"type":"block"},"condition":{"domainType":"thirdParty","initiatorDomains":["afn.by","allkey.org","amazingfacts.ru","discover24.ru","hdvideobox.ru","inzhener-info.ru","joyreactor.cc","kg-portal.ru","kuxnmir.ru","rsute.ru","samelectrik.ru","smartpress.by","solenka.info","unews.pro","vklook.online","xxxlmusic.com"],"regexFilter":"^http(s?):\\/\\/[A-Za-z0-9]{6}\\.[A-Za-z0-9]{3}\\/[A-Za-z0-9]{30,}\\.php$","resourceTypes":["script"]},"id":6,"priority":10},
{"action":{"type":"block"},"condition":{"initiatorDomains":["3dn.ru","at.ua","clan.su","comicsgeek.ru","do.am","igrul-ka.ru","jetvis.ru","kino-torrent.net","moy.su","my1.ru","narod.ru","rezzoclub.ru","selezen.net","tc-image.3dn.ru"],"regexFilter":"(\\.com|.at.ua|\\.clan\\.su|\\.ru|narod\\.ru|3dn\\.ru|\\.net|my1\\.ru|do\\.am|moy\\.su|\\.info|\\.tv|mrcmirgorod\\.com\\.ua|\\.su)\\/\\?[A-Za-z0-9%]{80,}$","resourceTypes":["script"]},"id":7,"priority":10},
{"action":{"type":"block"},"condition":{"initiatorDomains":["ucoz.com","ucoz.net","ucoz.org","ucoz.ru","ucoz.ua"],"regexFilter":"ucoz\\.(net|org|ru|com|ua)\\/[A-Za-z0-9_%]{3,12}\\?[A-Za-z0-9%]{70,100}$","resourceTypes":["script"]},"id":8,"priority":10},
{"action":{"type":"block"},"condition":{"initiatorDomains":["ucoz.com","ucoz.net","ucoz.org","ucoz.ru","ucoz.ua"],"regexFilter":"ucoz\\.(net|org|ru|com|ua)\\/[A-Za-z0-9_%]{3,12}\\/.*\\?[A-Za-z0-9%]{70,100}$","resourceTypes":["script"]},"id":9,"priority":10},
{"action":{"type":"block"},"condition":{"initiatorDomains":["plasma.3dn.ru"],"regexFilter":"\\.s\\/src\\/[a-z0-9]*.js"},"id":10,"priority":10},
{"action":{"type":"block"},"condition":{"initiatorDomains":["u-news.com.ua"],"regexFilter":"u-news.com.ua\\/templates\\/NewsCastleRed_u-news\\/js\\/n\\d+.js"},"id":11,"priority":10},
{"action":{"type":"block"},"condition":{"initiatorDomains":["times.km.ua"],"regexFilter":"\\/(patriot|pryadun|header-ads-bg)\\.(jpg|png)"},"id":12,"priority":10},
{"action":{"type":"block"},"condition":{"initiatorDomains":["vp.donetsk.ua"],"regexFilter":"vp.donetsk.ua\\/images\\/((\\d+\\/\\d+)|(\\d+)|(\\d+\\/Anna))\\/[A-Za-z0-9-_%]+.gif"},"id":13,"priority":10},
{"action":{"type":"block"},"condition":{"initiatorDomains":["hi.dn.ua"],"regexFilter":"hi.dn.ua\\/images\\/[A-Za-z0-9-_]*.(gif|jpg|jpeg)"},"id":14,"priority":10},
{"action":{"type":"block"},"condition":{"initiatorDomains":["kg.ua"],"regexFilter":"\\/images[0-9]?\\/(560h110|[a-z]{4,6}-banner.*)\\.gif"},"id":15,"priority":10},
{"action":{"type":"block"},"condition":{"initiatorDomains":["rivnenews.com.ua"],"regexFilter":"rivnenews.com.ua\\/wp-content\\/uploads\\/.*(_ads\\.|_rekl-|_rekl.).*"},"id":16,"priority":10},
{"action":{"type":"block"},"condition":{"initiatorDomains":["gorodkiev.com.ua"],"regexFilter":"\\/(kupit-telefon-v-harkove-so-sklada-mobileplanet|internet-magazin-zhenskoy-obuvi-v-ukraine|besplatka|kloomba)\\.(gif|jpg)"},"id":17,"priority":10},
{"action":{"type":"block"},"condition":{"initiatorDomains":["usite.pro"],"regexFilter":"usite\\.(pro|org|ru|com|ua)\\/[A-Za-z0-9_%]{3,12}\\/.*\\?[A-Za-z0-9%]{70,100}$","resourceTypes":["script"]},"id":18,"priority":10},
{"action":{"type":"block"},"condition":{"regexFilter":"clan.su\\/\\?[A-Za-z0-9]+%21.+%5E","resourceTypes":["script"]},"id":19,"priority":10},
{"action":{"type":"block"},"condition":{"domainType":"thirdParty","regexFilter":"\\.com\\/jsonp\\.php\\?[A-Za-z0-9]{300,}"},"id":20,"priority":10},
{"action":{"type":"block"},"condition":{"domainType":"thirdParty","regexFilter":"dbp\\/pre","resourceTypes":["script"]},"id":21,"priority":10}
]
